month_date_yyyymm,cbsa_code,cbsa_title,HouseholdRank,median_listing_price,median_listing_price_mm,median_listing_price_yy,active_listing_count,active_listing_count_mm,active_listing_count_yy,median_days_on_market,median_days_on_market_mm,median_days_on_market_yy,new_listing_count,new_listing_count_mm,new_listing_count_yy,price_increased_count,price_increased_count_mm,price_increased_count_yy,price_increased_share,price_increased_share_mm,price_increased_share_yy,price_reduced_count,price_reduced_count_mm,price_reduced_count_yy,price_reduced_share,price_reduced_share_mm,price_reduced_share_yy,pending_listing_count,pending_listing_count_mm,pending_listing_count_yy,median_listing_price_per_square_foot,median_listing_price_per_square_foot_mm,median_listing_price_per_square_foot_yy,median_square_feet,median_square_feet_mm,median_square_feet_yy,average_listing_price,average_listing_price_mm,average_listing_price_yy,total_listing_count,total_listing_count_mm,total_listing_count_yy,pending_ratio,pending_ratio_mm,pending_ratio_yy,quality_flag
202606,19100,"Dallas-Fort Worth-Arlington, TX",4,439990.0,0.0092,0.0,29628,0.0584,-0.0442,51.0,0.0625,0.02,11422,-0.0379,-0.0648,422,0.1467,-0.0409,0.008,0.0007,-0.0001,14172.0,0.1518,-0.1461,0.2683,0.0282,-0.0372,11780.0,-0.0328,0.065,202.0,-0.0028,-0.0199,2234.0,0.0104,0.015,637580.0,-0.0079,-0.0009,41341,0.0281,-0.0185,0.3976,-0.0375,0.0408,0.0
202606,26420,"Houston-Pasadena-The Woodlands, TX",5,362265.0,0.0063,-0.0338,34721,0.0251,0.0145,50.0,0.0102,0.0879,11388,0.0599,-0.0052,824,-0.1727,-0.2884,0.0143,-0.0038,-0.0058,11614.0,0.1494,-0.136,0.2009,0.0174,-0.037,11367.0,0.0023,0.003,172.0,-0.004,-0.0245,2143.0,0.0059,0.0092,494591.0,-0.0016,-0.0208,46172,0.0166,0.0125,0.3274,-0.0074,-0.0038,0.0
202606,19740,"Denver-Aurora-Centennial, CO",18,589000.0,0.0,-0.0343,12572,0.0965,-0.0494,48.0,0.1163,0.0667,5392,-0.0824,-0.0135,154,0.1324,-0.0253,0.0069,0.001,-0.0001,6492.0,0.1744,-0.1536,0.2901,0.035,-0.0464,4362.0,-0.0654,-0.0071,286.0,-0.0113,-0.0349,2055.0,0.0195,-0.0368,772328.0,-0.0116,-0.0334,16942,0.0506,-0.0362,0.347,-0.0601,0.0148,0.0
202606,41700,"San Antonio-New Braunfels, TX",25,325000.0,0.0,-0.0449,14140,0.0499,0.05,61.0,0.0702,-0.0081,4216,-0.0321,0.0446,434,-0.0726,0.3395,0.0189,-0.0017,0.0041,6358.0,0.0675,0.1034,0.2757,0.0121,0.0089,4748.0,-0.0176,0.132,173.0,0.0013,-0.0487,1949.0,0.0015,-0.0033,449751.0,-0.0058,-0.0388,18886,0.0397,0.0683,0.3358,-0.0231,0.0243,0.0
202606,12420,"Austin-Round Rock-San Marcos, TX",26,473500.0,-0.0032,-0.098,12456,0.0403,-0.0495,63.0,0.1161,0.087,3926,-0.0387,0.0026,268,0.3137,0.7403,0.013,0.0031,0.0056,5706.0,0.0653,-0.1655,0.2762,0.0079,-0.0504,4175.0,-0.0441,0.069,237.0,-0.0108,-0.082,2042.0,0.0012,-0.0161,726864.0,-0.0142,-0.0826,16615,0.0182,-0.0207,0.3351,-0.0296,0.0372,0.0
202606,21340,"El Paso, TX",76,309725.0,-0.0009,0.0327,2611,0.039,-0.1333,65.0,0.0,0.0744,992,0.1222,-0.0275,96,-0.4419,-0.25,0.0198,-0.017,-0.0044,546.0,0.1098,-0.102,0.1114,0.0087,-0.0052,1327.0,-0.0367,0.0196,171.0,-0.0019,0.0238,1865.0,-0.0075,0.0107,367816.0,0.0028,0.0785,3932,0.0114,-0.086,0.508,-0.0399,0.0762,0.0
202606,17820,"Colorado Springs, CO",81,497000.0,-0.002,-0.035,4021,0.1357,0.0824,50.0,0.087,0.1628,1836,0.1007,0.0291,56,0.4,-0.3171,0.0076,0.0018,-0.0042,2058.0,0.1773,-0.0209,0.2775,0.0235,-0.0241,1618.0,-0.0612,0.0316,238.0,-0.0024,0.0254,2155.0,0.0127,-0.0649,620050.0,0.0142,-0.0315,5616,0.0677,0.0692,0.4023,-0.0844,-0.0198,0.0
202606,32580,"McAllen-Edinburg-Mission, TX",84,260000.0,0.0,-0.0544,3384,0.0117,0.0978,79.0,0.0676,0.0822,648,-0.0061,-0.0122,22,-0.45,0.1,0.0048,-0.0039,0.0001,648.0,0.1329,-0.0526,0.1415,0.0134,-0.0181,607.0,0.0439,0.1139,159.0,-0.0014,-0.004,1679.0,0.0045,-0.0246,315815.0,0.0025,-0.0227,3987,0.0162,0.1011,0.1792,0.0055,0.0026,0.0
202605,19100,"Dallas-Fort Worth-Arlington, TX",4,435999.0,0.014,-0.0091,27994,0.0569,-0.0375,48.0,0.0549,0.0667,11872,-0.0216,-0.0392,368,-0.2333,-0.156,0.0072,-0.0021,-0.0009,12304.0,0.0854,-0.1453,0.2401,0.019,-0.03,12180.0,0.0411,0.0465,203.0,0.0011,-0.0187,2211.0,0.014,0.011,642677.0,0.0055,0.0064,40211,0.0533,-0.0127,0.4351,-0.0066,0.0349,0.0
202605,26420,"Houston-Pasadena-The Woodlands, TX",5,360000.0,0.0003,-0.0336,33872,0.0364,0.0355,49.0,0.0208,0.1136,10744,-0.0711,-0.133,996,-0.1502,-0.1942,0.0181,-0.0028,-0.0035,10104.0,-0.0131,-0.0881,0.1836,0.0019,-0.0151,11340.0,0.0015,-0.0365,173.0,-0.0008,-0.0245,2130.0,0.0098,0.0124,495401.0,0.0022,-0.0172,45418,0.0326,0.0206,0.3348,-0.0117,-0.025,0.0
202605,19740,"Denver-Aurora-Centennial, CO",18,589000.0,0.0034,-0.0183,11465,0.1026,-0.072,43.0,0.1026,0.1316,5876,0.0374,-0.0259,136,-0.1053,0.0303,0.0058,-0.0014,-0.0001,5528.0,0.0797,-0.1516,0.2551,0.0116,-0.0388,4667.0,0.0102,0.0469,290.0,-0.0112,-0.0352,2016.0,0.0133,-0.0284,781414.0,-0.0054,-0.0231,16126,0.0744,-0.0432,0.4071,-0.0372,0.0462,0.0
202605,41700,"San Antonio-New Braunfels, TX",25,325000.0,0.0009,-0.0441,13467,0.0336,0.0575,57.0,0.0755,-0.0172,4356,-0.0632,-0.0171,468,0.2649,-0.041,0.0206,0.004,-0.002,5956.0,0.0681,0.1306,0.2636,0.0142,0.0145,4833.0,0.0706,0.0937,173.0,0.005,-0.0514,1946.0,0.0075,-0.0021,452375.0,0.0055,-0.0378,18165,0.0373,0.0559,0.3589,0.0124,0.0119,0.0
202605,12420,"Austin-Round Rock-San Marcos, TX",26,475000.0,0.0,-0.0952,11974,0.0836,-0.044,56.0,0.1089,0.2174,4084,-0.0676,-0.1325,204,-0.157,0.275,0.0099,-0.0022,0.0023,5356.0,0.1454,-0.1115,0.2683,0.0326,-0.0237,4367.0,0.0335,0.0513,240.0,-0.0055,-0.0833,2040.0,0.0102,-0.0143,737300.0,-0.0098,-0.0849,16318,0.0705,-0.0201,0.3647,-0.0177,0.0331,0.0
202605,21340,"El Paso, TX",76,310000.0,0.0099,0.0403,2513,-0.0379,-0.1161,65.0,0.1818,0.0833,884,-0.083,-0.0943,172,1.0,1.5294,0.0369,0.0193,0.0232,492.0,-0.0428,-0.18,0.1027,-0.0033,-0.0149,1377.0,0.0253,0.0568,172.0,0.0057,0.0296,1879.0,0.0075,0.0245,366789.0,0.0228,0.0844,3887,-0.0146,-0.0685,0.548,0.0338,0.0896,0.0
202605,17820,"Colorado Springs, CO",81,498000.0,-0.001,-0.033,3540,0.0784,0.1031,46.0,0.0698,0.2105,1668,-0.0325,-0.0302,40,-0.3939,0.25,0.0058,-0.0039,0.0011,1748.0,0.144,0.0331,0.254,0.0272,0.0002,1723.0,0.0373,0.0367,239.0,-0.0074,0.0233,2128.0,-0.0095,-0.0782,611353.0,-0.0059,-0.0567,5260,0.0687,0.0832,0.4867,-0.0193,-0.0312,0.0
202605,32580,"McAllen-Edinburg-Mission, TX",84,260000.0,0.0002,-0.0542,3345,-0.0127,0.1025,74.0,0.0207,0.0423,652,0.0093,0.0449,40,0.6667,1.0,0.0087,0.0036,0.0039,572.0,-0.037,-0.1173,0.1281,-0.0009,-0.0274,581.0,-0.0077,0.0283,159.0,0.0039,-0.0045,1671.0,0.0,-0.031,315026.0,0.0089,-0.0293,3923,-0.0091,0.0946,0.1737,0.0009,-0.0125,0.0
202604,19100,"Dallas-Fort Worth-Arlington, TX",4,430000.0,0.0238,0.0,26487,0.0766,0.0006,46.0,-0.0421,0.0581,12134,0.0327,-0.0594,480,0.1823,-0.0734,0.0094,0.0006,-0.001,11336.0,0.1441,-0.1201,0.2211,0.0085,-0.0369,11700.0,0.0678,0.055,203.0,0.0083,-0.0177,2181.0,0.0187,0.0111,639175.0,0.0343,0.0132,38176,0.0739,0.0165,0.4417,-0.0036,0.0228,0.0
202604,26420,"Houston-Pasadena-The Woodlands, TX",5,359897.0,0.0268,-0.027,32681,0.0372,0.0686,48.0,-0.0303,0.1034,11566,0.0241,-0.0354,1172,0.0578,-0.0757,0.0209,0.0003,-0.0025,10238.0,0.0985,-0.0049,0.1817,0.007,-0.0099,11323.0,0.0899,-0.0112,173.0,0.0075,-0.0233,2109.0,0.0153,0.0121,494293.0,0.02,-0.0097,43984,0.0501,0.047,0.3465,0.0168,-0.028,0.0
202604,19740,"Denver-Aurora-Centennial, CO",18,587000.0,0.0209,-0.0208,10399,0.1373,0.0052,39.0,0.0263,0.0986,5664,0.0439,-0.1265,152,0.1875,-0.1648,0.0072,0.0006,-0.0012,5120.0,0.3108,-0.1058,0.2435,0.0365,-0.0281,4620.0,0.0314,0.0162,293.0,0.0016,-0.032,1990.0,0.0138,-0.0161,785654.0,0.0107,-0.0075,15010,0.1025,0.0049,0.4443,-0.0456,0.0048,0.0
202604,41700,"San Antonio-New Braunfels, TX",25,324700.0,0.0023,-0.0449,13029,0.041,0.0948,53.0,-0.124,-0.0783,4650,0.0497,0.0734,370,-0.451,-0.1019,0.0166,-0.0153,-0.0032,5576.0,0.0994,0.0702,0.2495,0.0109,-0.0067,4515.0,0.0624,-0.0104,172.0,-0.006,-0.0584,1932.0,0.0063,-0.0082,449893.0,0.0053,-0.0418,17512,0.0472,0.0651,0.3465,0.007,-0.0368,0.0
202604,12420,"Austin-Round Rock-San Marcos, TX",26,475000.0,0.0128,-0.0952,11051,0.103,-0.002,51.0,-0.0472,0.1609,4380,0.0032,-0.1347,242,-0.2293,0.407,0.0121,-0.0053,0.0036,4676.0,0.2183,-0.0777,0.2357,0.0226,-0.0229,4226.0,0.0801,0.0503,241.0,0.0007,-0.0771,2019.0,0.011,-0.0213,744608.0,0.0008,-0.0829,15244,0.0974,0.0113,0.3824,-0.0081,0.019,0.0
202604,21340,"El Paso, TX",76,306950.0,0.0085,0.0337,2612,-0.01,-0.0304,55.0,-0.0265,-0.0678,964,-0.2922,0.0105,86,-0.5426,-0.5567,0.0175,-0.0182,-0.0218,514.0,-0.0115,-0.0481,0.106,0.0073,0.0014,1343.0,0.0826,0.0128,171.0,0.0025,0.0209,1865.0,0.0097,0.0143,358616.0,0.0192,0.0571,3945,0.0113,-0.0158,0.5142,0.044,0.022,0.0
202604,17820,"Colorado Springs, CO",81,498500.0,0.004,-0.0129,3283,0.1008,0.1842,43.0,-0.0227,0.1316,1724,0.0642,-0.0126,66,0.0313,0.1379,0.0098,-0.0006,0.0002,1528.0,0.2628,0.1611,0.2268,0.0291,0.0104,1661.0,0.0849,0.019,240.0,0.0137,0.032,2149.0,-0.0046,-0.0482,614963.0,0.0023,-0.0512,4922,0.0956,0.1207,0.506,-0.0074,-0.082,0.0
202604,32580,"McAllen-Edinburg-Mission, TX",84,259950.0,0.0037,-0.0434,3388,-0.0157,0.132,73.0,0.0432,0.1069,646,-0.134,-0.1003,24,0.0,-0.0769,0.0051,0.0,-0.0011,594.0,-0.1466,-0.0166,0.129,-0.0177,-0.0153,586.0,0.0077,0.1281,158.0,0.0056,-0.0087,1671.0,0.0018,-0.0302,312241.0,0.0068,-0.0351,3959,-0.016,0.1292,0.1728,0.004,-0.0006,0.0
202603,19100,"Dallas-Fort Worth-Arlington, TX",4,420000.0,0.0219,-0.0083,24603,0.0597,0.0392,48.0,-0.1667,0.0556,11750,0.171,-0.0083,406,-0.0688,-0.024,0.0087,-0.0015,-0.0005,9908.0,0.0984,-0.0688,0.2127,0.0021,-0.0211,10957.0,0.1739,0.09,201.0,0.0057,-0.0186,2141.0,0.0104,0.0135,617953.0,0.0155,0.0066,35549,0.0924,0.0543,0.4453,0.0433,0.0208,0.0
202603,26420,"Houston-Pasadena-The Woodlands, TX",5,350500.0,0.0014,-0.0397,31510,0.0343,0.1133,50.0,-0.0833,0.1,11294,0.1447,0.0034,1108,0.0695,0.0695,0.0206,-0.0005,-0.0003,9320.0,0.0231,0.0365,0.1747,-0.0093,-0.0066,10389.0,0.1398,0.0263,172.0,0.0061,-0.0266,2078.0,0.0051,0.0051,484593.0,0.0111,-0.0181,41887,0.0587,0.0906,0.3297,0.0305,-0.028,0.0
202603,19740,"Denver-Aurora-Centennial, CO",18,575000.0,0.0177,-0.0171,9144,0.1189,0.0766,38.0,0.0,0.0857,5426,0.1394,-0.0734,128,0.2549,0.0323,0.0066,0.0004,-0.0003,3906.0,0.2608,-0.1509,0.207,0.0223,-0.0367,4480.0,0.167,0.099,292.0,0.0042,-0.0309,1963.0,0.0155,-0.0098,777359.0,0.021,-0.0029,13614,0.134,0.0835,0.4899,0.0202,0.01,0.0
202603,41700,"San Antonio-New Braunfels, TX",25,323950.0,0.0124,-0.033,12516,0.0223,0.1117,61.0,-0.2293,0.0083,4430,0.2592,0.0508,674,0.1196,0.685,0.0319,0.0012,0.0107,5072.0,0.1649,0.0549,0.2385,0.0119,-0.0121,4250.0,0.1287,0.0709,173.0,0.0014,-0.0465,1920.0,0.0044,-0.0054,447528.0,0.0166,-0.0216,16723,0.0488,0.1021,0.3395,0.032,-0.0129,0.0
202603,12420,"Austin-Round Rock-San Marcos, TX",26,469000.0,0.0308,-0.0804,10019,0.1041,0.0855,53.0,-0.298,0.2045,4366,0.2361,-0.0687,314,0.1716,0.6354,0.0175,0.0006,0.0067,3838.0,0.2009,0.01,0.2131,0.0126,-0.0091,3912.0,0.1601,0.0933,241.0,0.0191,-0.071,1997.0,0.0119,-0.0199,743992.0,0.0247,-0.0706,13891,0.1197,0.0874,0.3905,0.0189,0.0028,0.0
202603,21340,"El Paso, TX",76,304350.0,-0.0021,0.0319,2639,0.0123,-0.0303,57.0,-0.3067,0.066,1362,0.3675,0.3096,188,0.4688,0.7407,0.0357,0.0096,0.0145,520.0,0.1927,-0.037,0.0988,0.0062,-0.0095,1241.0,0.0839,-0.0225,170.0,0.0046,0.0181,1847.0,-0.0046,0.0079,351862.0,0.0003,0.0442,3901,0.0412,-0.0224,0.4702,0.0311,0.0038,0.0
202603,17820,"Colorado Springs, CO",81,496500.0,0.0166,-0.0068,2982,0.0802,0.2409,44.0,-0.1776,0.0,1620,0.2254,0.1408,64,0.4545,1.2857,0.0104,0.0022,0.0051,1210.0,0.1816,0.1204,0.1977,0.0057,-0.0062,1531.0,0.1629,0.0858,237.0,-0.0003,0.0256,2159.0,0.0296,-0.0308,613537.0,0.0193,-0.057,4493,0.1044,0.1822,0.5134,0.0365,-0.0734,0.0
202603,32580,"McAllen-Edinburg-Mission, TX",84,259000.0,0.0049,-0.0407,3442,0.0147,0.1632,70.0,-0.1203,0.053,746,0.1134,0.078,24,0.2,0.0,0.0051,0.0008,-0.0007,696.0,-0.044,0.1226,0.1467,-0.012,-0.0046,581.0,0.1109,0.169,157.0,0.002,-0.0185,1668.0,0.003,-0.0246,310121.0,-0.001,-0.0374,4024,0.0281,0.1649,0.1688,0.0146,0.0008,0.0
202602,19100,"Dallas-Fort Worth-Arlington, TX",4,411000.0,0.0148,-0.0119,23216,0.0198,0.0653,57.0,-0.2083,0.0179,10034,0.4093,0.0902,436,0.3797,0.0093,0.0103,0.002,-0.0005,9020.0,0.471,0.0108,0.2106,0.0467,-0.0096,9334.0,0.2292,0.014,200.0,0.0043,-0.0181,2119.0,0.005,0.0088,608519.0,0.015,0.0225,32543,0.0657,0.0497,0.402,0.0685,-0.0203,0.0
202602,26420,"Houston-Pasadena-The Woodlands, TX",5,350000.0,0.0003,-0.0223,30464,0.0263,0.1429,54.0,-0.1818,0.0093,9866,0.1424,0.0171,1036,-0.1672,-0.2199,0.021,-0.0055,-0.0088,9110.0,0.286,0.1453,0.184,0.032,0.0076,9115.0,0.2177,0.0199,171.0,0.0017,-0.024,2067.0,0.0005,0.0098,479252.0,0.0057,-0.0094,39566,0.0612,0.1123,0.2992,0.047,-0.0361,0.0
202602,19740,"Denver-Aurora-Centennial, CO",18,565000.0,0.0273,-0.0131,8172,0.1317,0.1587,38.0,-0.4722,-0.1364,4762,0.1581,0.0872,102,0.3421,-0.1356,0.0062,0.001,-0.0017,3098.0,0.1208,-0.0426,0.1847,-0.0026,-0.0439,3839.0,0.4382,0.1057,291.0,0.0146,-0.0302,1933.0,0.0013,-0.0113,761361.0,0.0254,-0.0109,12005,0.2142,0.1412,0.4697,0.1001,-0.0225,0.0
202602,41700,"San Antonio-New Braunfels, TX",25,319990.0,0.0,-0.0214,12243,0.0123,0.1526,79.0,-0.0765,0.0397,3518,0.0508,-0.026,602,0.4333,0.6538,0.0308,0.0085,0.0105,4354.0,0.0973,-0.0255,0.2266,0.0134,-0.0201,3765.0,0.1733,0.0625,173.0,0.002,-0.0408,1911.0,0.0005,0.0091,440226.0,0.0025,-0.0196,15944,0.0435,0.1288,0.3075,0.0422,-0.0261,0.0
202602,12420,"Austin-Round Rock-San Marcos, TX",26,455000.0,0.0,-0.0882,9074,0.0749,0.148,76.0,-0.1703,0.1527,3532,0.2096,0.0834,268,0.4255,0.5056,0.0169,0.0035,0.0045,3196.0,0.3272,0.1238,0.2005,0.0345,-0.0016,3372.0,0.2434,0.0816,236.0,0.001,-0.064,1974.0,0.0038,-0.0216,726070.0,0.0151,-0.0701,12406,0.1113,0.1285,0.3716,0.0504,-0.0228,0.0
202602,21340,"El Paso, TX",76,305000.0,0.0168,0.0465,2607,-0.0238,-0.0072,82.0,-0.0994,0.2164,996,0.1475,-0.0532,128,0.1034,-0.0725,0.0261,0.0004,-0.0025,436.0,0.0093,-0.1774,0.0926,-0.0073,-0.017,1145.0,0.1872,-0.0478,170.0,0.0019,0.0154,1856.0,0.0079,0.0141,351758.0,0.0021,0.0373,3746,0.03,-0.0213,0.4391,0.078,-0.0187,0.0
202602,17820,"Colorado Springs, CO",81,488410.0,0.0282,0.0175,2761,0.0217,0.2097,54.0,-0.3097,-0.0855,1322,0.2332,0.2472,44,0.2222,0.0476,0.0082,-0.0006,-0.0009,1024.0,-0.0448,0.0119,0.1921,-0.0304,-0.0279,1317.0,0.3642,0.0734,237.0,0.0058,0.0276,2097.0,0.0247,-0.0319,601907.0,0.0247,-0.0544,4068,0.1045,0.1634,0.4769,0.1198,-0.0606,0.0
202602,32580,"McAllen-Edinburg-Mission, TX",84,257725.0,-0.0084,-0.0507,3392,0.0383,0.1842,79.0,-0.0366,0.0194,670,-0.059,-0.0563,20,0.25,0.1111,0.0044,0.0003,-0.0002,728.0,0.2381,0.1818,0.1588,0.0303,0.0061,523.0,0.0673,0.2291,157.0,-0.006,-0.0247,1663.0,-0.0078,-0.0283,310427.0,-0.0141,-0.0411,3914,0.0411,0.1913,0.1542,0.0042,0.0056,0.0
202601,19100,"Dallas-Fort Worth-Arlington, TX",4,405000.0,-0.0182,-0.0253,22766,-0.097,0.0628,72.0,0.0141,0.0435,7120,0.1958,-0.1643,316,-0.2139,-0.3629,0.0083,-0.0014,-0.0052,6132.0,-0.1232,-0.2173,0.1639,-0.013,-0.045,7593.0,-0.0749,0.0171,199.0,-0.0025,-0.0184,2108.0,-0.0093,0.0038,599523.0,-0.0206,0.0141,30537,-0.086,0.0632,0.3335,0.008,-0.015,0.0
202601,26420,"Houston-Pasadena-The Woodlands, TX",5,349900.0,-0.0003,-0.0253,29683,-0.0532,0.147,66.0,0.0313,0.0732,8636,0.2901,0.0664,1244,0.1648,0.0743,0.0266,0.0037,-0.001,7084.0,0.0882,0.036,0.1519,0.0125,-0.0142,7485.0,-0.0896,-0.0218,170.0,-0.0013,-0.0231,2066.0,-0.0052,0.0078,476551.0,-0.0076,-0.013,37282,-0.0577,0.1123,0.2522,-0.0101,-0.0435,0.0
202601,19740,"Denver-Aurora-Centennial, CO",18,550000.0,-0.0135,-0.035,7221,-0.1131,0.1114,72.0,-0.0828,0.0,4112,1.745,0.0989,76,-0.0952,-0.5422,0.0052,-0.002,-0.0076,2764.0,0.31,0.207,0.1873,0.0196,0.0075,2669.0,-0.0535,0.0197,287.0,0.0037,-0.038,1930.0,-0.0132,-0.0103,742523.0,0.0045,-0.017,9887,-0.0974,0.0855,0.3696,0.0233,-0.0333,0.0
202601,41700,"San Antonio-New Braunfels, TX",25,319990.0,-0.0008,-0.0154,12094,-0.0363,0.1449,85.0,0.0897,0.0897,3348,0.4736,0.0582,420,0.0881,0.2353,0.0223,0.0018,0.002,3968.0,0.188,0.1228,0.2132,0.0337,0.0046,3209.0,-0.0935,0.0738,172.0,-0.0035,-0.041,1910.0,-0.0065,0.0079,439124.0,-0.0032,-0.0118,15279,-0.0503,0.1273,0.2653,-0.0168,-0.0176,0.0
202601,12420,"Austin-Round Rock-San Marcos, TX",26,455000.0,-0.0152,-0.0802,8442,-0.0944,0.1274,91.0,0.0341,0.1166,2920,0.7936,0.0649,188,0.403,-0.4051,0.0134,0.0039,-0.0124,2408.0,-0.0211,-0.0816,0.166,-0.0111,-0.0316,2712.0,-0.066,-0.0362,236.0,-0.0059,-0.0613,1966.0,-0.0128,-0.0236,715301.0,-0.0046,-0.0648,11163,-0.0855,0.0858,0.3213,0.0098,-0.0546,0.0
202601,21340,"El Paso, TX",76,299950.0,0.0,0.0204,2670,-0.0585,0.0887,91.0,0.0343,0.1138,868,0.3395,-0.0626,116,0.7576,-0.4679,0.0257,0.0111,-0.0261,432.0,0.0435,-0.0226,0.0999,0.0094,-0.0008,964.0,-0.0793,-0.0446,169.0,0.0075,0.0182,1841.0,0.0003,0.0019,351012.0,0.0118,0.0297,3637,-0.0634,0.0509,0.361,-0.0081,-0.0504,0.0
202601,17820,"Colorado Springs, CO",81,475000.0,-0.0016,-0.0101,2702,-0.1193,0.1791,78.0,-0.019,0.0839,1072,0.5314,-0.0092,36,-0.3333,-0.25,0.0087,-0.0023,-0.0029,1072.0,0.3267,0.3202,0.2225,0.0533,0.033,965.0,-0.046,0.0416,236.0,0.0149,0.0256,2046.0,-0.0225,-0.0563,587383.0,0.0012,-0.062,3683,-0.0939,0.1454,0.3571,0.0274,-0.0472,0.0
202601,32580,"McAllen-Edinburg-Mission, TX",84,259900.0,-0.008,-0.0374,3267,-0.0011,0.1998,82.0,0.0,0.025,712,0.3798,0.215,16,-0.2,-0.4286,0.0041,-0.0006,-0.0034,588.0,0.2353,0.3243,0.1284,0.017,0.0096,490.0,0.001,0.2374,158.0,-0.0021,-0.0179,1676.0,-0.008,-0.0236,314881.0,-0.0154,-0.0284,3759,0.0017,0.2085,0.15,0.0003,0.0046,0.0
202512,19100,"Dallas-Fort Worth-Arlington, TX",4,412500.0,-0.0179,-0.0236,25211,-0.1154,0.1085,71.0,0.1094,0.0798,5954,-0.2642,-0.0513,402,-0.0429,0.0308,0.0097,0.0006,-0.0008,6994.0,-0.3832,0.0803,0.1769,-0.0686,0.003,8208.0,-0.1091,0.0146,200.0,-0.0048,-0.0185,2128.0,-0.0122,0.0053,612147.0,-0.015,0.0197,33411,-0.1136,0.0838,0.3256,0.0023,-0.0301,0.0
202512,26420,"Houston-Pasadena-The Woodlands, TX",5,350000.0,-0.0141,-0.0291,31350,-0.0713,0.171,64.0,0.1228,0.0847,6694,-0.2057,-0.0551,1068,-0.0074,-0.0648,0.0229,0.0019,-0.0038,6510.0,-0.3305,0.122,0.1394,-0.0493,0.0032,8222.0,-0.0606,-0.0549,170.0,-0.0032,-0.0209,2077.0,-0.0078,0.0028,480216.0,-0.0062,-0.0125,39563,-0.069,0.116,0.2623,0.003,-0.0627,0.0
202512,19740,"Denver-Aurora-Centennial, CO",18,557500.0,-0.0371,-0.0344,8142,-0.2402,0.1596,79.0,0.2077,0.0644,1498,-0.4973,-0.0567,84,-0.087,-0.3,0.0072,0.0015,-0.0041,2110.0,-0.5261,-0.2496,0.1678,-0.089,-0.0677,2820.0,-0.2138,-0.0805,286.0,-0.0004,-0.0326,1956.0,-0.046,-0.0157,739211.0,-0.0341,-0.0355,10954,-0.2369,0.0863,0.3464,0.0116,-0.0904,0.0
202512,41700,"San Antonio-New Braunfels, TX",25,320245.0,-0.0143,-0.0294,12549,-0.0566,0.1388,78.0,0.0986,0.047,2272,-0.2386,-0.1446,386,-0.2218,0.1092,0.0204,-0.0043,-0.0001,3340.0,-0.3161,0.1231,0.1795,-0.0679,0.0044,3540.0,-0.009,0.1359,173.0,-0.0027,-0.0379,1923.0,-0.0054,0.0046,440542.0,-0.0074,-0.0158,16088,-0.0421,0.137,0.2821,0.0136,-0.0007,0.0
202512,12420,"Austin-Round Rock-San Marcos, TX",26,462000.0,-0.0355,-0.0732,9322,-0.1208,0.1288,88.0,0.0864,0.1,1628,-0.2732,-0.0012,134,-0.1184,-0.2947,0.0094,-0.0001,-0.0052,2460.0,-0.3844,0.1748,0.1771,-0.0725,0.0173,2904.0,-0.0806,-0.0784,237.0,-0.0238,-0.0605,1992.0,-0.0102,-0.0136,718640.0,-0.0323,-0.0679,12207,-0.1133,0.072,0.3115,0.0136,-0.07,0.0
202512,21340,"El Paso, TX",76,299950.0,0.0002,0.0204,2836,-0.0572,0.1059,88.0,0.0802,0.1589,648,-0.0743,0.08,66,0.0313,-0.5075,0.0146,0.0012,-0.0167,414.0,-0.2333,0.1695,0.0905,-0.0232,0.0087,1047.0,-0.0323,-0.0109,168.0,0.0037,0.0126,1841.0,0.0041,-0.0003,346912.0,0.0045,0.0108,3883,-0.0492,0.0722,0.3692,0.0095,-0.0436,0.0
202512,17820,"Colorado Springs, CO",81,475750.0,-0.018,-0.0043,3068,-0.1539,0.2189,79.0,0.0972,0.0972,700,-0.2188,0.087,54,0.35,0.9286,0.011,0.0038,0.0043,808.0,-0.467,0.1576,0.1692,-0.0949,0.0012,1012.0,-0.0953,0.0433,232.0,0.0155,0.014,2093.0,-0.0386,-0.0403,586683.0,-0.0132,-0.0715,4065,-0.1402,0.169,0.3297,0.0214,-0.0555,0.0
202512,32580,"McAllen-Edinburg-Mission, TX",84,262000.0,-0.0113,-0.0296,3271,-0.019,0.1712,82.0,0.0581,0.0581,516,-0.1284,0.1266,20,-0.1667,1.0,0.0047,-0.0006,0.0019,476.0,-0.1793,0.2593,0.1115,-0.0201,0.009,490.0,-0.0288,0.1189,158.0,-0.0004,-0.0157,1690.0,-0.0068,-0.0154,319805.0,-0.0067,-0.0117,3753,-0.0164,0.1641,0.1497,-0.0015,-0.007,0.0
202511,19100,"Dallas-Fort Worth-Arlington, TX",4,420000.0,-0.0118,-0.0187,28500,-0.0321,0.1179,64.0,0.0,0.1034,8092,-0.0871,0.012,420,-0.0625,0.1053,0.0091,-0.0003,-0.0004,11340.0,-0.1528,0.1228,0.2455,-0.0358,0.0125,9213.0,-0.0016,-0.0454,201.0,-0.0058,-0.021,2154.0,-0.0053,0.0061,621483.0,0.0008,0.0188,37691,-0.0246,0.0734,0.3233,0.0099,-0.0553,0.0
202511,26420,"Houston-Pasadena-The Woodlands, TX",5,354999.0,-0.0084,-0.0274,33757,-0.0054,0.215,57.0,0.0088,0.0755,8428,-0.1125,0.0288,1076,-0.1799,0.0346,0.021,-0.0037,-0.0014,9724.0,-0.0929,0.2448,0.1888,-0.0133,0.016,8752.0,-0.0879,-0.0875,171.0,-0.0027,-0.0199,2093.0,-0.0019,0.0053,483204.0,-0.0103,-0.0192,42493,-0.0239,0.1395,0.2593,-0.0234,-0.0859,0.0
202511,19740,"Denver-Aurora-Centennial, CO",18,579000.0,-0.0261,-0.0251,10716,-0.1107,0.146,65.0,0.04,0.1017,2980,-0.1708,0.1186,92,-0.3611,-0.2813,0.0057,-0.0017,-0.0025,4452.0,-0.267,0.2204,0.2568,-0.057,0.0202,3587.0,-0.0254,-0.0165,286.0,-0.0035,-0.0313,2050.0,-0.0303,-0.0044,765324.0,-0.0164,-0.0177,14355,-0.0872,0.105,0.3347,0.0293,-0.0553,0.0
202511,41700,"San Antonio-New Braunfels, TX",25,324900.0,-0.0107,-0.0155,13302,-0.0119,0.1521,71.0,-0.034,0.0,2984,-0.283,-0.0261,496,-0.0462,1.0667,0.0247,0.001,0.0116,4884.0,-0.1404,0.1651,0.2474,-0.0178,0.0192,3572.0,0.0089,-0.0568,173.0,-0.0123,-0.037,1933.0,0.0003,0.0042,443813.0,-0.0194,-0.0191,16795,-0.013,0.0976,0.2685,0.0055,-0.0595,0.0
202511,12420,"Austin-Round Rock-San Marcos, TX",26,479000.0,-0.0221,-0.042,10602,-0.0768,0.0812,81.0,0.0189,0.0519,2240,-0.2355,0.0566,152,-0.1828,-0.2692,0.0095,-0.001,-0.0038,3996.0,-0.1403,0.093,0.2497,-0.0191,0.0164,3158.0,0.0077,-0.0817,243.0,-0.0139,-0.0444,2012.0,-0.0084,-0.0128,742650.0,-0.0127,-0.044,13766,-0.0542,0.0426,0.2979,0.025,-0.0528,0.0
202511,21340,"El Paso, TX",76,299900.0,0.0107,0.0167,3008,-0.0022,0.1161,81.0,0.102,0.2656,700,-0.1463,-0.1026,64,-0.1351,-0.1111,0.0134,-0.0014,-0.0013,540.0,-0.0816,0.125,0.1137,-0.0039,0.0116,1082.0,-0.068,-0.1274,167.0,0.0029,0.0097,1833.0,0.003,-0.0052,345346.0,0.0137,0.005,4084,-0.0233,0.0416,0.3597,-0.0254,-0.1004,0.0
202511,17820,"Colorado Springs, CO",81,484450.0,-0.0162,-0.0111,3626,-0.049,0.2131,72.0,0.0667,0.1429,896,-0.2099,0.1667,40,-0.1667,-0.2857,0.0072,-0.0006,-0.004,1516.0,-0.2112,0.3392,0.2641,-0.0481,0.0514,1118.0,-0.0737,-0.0295,229.0,0.0132,-0.0079,2177.0,-0.038,-0.029,594519.0,-0.0196,-0.0735,4727,-0.0539,0.1459,0.3083,-0.0082,-0.0771,0.0
202511,32580,"McAllen-Edinburg-Mission, TX",84,265000.0,-0.0149,-0.0185,3334,0.0146,0.1903,78.0,0.0544,0.0839,592,-0.0662,0.0207,24,0.0909,0.5,0.0053,0.0003,0.0011,580.0,-0.1212,0.381,0.1316,-0.0191,0.0233,504.0,0.0328,0.0307,158.0,-0.0038,-0.0083,1701.0,-0.0047,-0.0142,321970.0,-0.0014,-0.007,3815,0.0109,0.166,0.1512,0.0027,-0.0234,0.0
202510,19100,"Dallas-Fort Worth-Arlington, TX",4,425000.0,0.0,-0.0173,29447,-0.0205,0.1366,64.0,0.0159,0.1327,8864,-0.0227,-0.0346,448,-0.0588,-0.2751,0.0094,-0.0002,-0.0043,13386.0,-0.0004,0.1486,0.2813,0.0078,0.0216,9228.0,-0.0523,-0.0584,202.0,-0.005,-0.0189,2166.0,-0.0016,0.0006,620964.0,0.0103,0.011,38642,-0.029,0.0827,0.3134,-0.0105,-0.0649,0.0
202510,26420,"Houston-Pasadena-The Woodlands, TX",5,358000.0,-0.0054,-0.0252,33941,-0.004,0.2264,57.0,0.018,0.1078,9496,0.1078,0.0424,1312,0.3068,0.4292,0.0247,0.006,0.005,10720.0,0.0444,0.398,0.202,0.0056,0.037,9596.0,-0.038,-0.0105,171.0,-0.0045,-0.0189,2097.0,-0.0043,-0.0012,488223.0,-0.0035,-0.018,43535,-0.0113,0.1657,0.2827,-0.01,-0.0677,0.0
202510,19740,"Denver-Aurora-Centennial, CO",18,594500.0,-0.0083,-0.0157,12050,-0.0376,0.1694,63.0,0.0417,0.2136,3594,-0.1861,-0.0512,144,0.0435,-0.0526,0.0074,0.0009,-0.0009,6074.0,-0.0435,0.1036,0.3138,0.0069,0.0097,3681.0,-0.0528,-0.0833,287.0,-0.0026,-0.0321,2114.0,-0.0094,0.0045,778079.0,-0.0084,-0.0201,15726,-0.041,0.0987,0.3054,-0.0049,-0.0842,0.0
202510,41700,"San Antonio-New Braunfels, TX",25,328400.0,-0.0048,-0.0197,13463,0.0114,0.1846,74.0,0.0068,0.0576,4162,0.2635,0.3966,520,-0.1362,0.6561,0.0238,-0.0059,0.0065,5682.0,0.0312,0.2769,0.2652,-0.0063,0.0203,3541.0,-0.0441,-0.0838,175.0,-0.0053,-0.0313,1933.0,-0.0039,-0.0063,452611.0,-0.0055,-0.0072,17016,0.0017,0.1204,0.263,-0.0153,-0.0771,0.0
202510,12420,"Austin-Round Rock-San Marcos, TX",26,489828.0,-0.0104,-0.0571,11484,-0.0358,0.1097,80.0,0.0063,0.089,2930,0.0259,0.1383,186,0.0333,-0.3758,0.0105,0.0005,-0.0075,4648.0,-0.0697,0.1551,0.2688,-0.0068,0.0265,3134.0,-0.0407,-0.1574,247.0,-0.0079,-0.0506,2029.0,-0.0029,-0.0174,752210.0,-0.0011,-0.0666,14555,-0.0406,0.0376,0.2729,-0.0014,-0.0865,0.0
202510,21340,"El Paso, TX",76,296725.0,-0.0017,0.0042,3015,-0.0092,0.1175,74.0,-0.0068,0.1855,820,-0.0443,-0.0465,74,-0.5256,-0.2292,0.0148,-0.0155,-0.0055,588.0,0.0316,0.0,0.1177,0.0068,-0.0072,1161.0,-0.0519,0.0052,167.0,0.0007,0.0159,1828.0,0.0014,-0.0148,340683.0,0.0001,-0.0145,4182,-0.0208,0.086,0.3851,-0.0173,-0.043,0.0
202510,17820,"Colorado Springs, CO",81,492450.0,-0.0131,-0.0087,3813,-0.0303,0.2253,68.0,0.0465,0.1947,1134,0.0107,0.0035,48,-0.2941,0.2,0.0079,-0.003,0.0006,1922.0,0.001,0.2645,0.3122,0.0121,0.0363,1207.0,-0.0999,-0.0581,226.0,-0.0048,-0.0218,2263.0,-0.0057,0.0049,606376.0,-0.0071,-0.0623,4997,-0.0502,0.1411,0.3165,-0.0245,-0.0952,0.0
202510,32580,"McAllen-Edinburg-Mission, TX",84,269000.0,-0.0035,-0.0151,3286,0.017,0.2284,74.0,0.0208,0.0426,634,-0.0063,0.0497,22,-0.2667,-0.1538,0.005,-0.0019,-0.0019,660.0,0.003,0.1379,0.1507,0.0007,-0.0031,488.0,-0.0081,-0.0298,159.0,-0.0007,0.0021,1709.0,-0.0013,-0.0143,322423.0,-0.0071,-0.0116,3774,0.0182,0.1915,0.1485,-0.0038,-0.0395,0.0
202509,19100,"Dallas-Fort Worth-Arlington, TX",4,425000.0,-0.0116,-0.0319,30064,-0.0274,0.1678,63.0,0.0862,0.1887,9070,-0.058,-0.0228,476,0.0721,0.0917,0.0096,0.0009,-0.0001,13392.0,-0.0677,0.0605,0.2735,-0.0097,-0.0049,9737.0,-0.0414,-0.0213,203.0,-0.003,-0.0135,2169.0,-0.0055,-0.0086,614655.0,-0.0005,-0.0042,39797,-0.0313,0.1152,0.3239,-0.0047,-0.0626,0.0
202509,26420,"Houston-Pasadena-The Woodlands, TX",5,359950.0,-0.0138,-0.0285,34077,-0.0306,0.2529,56.0,0.0882,0.1563,8572,-0.1224,-0.0241,1004,-0.0383,-0.1916,0.0187,-0.0003,-0.0081,10264.0,-0.145,0.1387,0.1964,-0.0231,0.0,9975.0,-0.047,-0.016,172.0,-0.0052,-0.0167,2106.0,-0.0071,-0.0033,489946.0,-0.0016,-0.0257,44033,-0.0343,0.1799,0.2927,-0.0051,-0.08,0.0
202509,19740,"Denver-Aurora-Centennial, CO",18,599450.0,-0.0009,-0.0179,12520,-0.0169,0.2226,60.0,0.0345,0.1881,4416,0.0575,-0.0392,138,-0.1154,-0.1977,0.0066,-0.0009,-0.0025,6350.0,-0.0443,0.2013,0.3069,-0.0073,0.0266,3886.0,-0.0247,-0.0354,288.0,-0.0078,-0.0381,2134.0,-0.0049,0.0028,784657.0,-0.0073,-0.023,16399,-0.0203,0.1498,0.3103,-0.0025,-0.083,0.0
202509,41700,"San Antonio-New Braunfels, TX",25,330000.0,0.0,-0.0291,13311,-0.0352,0.1655,73.0,0.0735,0.0896,3294,-0.0951,-0.0323,602,0.9545,0.5279,0.0296,0.0153,0.0087,5510.0,-0.023,0.1484,0.2716,0.004,0.0171,3704.0,-0.0468,-0.0643,176.0,-0.0025,-0.0313,1940.0,0.001,-0.0088,455114.0,0.0003,-0.0123,16987,-0.0376,0.1073,0.2783,-0.0034,-0.0683,0.0
202509,12420,"Austin-Round Rock-San Marcos, TX",26,495000.0,-0.008,-0.0481,11910,-0.0453,0.1132,79.0,0.0972,0.0972,2856,-0.0138,-0.0781,180,0.0976,-0.1964,0.01,0.0016,-0.0031,4996.0,-0.0721,0.0562,0.2756,-0.0114,0.0125,3267.0,-0.0514,-0.0988,249.0,-0.011,-0.0426,2035.0,-0.0044,-0.0169,753041.0,0.0001,-0.059,15172,-0.0434,0.0603,0.2743,-0.0018,-0.0645,0.0
202509,21340,"El Paso, TX",76,297225.0,-0.0059,-0.0045,3043,-0.0054,0.1936,74.0,0.0137,0.0647,858,-0.1875,-0.0613,156,0.5,0.6596,0.0303,0.0104,0.0103,570.0,-0.1994,0.1089,0.1109,-0.0225,-0.0003,1225.0,0.0187,0.0475,167.0,-0.0021,0.0222,1825.0,-0.0082,-0.0263,340647.0,-0.0039,-0.025,4271,0.0025,0.1511,0.4025,0.0095,-0.0561,0.0
202509,17820,"Colorado Springs, CO",81,499000.0,-0.0018,-0.0144,3932,-0.0165,0.2686,65.0,0.1316,0.2056,1122,-0.175,-0.0666,68,0.0,0.4167,0.0109,0.0008,0.0023,1920.0,-0.0551,0.1837,0.3,-0.0014,0.0085,1341.0,-0.0269,0.0132,227.0,-0.0084,-0.0116,2276.0,0.0044,-0.0126,610691.0,-0.0035,-0.0709,5261,-0.0184,0.1938,0.341,-0.0036,-0.086,0.0
202509,32580,"McAllen-Edinburg-Mission, TX",84,269950.0,-0.0002,-0.0184,3231,0.0254,0.2523,72.0,-0.027,0.0588,638,-0.0618,0.1312,30,0.5,0.3636,0.0069,0.0023,0.0008,658.0,-0.003,0.2415,0.15,-0.004,0.0026,492.0,0.0123,0.038,159.0,0.0012,0.0032,1711.0,-0.0051,-0.0238,324737.0,-0.0021,-0.0074,3707,0.0197,0.2182,0.1523,-0.002,-0.0314,0.0
202508,19100,"Dallas-Fort Worth-Arlington, TX",4,430000.0,-0.0225,-0.0337,30910,-0.0286,0.2131,58.0,0.0943,0.1837,9628,-0.0888,-0.0407,444,-0.1155,-0.0593,0.0088,-0.0007,-0.0018,14364.0,-0.1293,0.109,0.2833,-0.0285,-0.0009,10157.0,-0.031,0.0045,203.0,-0.0072,-0.0161,2181.0,-0.0086,-0.0086,614965.0,-0.0178,-0.014,41083,-0.0285,0.1542,0.3286,-0.0008,-0.0682,0.0
202508,26420,"Houston-Pasadena-The Woodlands, TX",5,365000.0,-0.0135,-0.0267,35151,-0.0035,0.3156,51.0,0.0303,0.0,9768,-0.075,0.0141,1044,-0.0794,0.0156,0.0191,-0.0008,-0.004,12004.0,-0.0817,0.2963,0.2195,-0.0103,0.0175,10467.0,-0.0393,0.0521,173.0,-0.0093,-0.0158,2121.0,-0.0047,-0.0019,490723.0,-0.0181,-0.0357,45597,-0.0115,0.2373,0.2978,-0.0111,-0.0746,0.0
202508,19740,"Denver-Aurora-Centennial, CO",18,599990.0,0.0,-0.0323,12735,-0.035,0.298,58.0,0.1154,0.2609,4176,-0.0687,-0.0206,156,-0.0488,0.0,0.0075,0.0,-0.0011,6644.0,-0.0687,0.3299,0.3142,-0.0145,0.0395,3984.0,-0.0109,0.0045,290.0,-0.0094,-0.0338,2145.0,0.0014,-0.0081,790465.0,-0.0041,-0.0261,16739,-0.0259,0.2148,0.3128,0.0076,-0.0914,0.0
202508,41700,"San Antonio-New Braunfels, TX",25,330000.0,-0.0286,-0.0371,13796,0.0164,0.1677,68.0,0.0462,0.1148,3640,-0.0789,0.1057,308,0.3276,0.2031,0.0143,0.0037,0.0009,5640.0,-0.0157,0.0609,0.2676,0.0046,-0.0041,3886.0,-0.0368,-0.0355,177.0,-0.017,-0.0363,1938.0,-0.0079,-0.0152,454981.0,-0.0236,-0.0148,17651,0.002,0.1162,0.2817,-0.0155,-0.0593,0.0
202508,12420,"Austin-Round Rock-San Marcos, TX",26,499000.0,-0.0234,-0.0495,12474,-0.0494,0.1535,72.0,0.0992,0.1077,2896,-0.1678,0.0358,164,0.1389,-0.0889,0.0083,0.0012,-0.0024,5384.0,-0.1473,0.1301,0.2871,-0.0253,0.0072,3444.0,-0.035,0.0195,251.0,-0.0173,-0.0347,2044.0,-0.0102,-0.0135,752928.0,-0.027,-0.0651,15860,-0.0493,0.1149,0.2761,0.0041,-0.0363,0.0
202508,21340,"El Paso, TX",76,299000.0,0.0002,-0.0033,3059,0.0059,0.1987,73.0,0.0896,0.0282,1056,0.1759,0.133,104,0.3333,-0.381,0.0199,0.0046,-0.0165,712.0,0.2669,0.3088,0.1334,0.0228,0.0159,1202.0,0.0296,0.0186,167.0,0.0023,0.0147,1840.0,0.0005,-0.0176,341991.0,0.0109,-0.0275,4260,0.0115,0.1418,0.3929,0.009,-0.0694,0.0
202508,17820,"Colorado Springs, CO",81,499900.0,-0.0198,-0.0196,3998,0.0033,0.3344,57.0,0.14,0.2128,1360,0.0104,0.0429,68,1.0,0.0625,0.0101,0.0052,-0.0011,2032.0,-0.0755,0.2796,0.3015,-0.0207,0.0204,1378.0,-0.0708,-0.0014,229.0,-0.0144,-0.0106,2266.0,-0.015,-0.0176,612840.0,-0.0064,-0.0787,5359,-0.0162,0.2334,0.3447,-0.0275,-0.1159,0.0
202508,32580,"McAllen-Edinburg-Mission, TX",84,270000.0,-0.0037,-0.0296,3151,0.0165,0.2762,74.0,-0.039,0.1212,680,0.1724,0.1409,20,0.1111,-0.375,0.0046,0.0003,-0.0043,660.0,-0.006,0.3415,0.154,-0.002,0.0124,486.0,-0.0681,0.0318,159.0,-0.0012,0.0028,1720.0,0.0032,-0.0236,325424.0,0.0097,-0.0062,3635,0.0069,0.233,0.1542,-0.014,-0.0365,0.0
202507,19100,"Dallas-Fort Worth-Arlington, TX",4,439900.0,-0.0002,-0.0224,31819,0.0265,0.3021,53.0,0.06,0.2045,10566,-0.1349,-0.0134,502,0.1409,0.1952,0.0095,0.0014,0.0004,16498.0,-0.0059,0.1744,0.3117,0.0062,0.0059,10482.0,-0.0524,0.0113,205.0,-0.0082,-0.0153,2200.0,-0.0005,-0.0106,626118.0,-0.0189,-0.0224,42289,0.004,0.2141,0.3294,-0.0274,-0.0947,0.0
202507,26420,"Houston-Pasadena-The Woodlands, TX",5,370000.0,-0.0131,-0.0052,35273,0.0306,0.3146,50.0,0.0879,0.0421,10560,-0.0776,0.1574,1134,-0.0207,0.4211,0.0198,-0.0003,0.0026,13072.0,-0.0275,0.4114,0.2298,-0.0082,0.0323,10896.0,-0.0386,0.025,175.0,-0.0087,-0.0089,2131.0,0.0038,0.0083,499755.0,-0.0105,-0.0235,46130,0.0116,0.239,0.3089,-0.0222,-0.0873,0.0
202507,19740,"Denver-Aurora-Centennial, CO",18,600000.0,-0.0163,-0.04,13197,-0.0022,0.3672,52.0,0.1556,0.253,4484,-0.1797,-0.0286,164,0.038,0.0513,0.0076,0.0006,-0.0007,7134.0,-0.0699,0.178,0.3287,-0.0079,0.001,4028.0,-0.0831,-0.013,293.0,-0.0129,-0.0326,2142.0,0.0036,-0.0256,793748.0,-0.0066,-0.0384,17185,-0.0224,0.2539,0.3052,-0.0269,-0.1176,0.0
202507,41700,"San Antonio-New Braunfels, TX",25,339700.0,-0.0017,-0.0266,13574,0.008,0.1466,65.0,0.0569,0.1504,3952,-0.0208,0.0046,232,-0.284,-0.4502,0.0106,-0.0043,-0.0103,5730.0,-0.0056,0.0335,0.263,-0.0038,-0.0161,4035.0,-0.0381,-0.0245,180.0,-0.01,-0.0231,1954.0,-0.001,-0.0171,465960.0,-0.0042,-0.0054,17616,-0.0036,0.1064,0.2972,-0.0143,-0.0522,0.0
202507,12420,"Austin-Round Rock-San Marcos, TX",26,510950.0,-0.0267,-0.0485,13123,0.0013,0.1808,66.0,0.1391,0.1293,3480,-0.1113,0.0807,144,-0.0649,-0.2174,0.0071,-0.0002,-0.0029,6314.0,-0.0766,0.0985,0.3123,-0.0143,-0.0089,3569.0,-0.086,-0.0096,256.0,-0.0093,-0.0396,2065.0,-0.0051,-0.0063,773837.0,-0.0233,-0.0588,16683,-0.0167,0.1369,0.272,-0.026,-0.0523,0.0
202507,21340,"El Paso, TX",76,298945.0,-0.0033,-0.0035,3041,0.0095,0.168,67.0,0.1074,0.0152,898,-0.1196,0.0742,78,-0.3906,-0.25,0.0153,-0.0089,-0.007,562.0,-0.0757,0.0108,0.1106,-0.006,-0.0106,1168.0,-0.1026,-0.0719,167.0,-0.0042,0.0137,1839.0,-0.0034,-0.0195,338313.0,-0.0081,-0.0387,4212,-0.0209,0.096,0.3839,-0.0479,-0.0993,0.0
202507,17820,"Colorado Springs, CO",81,510000.0,-0.0097,-0.0097,3985,0.0728,0.3965,50.0,0.1628,0.2346,1346,-0.2455,-0.0218,34,-0.5854,-0.32,0.0049,-0.007,-0.0047,2198.0,0.0457,0.2474,0.3221,0.0205,0.0376,1483.0,-0.0542,0.0845,232.0,0.0003,0.0022,2301.0,-0.0017,-0.0162,616801.0,-0.0366,-0.084,5447,0.037,0.2914,0.3721,-0.05,-0.1071,0.0
202507,32580,"McAllen-Edinburg-Mission, TX",84,271000.0,-0.0144,-0.005,3100,0.0057,0.2708,77.0,0.0548,0.1667,580,-0.1159,-0.0102,18,-0.1,-0.4375,0.0043,-0.0003,-0.0048,664.0,-0.0292,0.3387,0.156,-0.0036,0.0152,522.0,-0.0422,0.0337,159.0,-0.001,-0.0015,1715.0,-0.0036,-0.0124,322295.0,-0.0027,-0.0082,3610,-0.0029,0.2294,0.1682,-0.0084,-0.0386,0.0
202506,19100,"Dallas-Fort Worth-Arlington, TX",4,440000.0,0.0,-0.0226,30998,0.0658,0.3858,50.0,0.1111,0.1628,12214,-0.0115,0.0782,440,0.0092,-0.0984,0.0081,-0.0001,-0.0028,16596.0,0.1528,0.3084,0.3055,0.0354,0.0239,11062.0,-0.0496,0.0169,207.0,-0.0017,-0.0122,2201.0,0.0064,-0.0143,638166.0,-0.0006,-0.0279,42119,0.0342,0.2644,0.3569,-0.0433,-0.1295,0.0
202506,26420,"Houston-Pasadena-The Woodlands, TX",5,374925.0,0.0065,0.0136,34226,0.0463,0.3168,46.0,0.0341,0.0111,11448,-0.0762,-0.0172,1158,-0.0631,0.2587,0.0201,-0.0015,0.0014,13442.0,0.2132,0.3501,0.238,0.0393,0.0323,11333.0,-0.0371,0.0349,176.0,-0.004,-0.0043,2123.0,0.009,0.0172,505074.0,0.002,-0.0116,45600,0.0247,0.2229,0.3311,-0.0287,-0.0902,0.0
202506,19740,"Denver-Aurora-Centennial, CO",18,609950.0,0.0166,-0.0357,13225,0.0705,0.4688,45.0,0.1842,0.25,5466,-0.0938,0.0298,158,0.197,0.0676,0.007,0.001,-0.001,7670.0,0.1771,0.3765,0.3365,0.0426,0.0397,4393.0,-0.0146,0.0216,297.0,-0.0117,-0.0218,2134.0,0.0283,-0.031,798984.0,-0.0012,-0.0562,17578,0.0429,0.3185,0.3322,-0.0287,-0.1454,0.0
202506,41700,"San Antonio-New Braunfels, TX",25,340275.0,0.0008,-0.0219,13467,0.0574,0.1828,62.0,0.0603,0.1827,4036,-0.0894,-0.0951,324,-0.3361,-0.069,0.0149,-0.0078,-0.0029,5762.0,0.0938,0.0905,0.2668,0.0176,0.0064,4195.0,-0.0508,-0.0172,182.0,-0.0016,-0.0239,1956.0,0.0028,0.0054,467923.0,-0.0048,0.0041,17679,0.0277,0.1326,0.3115,-0.0355,-0.0634,0.0
202506,12420,"Austin-Round Rock-San Marcos, TX",26,524950.0,-0.0001,-0.0454,13105,0.0463,0.2011,58.0,0.25,0.1275,3916,-0.1682,0.0114,154,-0.0375,-0.3246,0.0074,-0.0002,-0.0052,6838.0,0.1344,0.1773,0.3266,0.0346,0.0146,3905.0,-0.0599,-0.0036,258.0,-0.0122,-0.0462,2076.0,0.0031,-0.0079,792301.0,-0.0166,-0.0662,16966,0.0188,0.1452,0.298,-0.0337,-0.0612,0.0
202506,21340,"El Paso, TX",76,299925.0,0.0065,-0.0001,3013,0.0596,0.142,61.0,0.0083,0.0254,1020,0.0451,0.1039,128,0.8824,0.6842,0.0242,0.0106,0.0082,608.0,0.0133,0.2258,0.1166,-0.001,0.0129,1301.0,-0.0015,0.0708,167.0,0.0038,0.021,1845.0,0.0061,-0.0122,341060.0,0.0084,-0.0322,4302,0.0308,0.1158,0.4319,-0.0265,-0.0287,0.0
202506,17820,"Colorado Springs, CO",81,515000.0,0.0,-0.0153,3715,0.1575,0.4544,43.0,0.1316,0.1944,1784,0.0372,0.1291,82,1.5625,0.8636,0.0119,0.0071,0.0026,2102.0,0.2423,0.3304,0.3016,0.0478,-0.0046,1568.0,-0.0566,0.7559,232.0,-0.0044,0.0,2305.0,-0.0017,-0.0204,640225.0,-0.0122,-0.0739,5253,0.0817,0.5291,0.4221,-0.0958,0.0725,0.0
202506,32580,"McAllen-Edinburg-Mission, TX",84,274950.0,0.0002,0.0108,3083,0.016,0.2957,73.0,0.0282,0.1231,656,0.0513,0.0789,20,0.0,-0.1667,0.0047,-0.0001,-0.0024,684.0,0.0556,0.1793,0.1596,0.0041,-0.0067,545.0,-0.0363,0.0121,159.0,-0.0019,0.0024,1721.0,-0.0022,-0.0195,323156.0,-0.0043,-0.0157,3621,0.0102,0.2382,0.1766,-0.0096,-0.0495,0.0
202505,19100,"Dallas-Fort Worth-Arlington, TX",4,440000.0,0.0233,-0.0319,29084,0.0987,0.4483,45.0,0.0465,0.1688,12356,-0.0422,0.1208,436,-0.1583,-0.1805,0.0082,-0.0022,-0.0044,14396.0,0.1174,0.4416,0.2701,0.012,0.0353,11639.0,0.0495,0.0114,207.0,0.0022,-0.0121,2187.0,0.0141,-0.0202,638578.0,0.0122,-0.0339,40727,0.0845,0.288,0.4002,-0.0188,-0.1728,0.0
202505,26420,"Houston-Pasadena-The Woodlands, TX",5,372500.0,0.007,0.007,32712,0.0696,0.3527,44.0,0.0115,0.0732,12392,0.0335,0.1704,1236,-0.0252,0.2047,0.0216,-0.0018,-0.0004,11080.0,0.077,0.3103,0.1987,0.0071,0.0174,11770.0,0.0279,0.029,177.0,0.0003,-0.0058,2104.0,0.0096,0.0209,504057.0,0.0098,-0.0183,44500,0.0592,0.248,0.3598,-0.0146,-0.1132,0.0
202505,19740,"Denver-Aurora-Centennial, CO",18,600000.0,0.0009,-0.0576,12354,0.1942,0.6388,38.0,0.0704,0.2881,6032,-0.0697,0.0429,132,-0.2747,-0.0294,0.006,-0.0024,-0.0017,6516.0,0.138,0.4897,0.2939,0.0224,0.0475,4458.0,-0.0195,0.002,300.0,-0.0079,-0.0231,2075.0,0.0262,-0.0527,799919.0,0.0105,-0.0745,16854,0.1284,0.4064,0.3609,-0.0786,-0.2293,0.0
202505,41700,"San Antonio-New Braunfels, TX",25,340000.0,0.0001,-0.0145,12735,0.0701,0.201,58.0,0.0087,0.1373,4432,0.0231,0.0443,488,0.1845,0.2775,0.0226,0.0029,0.0031,5268.0,0.0111,0.0608,0.2492,-0.007,-0.0128,4419.0,-0.0313,0.0057,182.0,-0.0024,-0.0297,1950.0,0.0013,0.0162,470158.0,0.0014,0.0093,17203,0.0463,0.15,0.347,-0.0363,-0.0674,0.0
202505,12420,"Austin-Round Rock-San Marcos, TX",26,525000.0,0.0,-0.0625,12525,0.1312,0.2649,46.0,0.0575,0.0698,4708,-0.0699,0.1323,160,-0.0698,-0.2,0.0076,-0.001,-0.0034,6028.0,0.189,0.1773,0.292,0.0334,0.0087,4154.0,0.0326,0.0061,261.0,0.0012,-0.0499,2069.0,0.0029,-0.0175,805672.0,-0.0077,-0.079,16652,0.1047,0.1875,0.3317,-0.0317,-0.0853,0.0
202505,21340,"El Paso, TX",76,298000.0,0.0035,-0.0065,2843,0.0553,0.1175,60.0,0.0169,0.1215,976,0.0231,-0.0356,68,-0.6495,-0.5342,0.0136,-0.0257,-0.0171,600.0,0.1111,0.1905,0.1176,0.013,0.0134,1303.0,-0.0173,0.0521,167.0,-0.0028,0.0164,1834.0,-0.0026,-0.0211,338232.0,-0.003,-0.0358,4173,0.0412,0.1034,0.4583,-0.0339,-0.0285,0.0
202505,17820,"Colorado Springs, CO",81,515000.0,0.0198,0.0049,3209,0.1576,0.4673,38.0,0.0,0.2667,1720,-0.0149,0.0845,32,-0.4483,-0.2727,0.0048,-0.0048,-0.0044,1692.0,0.2857,0.5243,0.2538,0.0374,0.0142,1662.0,0.0196,0.9416,233.0,0.001,-0.0026,2309.0,0.0227,-0.0014,648134.0,0.0,-0.0327,4856,0.1056,0.6079,0.5179,-0.0701,0.1265,0.0
202505,32580,"McAllen-Edinburg-Mission, TX",84,274900.0,0.0116,-0.0147,3034,0.0137,0.3019,71.0,0.084,0.1008,624,-0.1309,-0.0429,20,-0.2308,-0.1667,0.0048,-0.0014,-0.0021,648.0,0.0728,0.2414,0.1555,0.0112,0.0048,565.0,0.0886,0.066,160.0,-0.0003,0.0022,1725.0,0.0009,-0.0331,324541.0,0.0029,-0.0177,3584,0.0222,0.2549,0.1862,0.0128,-0.0412,0.0
202504,19100,"Dallas-Fort Worth-Arlington, TX",4,430000.0,0.0153,-0.0442,26471,0.1181,0.4282,43.0,-0.0444,0.075,12900,0.0888,0.1113,518,0.2452,-0.1536,0.0104,0.0012,-0.0043,12884.0,0.2109,0.4259,0.258,0.0242,0.0415,11090.0,0.1033,-0.0414,206.0,0.0074,-0.0069,2157.0,0.0211,-0.0202,630859.0,0.0277,-0.0268,37555,0.1137,0.2482,0.4189,-0.0056,-0.2052,0.0
202504,26420,"Houston-Pasadena-The Woodlands, TX",5,369900.0,0.0134,0.0024,30583,0.0806,0.3386,44.0,-0.0333,0.0116,11990,0.0652,0.1067,1268,0.2239,0.0549,0.0234,0.0025,-0.0028,10288.0,0.1441,0.2626,0.1916,0.0104,0.0106,11451.0,0.1311,0.0056,177.0,0.0041,-0.0056,2084.0,0.0082,0.0126,499154.0,0.0114,-0.0304,42011,0.0938,0.2277,0.3744,0.0167,-0.124,0.0
202504,19740,"Denver-Aurora-Centennial, CO",18,599450.0,0.0247,-0.0409,10345,0.2181,0.6499,36.0,0.0143,0.127,6484,0.1072,0.2474,182,0.4677,0.2639,0.0084,0.0014,-0.0005,5726.0,0.2448,0.6704,0.2715,0.0278,0.0607,4547.0,0.1154,0.0173,303.0,0.0027,-0.0106,2022.0,0.0202,-0.0714,791574.0,0.0154,-0.0941,14936,0.1887,0.3929,0.4395,-0.0404,-0.2733,0.0
202504,41700,"San Antonio-New Braunfels, TX",25,339950.0,0.0148,-0.0132,11901,0.0571,0.2012,58.0,-0.0417,0.0648,4332,0.0275,0.095,412,0.03,0.2956,0.0198,-0.0015,0.0023,5210.0,0.0836,0.2265,0.2562,0.0055,0.0236,4562.0,0.1497,0.0558,182.0,0.0066,-0.0226,1948.0,0.0091,0.0127,469505.0,0.0265,0.022,16442,0.0836,0.1574,0.3833,0.0309,-0.0528,0.0
202504,12420,"Austin-Round Rock-San Marcos, TX",26,525000.0,0.0294,-0.0587,11073,0.1998,0.2449,44.0,-0.0114,0.0482,5062,0.0798,-0.0055,172,-0.1042,0.2286,0.0085,-0.0023,0.001,5070.0,0.3342,0.2026,0.2586,0.0364,0.0116,4023.0,0.1244,-0.0373,261.0,0.0073,-0.0514,2063.0,0.0125,-0.0183,811922.0,0.0143,-0.0762,15074,0.1801,0.1549,0.3633,-0.0244,-0.1065,0.0
202504,21340,"El Paso, TX",76,296950.0,0.0068,-0.0106,2694,-0.0099,0.0945,59.0,0.1132,0.0351,954,-0.0827,-0.0665,194,0.7963,-0.1339,0.0393,0.0182,-0.0078,540.0,0.0,0.2736,0.1046,-0.0036,0.0139,1326.0,0.0449,0.0625,167.0,-0.0002,0.0194,1839.0,0.0034,-0.0289,339241.0,0.0067,-0.0333,4008,0.0045,0.0857,0.4922,0.0258,-0.0148,0.0
202504,17820,"Colorado Springs, CO",81,505000.0,0.0102,-0.0001,2772,0.1536,0.5218,38.0,-0.1364,0.2258,1746,0.2296,0.1221,58,1.0714,0.8125,0.0096,0.0043,0.0019,1316.0,0.2185,0.5374,0.2164,0.0125,0.0083,1630.0,0.156,0.9428,233.0,0.0074,-0.0036,2257.0,0.0136,-0.021,648117.0,-0.0038,-0.008,4392,0.1558,0.6599,0.588,0.0013,0.1274,0.0
202504,32580,"McAllen-Edinburg-Mission, TX",84,271745.0,0.0065,-0.0207,2993,0.0115,0.3173,66.0,-0.0076,0.0315,718,0.0376,0.273,26,0.0833,0.0,0.0062,0.0004,-0.0015,604.0,-0.0258,0.2227,0.1443,-0.0071,-0.0008,519.0,0.0443,-0.0503,160.0,-0.0043,0.0028,1723.0,0.0076,-0.0326,323600.0,0.0044,-0.0293,3506,0.0151,0.2484,0.1734,0.0054,-0.0671,0.0
202503,19100,"Dallas-Fort Worth-Arlington, TX",4,423503.0,0.0182,-0.0375,23675,0.0863,0.3844,45.0,-0.1964,0.125,11848,0.2873,0.1839,416,-0.037,-0.302,0.0092,-0.0015,-0.006,10640.0,0.1923,0.5011,0.2338,0.0136,0.0387,10052.0,0.092,-0.051,205.0,0.0062,-0.006,2112.0,0.0057,-0.0299,613883.0,0.0315,-0.024,33719,0.0877,0.2181,0.4246,0.0022,-0.1948,0.0
202503,26420,"Houston-Pasadena-The Woodlands, TX",5,365000.0,0.0196,0.0117,28302,0.0618,0.3054,45.0,-0.1589,0.0465,11256,0.1604,0.122,1036,-0.2199,0.0197,0.0209,-0.009,-0.0034,8992.0,0.1305,0.307,0.1813,0.0048,0.014,10123.0,0.1327,-0.0275,176.0,0.0088,-0.0036,2067.0,0.0098,0.0132,493517.0,0.0201,-0.0271,38407,0.0797,0.1973,0.3577,0.0224,-0.1224,0.0
202503,19740,"Denver-Aurora-Centennial, CO",18,585000.0,0.0218,-0.0563,8493,0.2043,0.6728,35.0,-0.2045,0.1667,5856,0.337,0.3333,124,0.0508,-0.0313,0.007,-0.001,-0.002,4600.0,0.4215,1.0463,0.2437,0.0151,0.0712,4076.0,0.1741,-0.0155,302.0,0.0049,-0.0235,1982.0,0.0141,-0.0738,779606.0,0.0128,-0.121,12565,0.1944,0.3397,0.4799,-0.0123,-0.3355,0.0
202503,41700,"San Antonio-New Braunfels, TX",25,334990.0,0.0244,-0.0144,11258,0.0599,0.1766,60.0,-0.2053,0.0526,4216,0.1672,0.1646,400,0.0989,0.3333,0.0212,0.001,0.0047,4808.0,0.0761,0.3296,0.2507,0.0039,0.0326,3968.0,0.1198,-0.0075,181.0,0.0073,-0.0241,1930.0,0.0191,0.0084,457385.0,0.0186,0.0129,15173,0.0742,0.1221,0.3525,0.0189,-0.0654,0.0
202503,12420,"Austin-Round Rock-San Marcos, TX",26,510000.0,0.022,-0.0724,9229,0.1676,0.2214,44.0,-0.3282,0.1,4688,0.438,0.1057,192,0.0787,-0.1273,0.0108,-0.0016,-0.0055,3800.0,0.3361,0.2855,0.2222,0.0201,-0.0006,3578.0,0.1477,1.1632,259.0,0.0268,-0.0444,2038.0,0.0102,-0.0251,800485.0,0.0253,-0.0768,12774,0.162,0.3903,0.3877,-0.0067,0.1688,0.0
202503,21340,"El Paso, TX",76,294950.0,0.012,-0.0152,2721,0.0364,0.1111,53.0,-0.209,-0.0862,1040,-0.0114,0.1454,108,-0.2174,-0.5424,0.0212,-0.0075,-0.0315,540.0,0.0189,0.08,0.1083,-0.0013,-0.0032,1269.0,0.0557,0.2332,167.0,0.002,0.0179,1833.0,0.0015,-0.0348,336970.0,-0.0063,-0.0251,3990,0.0425,0.1338,0.4664,0.0086,0.0462,0.0
202503,17820,"Colorado Springs, CO",81,499888.0,0.0414,0.0099,2403,0.053,0.5768,44.0,-0.2479,0.2222,1420,0.3396,0.2456,28,-0.3333,0.0,0.0053,-0.0037,-0.0027,1080.0,0.0672,0.6981,0.2039,-0.0161,0.0206,1410.0,0.1496,0.8626,231.0,0.0017,-0.0233,2227.0,0.0284,0.0301,650596.0,0.0221,0.0187,3800,0.0868,0.6881,0.5868,0.0493,0.09,0.0
202503,32580,"McAllen-Edinburg-Mission, TX",84,270000.0,-0.0055,-0.0288,2959,0.033,0.2933,66.0,-0.1484,0.1186,692,-0.0254,0.1849,24,0.3333,-0.1429,0.0059,0.0013,-0.0024,620.0,0.0065,0.2602,0.1513,-0.0013,0.0088,497.0,0.168,-0.002,160.0,-0.0043,0.0097,1710.0,-0.0009,-0.0331,322170.0,-0.0048,-0.0212,3454,0.0514,0.2398,0.168,0.0194,-0.0497,0.0
202502,19100,"Dallas-Fort Worth-Arlington, TX",4,415950.0,0.0011,-0.0438,21794,0.0174,0.3607,56.0,-0.1884,0.1789,9204,0.0803,0.002,432,-0.129,-0.3208,0.0107,-0.0027,-0.008,8924.0,0.1391,0.3468,0.2202,0.0113,0.0285,9205.0,0.233,-0.0322,204.0,0.0039,-0.0064,2100.0,0.0,-0.027,595119.0,0.0067,-0.0375,31001,0.0794,0.2148,0.4224,0.0739,-0.1715,0.0
202502,26420,"Houston-Pasadena-The Woodlands, TX",5,358000.0,-0.0028,-0.0053,26655,0.03,0.2813,54.0,-0.1301,0.1263,9700,0.1978,0.0877,1328,0.1468,0.2481,0.0299,0.0023,0.0029,7954.0,0.1632,0.2184,0.1764,0.0103,0.0085,8937.0,0.168,-0.0664,175.0,0.0026,-0.01,2047.0,-0.0015,0.0061,483780.0,0.0019,-0.0428,35572,0.0613,0.1716,0.3353,0.0396,-0.1249,0.0
202502,19740,"Denver-Aurora-Centennial, CO",18,572500.0,0.0045,-0.0611,7053,0.0855,0.6437,44.0,-0.3889,0.2754,4380,0.1705,0.2013,118,-0.2892,-0.1194,0.0079,-0.0049,-0.0031,3236.0,0.4131,0.9216,0.2286,0.0488,0.0801,3472.0,0.3263,-0.0552,300.0,0.0065,-0.0302,1955.0,0.0023,-0.0671,769738.0,0.019,-0.1189,10520,0.155,0.3228,0.4922,0.0894,-0.3642,0.0
202502,41700,"San Antonio-New Braunfels, TX",25,327000.0,0.0062,-0.0237,10622,0.0056,0.1507,76.0,-0.0321,0.1103,3612,0.1416,0.0017,364,0.0706,-0.0619,0.0203,0.0,-0.0035,4468.0,0.2643,0.2854,0.2467,0.0381,0.0345,3544.0,0.1857,-0.0135,180.0,0.0018,-0.0214,1894.0,-0.0007,-0.0085,449017.0,0.0105,0.0003,14125,0.0421,0.1107,0.3336,0.0507,-0.0555,0.0
202502,12420,"Austin-Round Rock-San Marcos, TX",26,499000.0,0.0088,-0.0793,7905,0.0556,0.1963,66.0,-0.1963,0.0917,3260,0.1889,0.0168,178,-0.4367,-0.1835,0.0124,-0.0134,-0.007,2844.0,0.0847,0.1733,0.2021,0.0045,-0.0063,3118.0,0.1079,1.2599,252.0,0.0038,-0.0587,2017.0,0.0017,-0.0328,780770.0,0.0208,-0.0659,10993,0.0693,0.3788,0.3944,0.0186,0.1856,0.0
202502,21340,"El Paso, TX",76,291450.0,-0.0085,-0.0238,2626,0.0705,0.0785,67.0,-0.1754,0.0,1052,0.1361,0.2435,138,-0.367,-0.31,0.0286,-0.0232,-0.018,530.0,0.1991,0.2383,0.1096,0.0088,0.0104,1202.0,0.1913,0.2354,167.0,0.0047,0.0178,1830.0,-0.0042,-0.0285,339116.0,-0.0052,-0.0048,3828,0.1059,0.1203,0.4578,0.0464,0.0581,0.0
202502,17820,"Colorado Springs, CO",81,480000.0,0.0004,-0.02,2282,-0.0041,0.5367,59.0,-0.1818,0.4444,1060,-0.0203,0.0433,42,-0.125,2.0,0.009,-0.0026,0.0046,1012.0,0.2463,0.881,0.22,0.0305,0.0501,1227.0,0.3238,0.8499,231.0,0.0038,-0.0091,2166.0,-0.0012,0.0,636513.0,0.0165,-0.023,3497,0.0874,0.6331,0.5375,0.1331,0.091,0.0
202502,32580,"McAllen-Edinburg-Mission, TX",84,271500.0,0.0056,-0.0127,2865,0.052,0.2953,78.0,-0.0313,0.2351,710,0.2116,0.2158,18,-0.3571,-0.3571,0.0045,-0.003,-0.0041,616.0,0.3874,0.4128,0.1527,0.0338,0.0186,426.0,0.0745,-0.0523,161.0,0.0009,0.0151,1712.0,-0.0029,-0.0265,323736.0,-0.0011,-0.0105,3285,0.0561,0.2371,0.1485,0.0031,-0.0545,0.0
202501,19100,"Dallas-Fort Worth-Arlington, TX",4,415500.0,-0.0165,-0.0362,21422,-0.0581,0.3573,69.0,0.0494,0.104,8520,0.3576,0.1252,496,0.2718,-0.0462,0.0134,0.0029,-0.003,7834.0,0.2101,0.3105,0.2089,0.035,0.0161,7466.0,-0.0771,-0.0308,203.0,-0.0026,-0.0054,2100.0,-0.0078,-0.03,591167.0,-0.0152,-0.0341,28721,-0.0683,0.2201,0.3485,-0.0072,-0.1396,0.0
202501,26420,"Houston-Pasadena-The Woodlands, TX",5,359000.0,-0.0042,0.0023,25879,-0.0333,0.2594,62.0,0.0424,0.0513,8098,0.1431,0.0588,1158,0.014,0.0546,0.0276,0.0008,-0.0021,6838.0,0.1786,0.2043,0.1662,0.0299,0.0113,7652.0,-0.1205,-0.0428,174.0,0.001,-0.0069,2050.0,-0.0101,0.0027,482841.0,-0.0071,-0.0352,33518,-0.0545,0.1704,0.2957,-0.0293,-0.0934,0.0
202501,19740,"Denver-Aurora-Centennial, CO",18,569950.0,-0.0128,-0.0501,6497,-0.0747,0.5482,72.0,-0.0237,0.152,3742,1.3564,0.2071,166,0.3833,0.8043,0.0128,0.0015,0.0038,2290.0,-0.1856,0.5166,0.1798,-0.0557,0.029,2618.0,-0.1466,-0.0915,298.0,0.0093,-0.0119,1950.0,-0.0186,-0.0675,755352.0,-0.0145,-0.1057,9109,-0.0967,0.2863,0.4029,-0.0339,-0.2836,0.0
202501,41700,"San Antonio-New Braunfels, TX",25,325000.0,-0.015,-0.0322,10563,-0.0414,0.1554,78.0,0.047,0.0331,3164,0.1913,-0.0247,340,-0.023,0.4783,0.0203,-0.0003,0.0055,3534.0,0.1883,0.1106,0.2086,0.0334,-0.0067,2989.0,-0.0411,0.0282,180.0,-0.0002,-0.0222,1895.0,-0.0098,-0.0143,444360.0,-0.0073,-0.0148,13554,-0.0421,0.1245,0.2829,0.0001,-0.035,0.0
202501,12420,"Austin-Round Rock-San Marcos, TX",26,494667.0,-0.0077,-0.0923,7488,-0.0932,0.1645,82.0,0.0188,0.0654,2742,0.6822,0.1425,316,0.6632,0.7955,0.0258,0.0111,0.0081,2622.0,0.2521,0.1984,0.1976,0.0378,-0.0236,2814.0,-0.1068,1.68,251.0,-0.005,-0.052,2014.0,-0.0027,-0.0378,764878.0,-0.0079,-0.0761,10281,-0.0972,0.3669,0.3758,-0.0057,0.2125,0.0
202501,21340,"El Paso, TX",76,293950.0,0.0,-0.0036,2453,-0.0437,0.0651,81.0,0.0762,0.0691,926,0.5433,0.0475,218,0.6269,-0.0439,0.0518,0.0205,-0.0048,442.0,0.2486,0.2775,0.1007,0.0189,0.0176,1009.0,-0.0468,0.142,166.0,0.0019,0.0198,1838.0,-0.0019,-0.0213,340882.0,-0.0068,0.0031,3461,-0.0443,0.0863,0.4114,-0.0013,0.0277,0.0
202501,17820,"Colorado Springs, CO",81,479823.0,0.0043,-0.0165,2292,-0.0896,0.4992,72.0,-0.0069,0.144,1082,0.6801,0.2323,48,0.7143,0.4118,0.0116,0.0049,0.0004,812.0,0.1633,0.624,0.1895,0.0215,0.0171,927.0,-0.0444,0.5226,230.0,0.0034,0.0102,2168.0,-0.006,-0.0201,626199.0,-0.009,-0.0402,3216,-0.0752,0.5057,0.4043,0.0191,0.0062,0.0
202501,32580,"McAllen-Edinburg-Mission, TX",84,270000.0,0.0,-0.0182,2723,-0.0249,0.279,80.0,0.0323,0.1034,586,0.2795,0.0174,28,1.8,-0.0667,0.0075,0.0048,-0.0018,444.0,0.1746,0.2065,0.1189,0.0164,0.0046,396.0,-0.0949,-0.0435,161.0,0.0001,0.0224,1717.0,0.0003,-0.0321,324078.0,0.0015,-0.0169,3111,-0.0351,0.2253,0.1454,-0.0112,-0.049,0.0
202412,19100,"Dallas-Fort Worth-Arlington, TX",4,422450.0,-0.013,-0.0289,22744,-0.1079,0.3105,66.0,0.1336,0.1336,6276,-0.2151,0.1469,390,0.0263,0.0598,0.0105,0.001,-0.0015,6474.0,-0.359,0.206,0.1739,-0.0591,-0.0005,8090.0,-0.1618,0.0249,203.0,-0.0073,-0.0027,2117.0,-0.0114,-0.0322,600315.0,-0.0159,-0.0446,30828,-0.1221,0.2184,0.3557,-0.0229,-0.0991,0.0
202412,26420,"Houston-Pasadena-The Woodlands, TX",5,360509.0,-0.0123,0.0017,26771,-0.0365,0.2435,59.0,0.1132,0.0536,7084,-0.1353,0.0885,1142,0.0981,0.4641,0.0267,0.0043,0.0055,5802.0,-0.2573,0.2189,0.1363,-0.0365,0.0044,8700.0,-0.093,0.0815,174.0,-0.0022,-0.0035,2071.0,-0.0053,-0.0034,486314.0,-0.0128,-0.0335,35450,-0.0493,0.1979,0.325,-0.0202,-0.0487,0.0
202412,19740,"Denver-Aurora-Centennial, CO",18,577350.0,-0.0279,-0.0535,7022,-0.2491,0.4191,74.0,0.25,0.209,1588,-0.4039,0.0076,120,-0.0625,0.3043,0.0113,0.0031,0.0024,2812.0,-0.2292,1.375,0.2355,-0.0011,0.1093,3067.0,-0.159,0.0698,296.0,0.0009,-0.0108,1987.0,-0.035,-0.0792,766457.0,-0.0162,-0.0962,10084,-0.2238,0.2917,0.4368,0.0468,-0.1426,0.0
202412,41700,"San Antonio-New Braunfels, TX",25,329950.0,-0.0002,-0.0169,11020,-0.0456,0.1613,75.0,0.0493,0.0956,2656,-0.1332,0.0375,348,0.45,0.4746,0.0205,0.0074,0.0054,2974.0,-0.2906,0.0744,0.1752,-0.0531,-0.0139,3117.0,-0.1771,0.0904,180.0,-0.0019,-0.0192,1914.0,-0.0058,-0.0123,447620.0,-0.0107,-0.0043,14150,-0.0753,0.1411,0.2828,-0.0452,-0.0184,0.0
202412,12420,"Austin-Round Rock-San Marcos, TX",26,498500.0,-0.003,-0.0768,8258,-0.1579,0.1286,80.0,0.039,0.0811,1630,-0.2311,-0.1421,190,-0.0865,0.3194,0.0146,0.0013,-0.0006,2094.0,-0.4272,0.0165,0.1599,-0.0734,-0.0405,3151.0,-0.0839,2.0499,253.0,-0.007,-0.0526,2019.0,-0.0093,-0.0326,770997.0,-0.0075,-0.0657,11388,-0.1376,0.3586,0.3815,0.0308,0.2403,0.0
202412,21340,"El Paso, TX",76,293950.0,-0.0035,-0.0036,2565,-0.0484,0.1006,76.0,0.1797,0.0203,600,-0.2308,-0.0132,134,0.8611,1.3929,0.0313,0.0166,0.0172,354.0,-0.2625,0.2643,0.0818,-0.0203,0.0109,1059.0,-0.1464,0.1419,166.0,0.0009,0.0235,1841.0,-0.0008,-0.029,343202.0,-0.0012,-0.0024,3622,-0.0764,0.1034,0.4128,-0.0474,0.0149,0.0
202412,17820,"Colorado Springs, CO",81,477783.0,-0.0247,-0.0249,2517,-0.1579,0.3883,72.0,0.1429,0.2203,644,-0.1615,0.1027,28,-0.5,0.1667,0.0067,-0.0045,-0.0033,698.0,-0.3834,0.3321,0.1679,-0.0448,-0.0097,970.0,-0.1584,0.7129,229.0,-0.0064,0.0192,2181.0,-0.0272,-0.0526,631879.0,-0.0153,-0.0326,3477,-0.1571,0.4696,0.3852,-0.0002,0.073,0.0
202412,32580,"McAllen-Edinburg-Mission, TX",84,270000.0,0.0,-0.0323,2793,-0.003,0.3682,78.0,0.0839,0.0915,458,-0.2103,0.0409,10,-0.375,-0.5,0.0027,-0.0014,-0.0045,378.0,-0.1,0.2434,0.1025,-0.0057,-0.0005,438.0,-0.1053,0.0417,161.0,0.0071,0.0371,1716.0,-0.0055,-0.0467,323586.0,-0.0021,-0.0251,3224,-0.0148,0.3179,0.1567,-0.0179,-0.0491,0.0
202411,19100,"Dallas-Fort Worth-Arlington, TX",4,428000.0,-0.0104,-0.0382,25494,-0.016,0.3472,58.0,0.0265,0.1717,7996,-0.1292,0.056,380,-0.3851,-0.0821,0.0095,-0.0043,-0.0023,10100.0,-0.1333,0.158,0.233,-0.0267,-0.0175,9651.0,-0.0152,0.1837,205.0,-0.0037,-0.0004,2141.0,-0.0107,-0.0314,610033.0,-0.0068,-0.0433,35115,-0.0161,0.2967,0.3786,0.0003,-0.0523,0.0
202411,26420,"Houston-Pasadena-The Woodlands, TX",5,365000.0,-0.0061,0.0005,27784,0.0039,0.248,53.0,0.0392,0.06,8192,-0.1008,0.0628,1040,0.1329,0.3978,0.0224,0.0027,0.0032,7812.0,0.0188,-0.0028,0.1727,0.0077,-0.0299,9591.0,-0.0109,0.1079,175.0,-0.0016,-0.0003,2082.0,-0.0083,-0.0062,492641.0,-0.0091,-0.0315,37290,-0.0015,0.2054,0.3452,-0.0052,-0.0436,0.0
202411,19740,"Denver-Aurora-Centennial, CO",18,593900.0,-0.0167,-0.0498,9351,-0.0925,0.5069,59.0,0.1456,0.2421,2664,-0.2967,0.031,128,-0.1579,-0.1351,0.0082,-0.0002,-0.0038,3648.0,-0.3372,0.2266,0.2366,-0.0675,-0.0103,3647.0,-0.0917,0.1296,295.0,-0.0043,-0.0082,2059.0,-0.0216,-0.082,779084.0,-0.0189,-0.1047,12991,-0.0924,0.3756,0.39,0.0004,-0.1303,0.0
202411,41700,"San Antonio-New Braunfels, TX",25,330000.0,-0.0149,-0.0291,11546,0.016,0.1683,71.0,0.0216,0.2034,3064,0.0282,0.0379,240,-0.2357,0.0256,0.0131,-0.0042,-0.0019,4192.0,-0.058,0.0667,0.2282,-0.0167,-0.014,3787.0,-0.0201,0.1967,180.0,-0.0064,-0.0203,1925.0,-0.0102,-0.0123,452459.0,-0.0075,-0.0019,15302,0.0076,0.1815,0.328,-0.0121,0.0078,0.0
202411,12420,"Austin-Round Rock-San Marcos, TX",26,499990.0,-0.0376,-0.0901,9806,-0.0524,0.1542,77.0,0.0548,0.1938,2120,-0.1764,-0.1218,208,-0.302,0.2235,0.0133,-0.0047,-0.0009,3656.0,-0.0915,0.0334,0.2333,-0.0091,-0.0616,3439.0,-0.0754,2.0857,254.0,-0.0203,-0.0553,2038.0,-0.0131,-0.0288,776834.0,-0.036,-0.0657,13204,-0.0587,0.3817,0.3507,-0.0087,0.2195,0.0
202411,21340,"El Paso, TX",76,294975.0,-0.0017,0.0026,2695,-0.0009,0.0778,64.0,0.0323,-0.0116,780,-0.093,0.0569,72,-0.25,-0.4286,0.0147,-0.0057,-0.0146,480.0,-0.1837,0.0213,0.1021,-0.0227,-0.0076,1240.0,0.0736,0.3227,166.0,0.0089,0.0267,1843.0,-0.0067,-0.0295,343630.0,-0.006,-0.0066,3921,0.0183,0.1407,0.4601,0.0319,0.0852,0.0
202411,17820,"Colorado Springs, CO",81,489900.0,-0.0138,-0.0186,2989,-0.0395,0.3873,63.0,0.115,0.299,768,-0.3204,-0.1193,56,0.4,0.5556,0.0112,0.004,0.0012,1132.0,-0.2553,0.052,0.2127,-0.0632,-0.0866,1152.0,-0.1011,0.9726,231.0,-0.001,0.0291,2242.0,-0.0044,-0.0495,641715.0,-0.0077,-0.0279,4125,-0.0579,0.5177,0.3854,-0.0264,0.1144,0.0
202411,32580,"McAllen-Edinburg-Mission, TX",84,270000.0,-0.0114,-0.0355,2801,0.0471,0.3956,72.0,0.0142,0.0916,580,-0.0397,0.2609,16,-0.3846,-0.2,0.0042,-0.0027,-0.0028,420.0,-0.2759,-0.0667,0.1082,-0.0456,-0.0472,489.0,-0.0278,0.1465,160.0,0.0067,0.0334,1726.0,-0.0048,-0.0467,324252.0,-0.006,-0.037,3272,0.033,0.3468,0.1746,-0.0135,-0.0379,0.0
202410,19100,"Dallas-Fort Worth-Arlington, TX",4,432500.0,-0.0148,-0.0367,25909,0.0064,0.3929,57.0,0.066,0.2418,9182,-0.0108,0.0605,618,0.4174,0.3982,0.0138,0.004,0.0015,11654.0,-0.0771,0.2094,0.2597,-0.0187,-0.0082,9800.0,-0.015,0.1062,206.0,0.0005,0.0003,2164.0,-0.0107,-0.0282,614235.0,-0.0048,-0.0516,35691,0.0001,0.2977,0.3782,-0.0082,-0.098,0.0
202410,26420,"Houston-Pasadena-The Woodlands, TX",5,367250.0,-0.0088,-0.002,27675,0.0175,0.2623,51.0,0.0625,0.0968,9110,0.0371,0.117,918,-0.2609,0.106,0.0198,-0.0071,-0.0015,7668.0,-0.1493,-0.0594,0.1651,-0.0313,-0.0434,9697.0,-0.0434,0.0443,175.0,-0.0023,0.0005,2100.0,-0.0064,-0.0014,497148.0,-0.0114,-0.0287,37347,0.0008,0.1959,0.3504,-0.0223,-0.0732,0.0
202410,19740,"Denver-Aurora-Centennial, CO",18,604000.0,-0.0104,-0.0488,10304,0.0062,0.5686,52.0,0.0198,0.2716,3788,-0.1758,0.1362,152,-0.1163,0.3103,0.0084,-0.0007,-0.0002,5504.0,0.0412,0.4062,0.304,0.0237,0.0122,4015.0,-0.0032,0.1489,297.0,-0.0087,-0.0038,2105.0,-0.011,-0.0789,794062.0,-0.0113,-0.1032,14313,0.0036,0.423,0.3897,-0.0037,-0.1423,0.0
202410,41700,"San Antonio-New Braunfels, TX",25,335000.0,-0.0144,-0.0346,11365,-0.0049,0.1763,70.0,0.0373,0.2356,2980,-0.1246,-0.0013,314,-0.203,0.5545,0.0173,-0.0037,0.0048,4450.0,-0.0725,-0.0271,0.2449,-0.0095,-0.0382,3865.0,-0.0237,0.1486,181.0,-0.0053,-0.0224,1945.0,-0.0064,-0.0082,455876.0,-0.0106,-0.0191,15187,-0.01,0.1705,0.3401,-0.0065,-0.0082,0.0
202410,12420,"Austin-Round Rock-San Marcos, TX",26,519500.0,-0.001,-0.0553,10348,-0.0327,0.1816,73.0,0.0139,0.2167,2574,-0.1691,-0.0846,298,0.3304,0.7738,0.0179,0.0049,0.0048,4024.0,-0.1493,-0.0758,0.2423,-0.0208,-0.1046,3720.0,0.0261,2.0919,260.0,0.0005,-0.0402,2065.0,-0.0024,-0.0143,805868.0,0.007,-0.0453,14028,-0.0196,0.4135,0.3594,0.0206,0.2221,0.0
202410,21340,"El Paso, TX",76,295488.0,-0.0103,0.0018,2698,0.0583,0.1174,62.0,-0.1079,0.0248,860,-0.0591,-0.0092,96,0.0213,-0.2941,0.0204,0.0003,-0.0107,588.0,0.144,0.1094,0.1248,0.0137,0.0009,1155.0,-0.012,0.1614,164.0,0.0069,0.0163,1855.0,-0.0103,-0.0307,345689.0,-0.0106,-0.0078,3851,0.0379,0.1285,0.4282,-0.0304,0.0162,0.0
202410,17820,"Colorado Springs, CO",81,496747.0,-0.0188,-0.0345,3112,0.004,0.4181,57.0,0.0561,0.2841,1130,-0.0599,0.1057,40,-0.1667,-0.0476,0.0073,-0.0013,-0.0034,1520.0,-0.0629,0.1894,0.2759,-0.0157,-0.0616,1282.0,-0.0317,0.9329,231.0,0.0057,0.0205,2252.0,-0.023,-0.0567,646670.0,-0.0162,-0.0436,4379,-0.0064,0.5404,0.4118,-0.0152,0.1097,0.0
202410,32580,"McAllen-Edinburg-Mission, TX",84,273125.0,-0.0068,-0.0246,2675,0.0368,0.3814,71.0,0.0368,0.1949,604,0.0709,0.1439,26,0.1818,0.625,0.0069,0.0008,0.0014,580.0,0.0943,0.25,0.1538,0.0064,-0.0064,503.0,0.0612,0.1031,159.0,0.0003,0.0385,1734.0,-0.011,-0.0552,326217.0,-0.0029,-0.0346,3168,0.0411,0.3273,0.188,0.0043,-0.0474,0.0
202409,19100,"Dallas-Fort Worth-Arlington, TX",4,439000.0,-0.0135,-0.0244,25744,0.0104,0.4915,53.0,0.0816,0.2045,9282,-0.0751,0.0828,436,-0.0763,-0.1349,0.0097,-0.0009,-0.0044,12628.0,-0.025,0.3532,0.2784,-0.0057,0.0182,9949.0,-0.0161,0.0384,206.0,-0.0055,-0.0014,2188.0,-0.0056,-0.0272,617220.0,-0.0104,-0.0419,35687,0.0026,0.3276,0.3864,-0.0104,-0.1686,0.0
202409,26420,"Houston-Pasadena-The Woodlands, TX",5,370496.0,-0.012,0.0016,27199,0.018,0.2972,48.0,-0.0588,0.0909,8784,-0.088,0.0482,1242,0.2082,1.4258,0.0268,0.0038,0.0141,9014.0,-0.0266,0.1047,0.1964,-0.0057,-0.0118,10137.0,0.0189,0.0068,175.0,-0.0044,-0.0019,2113.0,-0.0056,0.0043,502871.0,-0.0118,-0.0273,37319,0.0126,0.2103,0.3727,0.0003,-0.1075,0.0
202409,19740,"Denver-Aurora-Centennial, CO",18,610375.0,-0.0155,-0.0595,10241,0.0438,0.6137,51.0,0.0978,0.3289,4596,0.0779,0.2249,172,0.1026,0.3871,0.0091,0.0005,0.0002,5286.0,0.058,0.4333,0.2803,0.0056,0.0154,4028.0,0.0156,0.0479,299.0,-0.0034,0.0022,2128.0,-0.0157,-0.083,803099.0,-0.0106,-0.1044,14262,0.0351,0.4111,0.3933,-0.0109,-0.2124,0.0
202409,41700,"San Antonio-New Braunfels, TX",25,339883.0,-0.0083,-0.0286,11421,-0.0333,0.222,67.0,0.0984,0.3137,3404,0.034,-0.073,394,0.5391,0.4485,0.021,0.0076,0.0042,4798.0,-0.0974,0.1106,0.2544,-0.0172,-0.0121,3959.0,-0.0175,0.0935,182.0,-0.0076,-0.0219,1957.0,-0.0055,-0.0065,460772.0,-0.0023,-0.0221,15341,-0.0299,0.1914,0.3466,0.0056,-0.0407,0.0
202409,12420,"Austin-Round Rock-San Marcos, TX",26,519998.0,-0.0095,-0.0664,10698,-0.0107,0.2267,72.0,0.1077,0.2414,3098,0.108,0.0523,224,0.2444,0.2174,0.013,0.0023,-0.0011,4730.0,-0.0071,0.0194,0.2632,-0.0167,-0.0954,3625.0,0.0731,1.6306,260.0,-0.0028,-0.041,2070.0,-0.001,-0.0222,800283.0,-0.0063,-0.0613,14309,0.0058,0.419,0.3388,0.0265,0.1808,0.0
202409,21340,"El Paso, TX",76,298563.0,-0.0048,-0.0031,2549,-0.0012,0.1314,70.0,-0.0211,0.0859,914,-0.0193,0.1901,94,-0.4405,0.0217,0.0201,-0.0164,-0.0026,514.0,-0.0551,0.0118,0.1112,-0.0063,-0.0134,1169.0,-0.0093,0.0997,163.0,-0.0094,0.0118,1874.0,0.0007,-0.0344,349399.0,-0.0064,-0.0079,3710,-0.0056,0.1202,0.4586,-0.0038,-0.0132,0.0
202409,17820,"Colorado Springs, CO",81,506275.0,-0.0071,-0.0357,3100,0.0345,0.4231,54.0,0.1383,0.2738,1202,-0.0782,0.113,48,-0.25,-0.3333,0.0086,-0.0026,-0.0094,1622.0,0.0214,0.2288,0.2916,0.0105,-0.0462,1324.0,-0.0409,0.88,230.0,-0.0074,0.0126,2305.0,-0.0007,-0.0592,657319.0,-0.0118,-0.0314,4407,0.0142,0.5407,0.427,-0.0336,0.1038,0.0
202409,32580,"McAllen-Edinburg-Mission, TX",84,275000.0,-0.0117,-0.0351,2580,0.045,0.4068,68.0,0.0303,0.2143,564,-0.0537,0.0763,22,-0.3125,0.375,0.0061,-0.0029,0.0005,530.0,0.0772,0.274,0.1474,0.0058,-0.0017,474.0,0.0064,-0.0614,159.0,0.0008,0.0345,1753.0,-0.0048,-0.0509,327173.0,-0.0008,-0.044,3043,0.0321,0.3058,0.1837,-0.007,-0.0916,0.0
202408,19100,"Dallas-Fort Worth-Arlington, TX",4,444999.0,-0.0111,-0.043,25480,0.0427,0.5057,49.0,0.1136,0.1807,10036,-0.0629,0.1226,472,0.1238,-0.0042,0.0106,0.0015,-0.0025,12952.0,-0.078,0.4261,0.2841,-0.0217,0.036,10111.0,-0.0245,-0.0317,207.0,-0.0064,0.0009,2200.0,-0.0106,-0.0418,623720.0,-0.0261,-0.0422,35593,0.0219,0.301,0.3968,-0.0273,-0.2202,0.0
202408,26420,"Houston-Pasadena-The Woodlands, TX",5,374999.0,0.0083,0.002,26719,-0.0042,0.3188,51.0,0.0737,0.2143,9632,0.0557,0.1038,1028,0.2882,0.5623,0.0231,0.0058,0.0066,9260.0,-0.0002,0.1716,0.2021,0.0046,0.0043,9949.0,-0.064,-0.0915,176.0,-0.0024,-0.0001,2125.0,0.0054,0.0009,508899.0,-0.0056,-0.0282,36853,-0.0101,0.1823,0.3724,-0.0238,-0.1682,0.0
202408,19740,"Denver-Aurora-Centennial, CO",18,620000.0,-0.008,-0.0605,9811,0.0165,0.6681,46.0,0.1084,0.3333,4264,-0.0763,0.0534,156,0.0,0.2381,0.0086,0.0003,-0.0004,4996.0,-0.175,0.486,0.2747,-0.0529,0.0356,3966.0,-0.0282,-0.042,300.0,-0.0082,0.0138,2162.0,-0.0163,-0.1021,811670.0,-0.0167,-0.1084,13779,0.0054,0.3763,0.4042,-0.0186,-0.2997,0.0
202408,41700,"San Antonio-New Braunfels, TX",25,342725.0,-0.018,-0.04,11815,-0.0019,0.3837,61.0,0.0796,0.2079,3292,-0.1632,0.023,256,-0.3934,-0.2242,0.0134,-0.0075,-0.0072,5316.0,-0.0411,0.226,0.2716,-0.0075,-0.0016,4029.0,-0.0259,-0.0283,183.0,-0.0035,-0.0245,1968.0,-0.0098,-0.0234,461829.0,-0.0142,-0.0441,15814,-0.0068,0.2564,0.341,-0.0084,-0.1446,0.0
202408,12420,"Austin-Round Rock-San Marcos, TX",26,525000.0,-0.0223,-0.0764,10814,-0.0269,0.2562,65.0,0.1207,0.1927,2796,-0.1317,-0.1284,180,-0.0217,0.1842,0.0107,0.0007,-0.0005,4764.0,-0.1712,-0.0067,0.2799,-0.0413,-0.0755,3378.0,-0.0626,0.9917,260.0,-0.0223,-0.0469,2072.0,-0.0029,-0.0249,805343.0,-0.0205,-0.0561,14226,-0.0305,0.3829,0.3124,-0.0119,0.1154,0.0
202408,21340,"El Paso, TX",76,299995.0,0.0,-0.0032,2552,-0.0198,0.1672,71.0,0.0758,0.136,932,0.1148,0.1563,168,0.6154,0.4483,0.0364,0.0141,0.0085,544.0,-0.0216,0.2197,0.1175,-0.0037,0.0103,1180.0,-0.062,0.0025,165.0,0.0013,0.0226,1873.0,-0.0013,-0.0407,351649.0,-0.0008,-0.003,3731,-0.029,0.1103,0.4624,-0.0208,-0.0759,0.0
202408,17820,"Colorado Springs, CO",81,509900.0,-0.0099,-0.0456,2996,0.0499,0.4625,47.0,0.1605,0.2877,1304,-0.0523,0.0203,64,0.28,0.0323,0.0112,0.0016,-0.0038,1588.0,-0.0988,0.2484,0.2811,-0.0035,-0.0282,1380.0,0.0091,0.6901,231.0,-0.0016,0.016,2307.0,-0.0137,-0.0812,665191.0,-0.0122,-0.0294,4345,0.0301,0.5219,0.4606,-0.0186,0.062,0.0
202408,32580,"McAllen-Edinburg-Mission, TX",84,278250.0,0.0216,-0.0288,2469,0.0121,0.4235,66.0,0.0,0.2222,596,0.0171,0.0605,32,0.0,0.2308,0.009,-0.0002,-0.0001,492.0,-0.0081,0.2487,0.1415,0.0007,0.0014,471.0,-0.0664,-0.118,158.0,-0.0055,0.0404,1762.0,0.0147,-0.057,327440.0,0.0076,-0.0573,2948,0.0039,0.3015,0.1908,-0.016,-0.1171,0.0
202407,19100,"Dallas-Fort Worth-Arlington, TX",4,450000.0,-0.0004,-0.0426,24436,0.0924,0.5147,44.0,0.0233,0.1892,10710,-0.0546,0.0792,420,-0.1393,-0.0278,0.009,-0.0018,-0.0025,14048.0,0.1075,0.556,0.3058,0.0243,0.0639,10365.0,-0.0472,-0.0582,208.0,-0.0051,0.0008,2224.0,-0.0043,-0.0408,640440.0,-0.0244,-0.0376,34831,0.0456,0.2837,0.4242,-0.0622,-0.258,0.0
202407,26420,"Houston-Pasadena-The Woodlands, TX",5,371926.0,0.0055,-0.0082,26831,0.0323,0.3536,48.0,0.0556,0.1875,9124,-0.2167,-0.0963,798,-0.1326,-0.1511,0.0172,-0.0015,-0.0052,9262.0,-0.0697,0.1936,0.1975,-0.0082,0.0109,10630.0,-0.0294,-0.0791,176.0,-0.0041,-0.0037,2114.0,0.0127,-0.0054,511770.0,0.0015,-0.0286,37231,-0.0015,0.1883,0.3962,-0.0252,-0.1862,0.0
202407,19740,"Denver-Aurora-Centennial, CO",18,625000.0,-0.0119,-0.0741,9652,0.072,0.7501,42.0,0.1528,0.3387,4616,-0.1304,0.1505,156,0.0541,0.4444,0.0083,0.0003,0.0006,6056.0,0.0869,0.8668,0.3276,0.0308,0.1011,4081.0,-0.0509,-0.0678,303.0,-0.0019,0.0168,2198.0,-0.0019,-0.1142,825484.0,-0.0249,-0.1204,13705,0.028,0.4,0.4228,-0.0548,-0.371,0.0
202407,41700,"San Antonio-New Braunfels, TX",25,349000.0,0.0032,-0.0438,11838,0.0398,0.4538,57.0,0.0865,0.13,3934,-0.1179,0.0587,422,0.2126,0.9906,0.0209,0.0032,0.0075,5544.0,0.0492,0.3986,0.2791,0.0187,0.0426,4136.0,-0.0309,-0.0906,184.0,-0.0108,-0.0337,1988.0,0.0219,-0.0229,468495.0,0.0054,-0.0457,15922,0.02,0.2599,0.3494,-0.0255,-0.2091,0.0
202407,12420,"Austin-Round Rock-San Marcos, TX",26,537000.0,-0.0235,-0.0661,11114,0.0186,0.3046,58.0,0.1373,0.16,3220,-0.1684,-0.0758,184,-0.193,0.122,0.01,-0.0025,-0.0016,5748.0,-0.0103,0.2717,0.3212,0.0092,-0.0081,3604.0,-0.0805,0.9447,266.0,-0.0162,-0.0399,2078.0,-0.0067,-0.0262,822213.0,-0.031,-0.0512,14674,-0.0095,0.4249,0.3242,-0.0349,0.1067,0.0
202407,21340,"El Paso, TX",76,299995.0,0.0001,-0.0158,2604,-0.0131,0.2339,66.0,0.1186,0.1579,836,-0.0952,-0.0234,104,0.3684,0.8571,0.0223,0.0063,0.009,556.0,0.121,0.4184,0.1212,0.0174,0.0293,1258.0,0.0354,0.0137,165.0,0.003,0.0143,1876.0,0.004,-0.0397,351920.0,-0.0014,-0.0014,3843,-0.0032,0.1416,0.4832,0.0226,-0.105,0.0
202407,17820,"Colorado Springs, CO",81,515000.0,-0.0153,-0.055,2854,0.1173,0.4885,41.0,0.125,0.2656,1376,-0.1291,-0.0086,50,0.1364,0.7857,0.0096,0.0003,0.0029,1762.0,0.1152,0.5348,0.2846,-0.0216,0.0031,1368.0,0.5314,0.7354,232.0,-0.0019,0.026,2339.0,-0.006,-0.1074,673398.0,-0.0259,-0.0304,4218,0.2279,0.5616,0.4792,0.1296,0.0682,0.0
202407,32580,"McAllen-Edinburg-Mission, TX",84,272375.0,0.0014,-0.0543,2440,0.0254,0.474,66.0,0.0154,0.1786,586,-0.0362,0.1098,32,0.3333,0.0,0.0091,0.0021,-0.0026,496.0,-0.1448,0.3053,0.1408,-0.0255,0.0025,505.0,-0.0623,-0.0605,159.0,0.0029,0.0481,1736.0,-0.0108,-0.0741,324969.0,-0.0102,-0.071,2937,0.0043,0.3421,0.2068,-0.0193,-0.1177,0.0
202406,19100,"Dallas-Fort Worth-Arlington, TX",4,450178.0,-0.0095,-0.0493,22368,0.1138,0.524,43.0,0.1169,0.1944,11328,0.0276,0.1075,488,-0.0827,0.3407,0.0109,-0.0017,0.001,12684.0,0.2702,0.6813,0.2816,0.0467,0.0771,10878.0,-0.0547,-0.0553,209.0,-0.0016,0.0019,2233.0,0.0004,-0.038,656479.0,-0.0068,-0.0217,33312,0.0535,0.2708,0.4863,-0.0867,-0.2982,0.0
202406,26420,"Houston-Pasadena-The Woodlands, TX",5,369900.0,0.0,-0.0176,25992,0.0748,0.3989,45.0,0.0976,0.125,11648,0.1001,0.1806,920,-0.1033,-0.0377,0.0187,-0.0033,-0.0047,9956.0,0.1774,0.5021,0.2057,0.0244,0.0433,10951.0,-0.0426,-0.082,177.0,-0.0055,-0.0051,2087.0,0.0126,-0.0088,511000.0,-0.0048,-0.0326,37288,0.0458,0.2233,0.4213,-0.0517,-0.2207,0.0
202406,19740,"Denver-Aurora-Centennial, CO",18,632500.0,-0.0066,-0.0699,9004,0.1944,0.7779,36.0,0.2203,0.2632,5308,-0.0823,0.0837,148,0.0882,-0.0133,0.008,0.0003,-0.0023,5572.0,0.2739,0.932,0.2968,0.0503,0.0939,4300.0,-0.0335,-0.0334,303.0,-0.0129,0.0075,2202.0,0.0052,-0.1142,846534.0,-0.0206,-0.1177,13331,0.1124,0.4056,0.4776,-0.1126,-0.4008,0.0
202406,41700,"San Antonio-New Braunfels, TX",25,347900.0,0.0084,-0.0529,11385,0.0737,0.4885,52.0,0.0196,0.1183,4460,0.0509,0.2239,348,-0.089,-0.13,0.0178,-0.0017,-0.0062,5284.0,0.064,0.4008,0.2605,-0.0016,0.0331,4268.0,-0.0287,-0.1519,186.0,-0.0076,-0.0282,1945.0,0.0135,-0.0368,465993.0,0.0003,-0.0585,15609,0.0435,0.2338,0.3749,-0.0395,-0.2831,0.0
202406,12420,"Austin-Round Rock-San Marcos, TX",26,549900.0,-0.018,-0.0519,10911,0.1019,0.3177,51.0,0.186,0.1333,3872,-0.0688,0.0227,228,0.14,0.0088,0.0125,0.0016,-0.0037,5808.0,0.1344,0.2379,0.3121,0.0287,-0.0182,3919.0,-0.0509,1.0385,271.0,-0.016,-0.0265,2092.0,-0.0065,-0.0216,848485.0,-0.03,-0.0368,14814,0.0564,0.4519,0.3592,-0.0578,0.127,0.0
202406,21340,"El Paso, TX",76,299950.0,0.0,-0.013,2638,0.0369,0.3521,59.0,0.1028,0.1132,924,-0.087,-0.0851,76,-0.4795,-0.5422,0.016,-0.0147,-0.0075,496.0,-0.0159,0.3262,0.1037,-0.0005,0.0051,1215.0,-0.019,0.5283,164.0,-0.0008,0.0033,1868.0,-0.0029,-0.0376,352414.0,0.0047,0.0,3855,0.0193,0.3985,0.4606,-0.0263,0.0531,0.0
202406,17820,"Colorado Springs, CO",81,523000.0,0.0205,-0.049,2554,0.1678,0.5413,36.0,0.2,0.2,1580,-0.0038,0.0792,44,0.0,0.4667,0.0093,0.0001,0.0016,1580.0,0.4234,0.6809,0.3062,0.0666,0.0678,893.0,0.0432,0.0944,232.0,-0.007,0.0204,2353.0,0.0176,-0.1113,691284.0,0.0317,0.0081,3435,0.1374,0.3862,0.3496,-0.0418,-0.1428,0.0
202406,32580,"McAllen-Edinburg-Mission, TX",84,272000.0,-0.0251,-0.0588,2379,0.0208,0.5289,65.0,0.0078,0.1404,608,-0.0675,0.2016,24,0.0,0.7143,0.0071,0.0002,0.0016,580.0,0.1111,0.8012,0.1663,0.0156,0.0438,538.0,0.0151,-0.0545,159.0,-0.0021,0.039,1755.0,-0.016,-0.0672,328307.0,-0.0063,-0.0761,2924,0.0238,0.3786,0.2261,-0.0013,-0.1395,0.0
202405,19100,"Dallas-Fort Worth-Arlington, TX",4,454500.0,0.0102,-0.0317,20082,0.0835,0.525,39.0,-0.0375,0.0548,11024,-0.0503,0.0726,532,-0.1307,0.0114,0.0126,-0.0021,-0.0024,9986.0,0.1051,0.6811,0.2348,0.0182,0.0675,11508.0,-0.0054,-0.0343,209.0,0.0074,0.0094,2232.0,0.0141,-0.0315,660975.0,0.0196,-0.0098,31620,0.0509,0.2532,0.573,-0.0512,-0.3319,0.0
202405,26420,"Houston-Pasadena-The Woodlands, TX",5,369900.0,0.0024,-0.0136,24183,0.0584,0.3847,41.0,-0.0465,0.0,10588,-0.0227,0.0954,1026,-0.1464,0.0665,0.022,-0.0042,-0.0026,8456.0,0.0378,0.3448,0.1813,0.0002,0.0207,11438.0,0.0045,-0.0625,178.0,0.0006,0.0016,2061.0,0.0015,-0.0162,513464.0,-0.0026,-0.0245,35656,0.042,0.2051,0.473,-0.0254,-0.2256,0.0
202405,19740,"Denver-Aurora-Centennial, CO",18,636700.0,0.0187,-0.0668,7539,0.2023,0.7207,30.0,-0.0635,0.2292,5784,0.1127,0.2396,136,-0.0556,0.0462,0.0077,-0.0012,-0.0016,4374.0,0.276,0.99,0.2464,0.0356,0.0797,4449.0,-0.0045,-0.0326,307.0,0.0048,0.0156,2191.0,0.006,-0.1051,864324.0,-0.0108,-0.1119,11984,0.1176,0.332,0.5902,-0.1226,-0.4596,0.0
202405,41700,"San Antonio-New Braunfels, TX",25,345000.0,0.0014,-0.035,10604,0.0703,0.447,51.0,-0.0556,0.1087,4244,0.0728,0.1035,382,0.2013,0.104,0.0195,0.002,-0.002,4966.0,0.169,0.5509,0.262,0.0295,0.0643,4394.0,0.0169,-0.1257,188.0,0.0049,-0.013,1919.0,-0.0021,-0.0325,465842.0,0.014,-0.0377,14959,0.053,0.2152,0.4144,-0.0218,-0.2714,0.0
202405,12420,"Austin-Round Rock-San Marcos, TX",26,560000.0,0.004,-0.0403,9902,0.1133,0.2988,43.0,0.0361,-0.0227,4158,-0.1831,0.0495,200,0.4286,-0.0196,0.011,0.0034,-0.0041,5120.0,0.2144,0.2819,0.2833,0.0364,-0.0145,4129.0,-0.012,1.0975,275.0,-0.0004,-0.003,2106.0,0.002,-0.0132,874761.0,-0.0047,-0.0078,14023,0.0744,0.4634,0.417,-0.0529,0.1588,0.0
202405,21340,"El Paso, TX",76,299950.0,-0.0006,-0.0324,2544,0.0335,0.4616,54.0,-0.0614,0.07,1012,-0.0098,0.0327,146,-0.3482,1.2813,0.0307,-0.0165,0.0091,504.0,0.1887,0.6258,0.1042,0.0135,0.0007,1239.0,-0.0076,3.5118,164.0,0.0002,-0.0043,1874.0,-0.0106,-0.0392,350782.0,-0.0004,-0.0137,3782,0.0245,0.8793,0.4868,-0.0202,0.3291,0.0
202405,17820,"Colorado Springs, CO",81,512500.0,0.0148,-0.0682,2187,0.2007,0.4893,30.0,-0.0323,0.1765,1586,0.0193,0.0923,44,0.375,0.5714,0.0092,0.0015,0.0017,1110.0,0.2967,0.5164,0.2396,0.0315,0.0454,856.0,0.0203,-0.0322,234.0,-0.0001,0.0149,2312.0,0.0026,-0.1205,670016.0,0.0255,-0.0333,3020,0.1413,0.2878,0.3914,-0.0692,-0.2109,0.0
202405,32580,"McAllen-Edinburg-Mission, TX",84,279000.0,0.0054,-0.0283,2331,0.0257,0.5277,65.0,0.0157,0.1121,652,0.156,0.2835,24,-0.0769,0.0,0.0069,-0.0008,-0.0021,522.0,0.0567,0.6012,0.1507,0.0056,0.0292,530.0,-0.0302,-0.0759,159.0,0.0002,0.0418,1784.0,0.0014,-0.0469,330387.0,-0.009,-0.0705,2856,0.0169,0.3645,0.2274,-0.0131,-0.1485,0.0
202404,19100,"Dallas-Fort Worth-Arlington, TX",4,449900.0,0.0225,-0.0217,18535,0.0839,0.4789,40.0,0.0,0.0256,11608,0.1599,0.2062,612,0.0268,0.2966,0.0146,-0.0006,0.001,9036.0,0.2748,0.6441,0.2166,0.0215,0.0517,11570.0,0.0923,0.0093,208.0,0.0083,0.0109,2201.0,0.011,-0.0313,648240.0,0.0306,-0.0008,30088,0.0869,0.2477,0.6242,0.0048,-0.2904,0.0
202404,26420,"Houston-Pasadena-The Woodlands, TX",5,369000.0,0.0227,-0.0027,22848,0.0538,0.3233,43.0,0.0,0.0,10834,0.0799,0.1751,1202,0.1831,0.3296,0.0262,0.002,0.003,8148.0,0.1843,0.549,0.1811,0.0138,0.0439,11387.0,0.0939,-0.041,178.0,0.006,0.0083,2058.0,0.0088,-0.0134,514825.0,0.015,-0.016,34218,0.0667,0.1748,0.4984,0.0183,-0.1893,0.0
202404,19740,"Denver-Aurora-Centennial, CO",18,625000.0,0.0082,-0.0795,6270,0.235,0.5762,32.0,0.05,0.3125,5198,0.1835,0.201,144,0.125,0.125,0.0089,-0.0001,-0.0011,3428.0,0.5249,0.9884,0.2108,0.0383,0.0721,4469.0,0.0795,0.0292,306.0,-0.0104,0.0198,2178.0,0.0175,-0.1109,873752.0,-0.0148,-0.1031,10723,0.1433,0.2916,0.7128,-0.1027,-0.3787,0.0
202404,41700,"San Antonio-New Braunfels, TX",25,344513.0,0.0136,-0.0212,9908,0.0355,0.4438,54.0,-0.0526,0.0189,3956,0.0928,0.2032,318,0.06,-0.2838,0.0175,0.0009,-0.0099,4248.0,0.1748,0.5504,0.2325,0.0144,0.0524,4321.0,0.0808,-0.1342,187.0,0.0051,-0.0119,1923.0,0.0047,-0.0278,459388.0,0.0173,-0.0493,14205,0.0505,0.2026,0.4361,0.0183,-0.2912,0.0
202404,12420,"Austin-Round Rock-San Marcos, TX",26,557748.0,0.0145,-0.0198,8895,0.1771,0.2359,42.0,0.0375,-0.0568,5090,0.2005,0.3624,140,-0.3636,-0.3137,0.0076,-0.0087,-0.0093,4216.0,0.4263,0.2473,0.247,0.0242,-0.0246,4179.0,1.5266,1.3976,275.0,0.0148,0.01,2102.0,0.0055,-0.0101,878866.0,0.0135,0.0185,13052,0.4205,0.4629,0.4698,0.2509,0.2277,0.0
202404,21340,"El Paso, TX",76,300125.0,0.0021,0.0003,2462,0.0051,0.4819,57.0,-0.0172,0.0556,1022,0.1256,0.1884,224,-0.0508,0.4359,0.0472,-0.0055,-0.0045,424.0,-0.152,0.5143,0.0907,-0.0208,-0.0085,1248.0,0.2128,3.4892,164.0,-0.0017,-0.0016,1894.0,-0.0026,-0.0245,350940.0,0.0154,-0.0001,3692,0.049,0.948,0.507,0.0868,0.3396,0.0
202404,17820,"Colorado Springs, CO",81,505028.0,0.0203,-0.056,1822,0.1952,0.3716,31.0,-0.1389,0.1071,1556,0.3649,0.1408,32,0.1429,-0.2,0.0077,-0.0004,-0.0033,856.0,0.3459,0.5286,0.2081,0.0248,0.0475,839.0,0.1083,0.0409,234.0,-0.0125,0.0166,2306.0,0.0665,-0.1056,653376.0,0.0231,-0.0287,2646,0.1755,0.2388,0.4606,-0.0361,-0.1463,0.0
202404,32580,"McAllen-Edinburg-Mission, TX",84,277500.0,-0.0018,-0.0281,2272,-0.007,0.484,64.0,0.0763,0.0948,564,-0.0342,0.1557,26,-0.0714,0.625,0.0077,-0.0005,0.0013,494.0,0.0041,0.436,0.1451,0.0026,0.0074,547.0,0.0974,-0.01,159.0,0.0025,0.0401,1781.0,0.0071,-0.0597,333372.0,0.0128,-0.0724,2809,0.0081,0.3594,0.2405,0.0229,-0.12,0.0
202403,19100,"Dallas-Fort Worth-Arlington, TX",4,439990.0,0.0115,-0.0049,17101,0.0677,0.3797,40.0,-0.1579,-0.1209,10008,0.0895,0.1662,596,-0.0629,0.3484,0.0152,-0.0034,0.0012,7088.0,0.0697,0.4063,0.1951,0.0034,0.0351,10592.0,0.1136,-0.0073,206.0,0.0058,0.0134,2177.0,0.0087,-0.018,628977.0,0.0172,0.0168,27682,0.0848,0.1997,0.6194,0.0255,-0.2414,0.0
202403,26420,"Houston-Pasadena-The Woodlands, TX",5,360794.0,0.0025,0.0022,21681,0.0422,0.2365,43.0,-0.0947,-0.0753,10032,0.1249,0.2061,1016,-0.0451,-0.0078,0.0242,-0.0027,-0.0035,6880.0,0.0539,0.31,0.1672,-0.0007,0.0241,10409.0,0.0873,-0.0288,177.0,0.0023,0.0132,2040.0,0.0027,-0.0183,507239.0,0.0036,0.0023,32077,0.0565,0.134,0.4801,0.0199,-0.1312,0.0
202403,19740,"Denver-Aurora-Centennial, CO",18,619925.0,0.0167,-0.0535,5077,0.1833,0.4806,30.0,-0.1304,0.1215,4392,0.2046,0.1941,128,-0.0448,-0.0588,0.009,-0.0021,-0.0034,2248.0,0.3349,0.5546,0.1725,0.024,0.0412,4140.0,0.1267,0.0748,309.0,-0.0019,0.0258,2140.0,0.0215,-0.0984,886902.0,0.0153,-0.0887,9379,0.1793,0.2923,0.8154,-0.041,-0.3079,0.0
202403,41700,"San Antonio-New Braunfels, TX",25,339900.0,0.0148,-0.0192,9568,0.0365,0.369,57.0,-0.1618,0.0459,3620,0.0039,0.17,300,-0.2268,0.0135,0.0166,-0.0072,-0.0035,3616.0,0.0403,0.3275,0.2181,0.0059,0.0311,3998.0,0.113,-0.1394,186.0,0.01,-0.0136,1914.0,0.0021,-0.0109,451556.0,0.0059,-0.034,13522,0.0633,0.1675,0.4179,0.0287,-0.2468,0.0
202403,12420,"Austin-Round Rock-San Marcos, TX",26,549783.0,0.0144,-0.0003,7556,0.1435,0.1578,40.0,-0.3333,-0.2157,4240,0.3225,0.1903,220,0.0092,-0.2086,0.0163,-0.0031,-0.0081,2956.0,0.2195,-0.0471,0.2228,0.0144,-0.0451,1654.0,0.199,0.0548,271.0,0.0114,0.0203,2090.0,0.0022,-0.0014,867123.0,0.0374,0.0356,9188,0.1524,0.1361,0.2189,0.0101,-0.0214,0.0
202403,21340,"El Paso, TX",76,299500.0,0.0031,0.0028,2449,0.006,0.3467,58.0,-0.1343,-0.0333,908,0.0733,0.1155,236,0.18,0.6389,0.0527,0.006,0.0009,500.0,0.1682,0.8116,0.1115,0.0124,0.0162,1029.0,0.0576,4.0195,164.0,0.0019,0.0241,1899.0,0.008,-0.0163,345633.0,0.0143,0.0094,3519,0.03,0.7361,0.4202,0.0205,0.3074,0.0
202403,17820,"Colorado Springs, CO",81,495000.0,0.0107,-0.0616,1524,0.0263,0.2,36.0,-0.1111,-0.0137,1140,0.122,0.0215,28,1.0,-0.0667,0.0081,0.0036,-0.0014,636.0,0.1822,0.1606,0.1833,0.0134,0.0078,757.0,0.1418,0.0558,237.0,0.0163,0.0428,2162.0,-0.0016,-0.1232,638631.0,-0.0198,-0.0245,2251,0.0514,0.1297,0.4967,0.0503,-0.0678,0.0
202403,32580,"McAllen-Edinburg-Mission, TX",84,278000.0,0.0109,-0.0246,2288,0.0346,0.4848,59.0,-0.0598,0.0261,584,0.0,0.2116,28,0.0,0.1667,0.0082,-0.0004,-0.0011,492.0,0.1284,0.5185,0.1425,0.0084,0.0122,498.0,0.1091,-0.001,159.0,0.0011,0.0351,1769.0,0.006,-0.0696,329160.0,0.006,-0.0862,2786,0.0491,0.3707,0.2177,0.0146,-0.1058,0.0
202402,19100,"Dallas-Fort Worth-Arlington, TX",4,435000.0,0.0091,0.0,16017,0.0149,0.2538,48.0,-0.24,-0.188,9186,0.2132,0.2014,636,0.2231,0.8276,0.0187,0.0022,0.0068,6626.0,0.1084,0.3121,0.1917,-0.0011,0.0275,9512.0,0.2348,-0.075,205.0,0.005,0.0154,2158.0,-0.0031,-0.0154,618316.0,0.0102,0.0338,25518,0.0841,0.107,0.5939,0.1058,-0.2111,0.0
202402,26420,"Houston-Pasadena-The Woodlands, TX",5,359900.0,0.0048,0.0066,20803,0.0124,0.1629,48.0,-0.188,-0.1204,8918,0.1661,0.1612,1064,-0.031,0.1295,0.027,-0.0027,0.0006,6528.0,0.1497,0.1818,0.1679,0.013,0.0113,9573.0,0.1975,-0.0512,177.0,0.0058,0.0182,2035.0,-0.0049,-0.02,505413.0,0.0099,0.0103,30363,0.0602,0.0858,0.4602,0.0711,-0.1038,0.0
202402,19740,"Denver-Aurora-Centennial, CO",18,609750.0,0.0163,-0.0359,4291,0.0224,0.3002,35.0,-0.448,-0.1834,3646,0.1761,0.1754,134,0.4565,0.2182,0.011,0.002,0.0004,1684.0,0.1152,0.2419,0.1485,-0.0023,0.0126,3675.0,0.2754,-0.0053,310.0,0.0255,0.0625,2095.0,0.0018,-0.095,873575.0,0.0342,-0.0511,7953,0.1231,0.1452,0.8564,0.1699,-0.263,0.0
202402,41700,"San Antonio-New Braunfels, TX",25,334948.0,-0.0026,-0.0149,9231,0.0097,0.267,68.0,-0.0993,0.0149,3606,0.1116,0.1116,388,0.687,-0.1745,0.0238,0.009,-0.0077,3476.0,0.0924,0.2932,0.2122,-0.0031,0.0291,3592.0,0.2359,-0.1697,184.0,0.001,-0.0127,1910.0,-0.0065,-0.0166,448896.0,-0.0047,-0.0095,12717,0.0551,0.0986,0.3891,0.0712,-0.2047,0.0
202402,12420,"Austin-Round Rock-San Marcos, TX",26,542000.0,-0.0055,0.0207,6608,0.0275,0.0812,60.0,-0.2157,-0.1367,3206,0.3358,0.1393,218,0.2386,-0.2214,0.0194,0.0017,-0.0074,2424.0,0.1079,-0.1055,0.2083,-0.0129,-0.0525,1380.0,0.3138,-0.0503,268.0,0.0109,0.032,2086.0,-0.0033,0.0055,835846.0,0.0097,0.0309,7973,0.06,0.055,0.2088,0.0455,-0.0289,0.0
202402,21340,"El Paso, TX",76,298570.0,0.0121,0.0054,2435,0.0573,0.3336,67.0,-0.1184,-0.0074,846,-0.043,-0.0047,200,-0.1228,2.7037,0.0467,-0.0099,0.0279,428.0,0.237,0.2299,0.0991,0.016,-0.0233,973.0,0.1013,4.0026,164.0,0.0066,0.0374,1884.0,0.0032,-0.0281,340766.0,0.0028,0.0121,3417,0.0723,0.6913,0.3997,0.016,0.2931,0.0
202402,17820,"Colorado Springs, CO",81,489776.0,0.0039,-0.0185,1485,-0.0285,0.0804,41.0,-0.352,-0.1474,1016,0.1572,0.0496,14,-0.5882,-0.4167,0.0045,-0.0067,-0.0036,538.0,0.076,-0.0627,0.1699,-0.0025,-0.0192,663.0,0.0896,-0.0236,233.0,0.0233,0.0325,2166.0,-0.0212,-0.0708,651504.0,-0.0014,0.0347,2141,0.0026,0.0516,0.4465,0.0484,-0.0475,0.0
202402,32580,"McAllen-Edinburg-Mission, TX",84,275000.0,0.0,-0.0283,2212,0.0388,0.4158,63.0,-0.1345,-0.0492,584,0.0139,0.0936,28,-0.0667,0.5556,0.0086,-0.0007,0.0015,436.0,0.1848,0.483,0.1341,0.0198,0.0196,449.0,0.0845,-0.0385,159.0,0.0081,0.0438,1758.0,-0.0087,-0.0755,327181.0,-0.0075,-0.0839,2656,0.0461,0.3107,0.203,0.0086,-0.0959,0.0
202401,19100,"Dallas-Fort Worth-Arlington, TX",4,431088.0,-0.009,-0.0056,15782,-0.0906,0.0761,63.0,0.0776,-0.0234,7572,0.3838,0.028,520,0.413,0.07,0.0164,0.0044,0.0004,5978.0,0.1136,-0.1107,0.1928,0.0184,-0.0338,7703.0,-0.0241,-0.0506,204.0,0.0001,0.0146,2165.0,-0.0101,-0.0112,612069.0,-0.0259,0.0374,23539,-0.0697,0.0335,0.4881,0.0333,-0.0651,0.0
202401,26420,"Houston-Pasadena-The Woodlands, TX",5,358192.0,-0.0047,0.0094,20548,-0.0456,0.0986,59.0,0.0446,-0.0714,7648,0.1752,0.0769,1098,0.4077,0.1631,0.0297,0.0085,0.0015,5678.0,0.1929,-0.0606,0.1549,0.023,-0.0253,7994.0,-0.0062,0.0006,176.0,0.0044,0.0209,2045.0,-0.0161,-0.0185,500461.0,-0.0054,0.0126,28638,-0.0323,0.0709,0.389,0.0154,-0.0381,0.0
202401,19740,"Denver-Aurora-Centennial, CO",18,599997.0,-0.0164,0.0,4197,-0.1519,0.114,63.0,0.0246,-0.031,3100,0.967,0.2128,92,0.0,-0.1636,0.009,0.0001,-0.0036,1510.0,0.2753,-0.0156,0.1508,0.0246,-0.0186,2881.0,0.0049,0.0913,302.0,0.0104,0.0639,2091.0,-0.0309,-0.0752,844649.0,-0.004,-0.0173,7081,-0.093,0.1072,0.6865,0.1071,-0.0143,0.0
202401,41700,"San Antonio-New Braunfels, TX",25,335825.0,0.0006,-0.0322,9142,-0.0366,0.2444,76.0,0.1103,-0.0382,3244,0.2672,0.1569,230,-0.0254,-0.3195,0.0147,-0.0004,-0.0102,3182.0,0.1496,0.0199,0.2153,0.0263,-0.0151,2907.0,0.017,-0.1577,184.0,0.0029,-0.0045,1923.0,-0.0077,-0.0369,451037.0,0.0033,-0.012,12053,-0.028,0.1239,0.3179,0.0167,-0.1518,0.0
202401,12420,"Austin-Round Rock-San Marcos, TX",26,544988.0,0.0093,0.044,6431,-0.1212,0.0204,77.0,0.0338,-0.0255,2400,0.2632,-0.1144,176,0.2222,-0.3125,0.0177,0.0024,-0.007,2188.0,0.0621,-0.305,0.2212,0.0209,-0.0925,1050.0,0.0165,-0.0999,265.0,-0.0056,0.0303,2093.0,0.0026,0.0232,827848.0,0.0032,0.0687,7522,-0.1027,0.0034,0.1633,0.0221,-0.0218,0.0
202401,21340,"El Paso, TX",76,295000.0,0.0,0.0052,2303,-0.0118,0.2277,76.0,0.027,0.0483,884,0.4539,-0.0887,228,3.0714,-0.0732,0.0566,0.0424,-0.0281,346.0,0.2357,0.1849,0.0831,0.0122,-0.0131,884.0,-0.0469,4.6817,163.0,0.0056,0.0417,1878.0,-0.0098,-0.0297,339830.0,-0.0122,0.0203,3186,-0.0293,0.5541,0.3837,-0.0141,0.3008,0.0
202401,17820,"Colorado Springs, CO",81,487875.0,-0.0043,-0.0219,1529,-0.1569,-0.0208,63.0,0.0593,-0.0458,878,0.5034,-0.0045,34,0.4167,0.0,0.0112,0.0012,-0.0001,500.0,-0.0458,-0.3094,0.1724,-0.0053,-0.0763,609.0,0.0751,0.1258,228.0,0.0123,0.0235,2213.0,-0.0389,-0.0324,652404.0,-0.0012,0.0456,2136,-0.0974,0.0167,0.3981,0.0859,0.0519,0.0
202401,32580,"McAllen-Edinburg-Mission, TX",84,275000.0,-0.0143,-0.0186,2129,0.0431,0.3643,73.0,0.0211,0.014,576,0.3091,0.2203,30,0.5,1.5,0.0093,0.0021,0.0044,368.0,0.2105,0.2267,0.1143,0.0112,-0.0092,414.0,-0.0143,0.1144,157.0,0.0146,0.0493,1774.0,-0.0147,-0.0661,329659.0,-0.0068,-0.0681,2539,0.0378,0.318,0.1945,-0.0113,-0.0436,0.0
202312,19100,"Dallas-Fort Worth-Arlington, TX",4,435000.0,-0.0225,-0.0091,17355,-0.0829,0.0634,58.0,0.1717,-0.0085,5472,-0.2773,0.0451,368,-0.1111,0.3143,0.012,0.0003,0.0026,5368.0,-0.3845,-0.0945,0.1744,-0.0761,-0.0229,7893.0,-0.0319,-0.0697,204.0,-0.005,0.0123,2187.0,-0.0106,-0.0131,628356.0,-0.0145,0.0505,25302,-0.0657,0.0202,0.4548,0.0239,-0.065,0.0
202312,26420,"Houston-Pasadena-The Woodlands, TX",5,359900.0,-0.0135,0.0,21529,-0.033,0.0672,56.0,0.12,-0.0508,6508,-0.1557,0.049,780,0.0484,0.1607,0.0212,0.002,0.0007,4760.0,-0.3924,-0.1053,0.1318,-0.0707,-0.0211,8044.0,-0.0708,-0.043,175.0,0.001,0.0176,2078.0,-0.0081,-0.0161,503186.0,-0.0108,0.0093,29594,-0.0434,0.0359,0.3736,-0.0152,-0.043,0.0
202312,19740,"Denver-Aurora-Centennial, CO",18,610000.0,-0.024,0.0167,4948,-0.2026,0.0715,61.0,0.2842,0.0339,1576,-0.3901,0.0314,92,-0.3784,0.15,0.0089,-0.0031,0.0009,1184.0,-0.6019,-0.285,0.1262,-0.1207,-0.0579,2867.0,-0.112,0.0017,299.0,0.0035,0.0635,2158.0,-0.0379,-0.0409,848083.0,-0.0254,0.0212,7807,-0.1733,0.0451,0.5794,0.0592,-0.0403,0.0
202312,41700,"San Antonio-New Braunfels, TX",25,335629.0,-0.0126,-0.0383,9489,-0.0398,0.2091,68.0,0.1525,0.0149,2560,-0.1328,0.1532,236,0.0085,0.4048,0.0151,0.0001,0.0028,2768.0,-0.2957,-0.024,0.189,-0.0533,-0.0193,2858.0,-0.0969,-0.2017,183.0,-0.003,-0.0059,1938.0,-0.0059,-0.0317,449573.0,-0.0082,-0.0167,12400,-0.0426,0.0885,0.3012,-0.019,-0.155,0.0
202312,12420,"Austin-Round Rock-San Marcos, TX",26,539990.0,-0.0173,0.0286,7317,-0.1388,0.0336,74.0,0.1473,0.0278,1900,-0.2129,0.2087,144,-0.1529,0.8,0.0153,0.0011,0.0068,2060.0,-0.4178,-0.2393,0.2004,-0.0945,-0.0561,1033.0,-0.0731,-0.1622,267.0,-0.0098,0.0231,2087.0,-0.0055,0.0195,825179.0,-0.0076,0.0629,8382,-0.1229,0.0098,0.1412,0.01,-0.033,0.0
202312,21340,"El Paso, TX",76,295000.0,0.0027,0.0129,2330,-0.0682,0.2367,74.0,0.1429,0.0882,608,-0.1762,-0.1214,56,-0.5556,-0.4615,0.0141,-0.0152,-0.0241,280.0,-0.4043,0.2963,0.071,-0.0388,-0.0046,927.0,-0.0112,5.2635,162.0,0.004,0.046,1896.0,-0.0013,-0.0232,344035.0,-0.0055,0.0452,3282,-0.0452,0.616,0.3979,0.0229,0.3193,0.0
202312,17820,"Colorado Springs, CO",81,490000.0,-0.0184,-0.018,1813,-0.1585,-0.064,59.0,0.2165,-0.0635,584,-0.3303,0.021,24,-0.3333,-0.25,0.01,0.0,-0.0016,524.0,-0.513,-0.3879,0.1776,-0.1217,-0.1013,566.0,-0.0308,-0.0053,225.0,0.0032,0.0344,2302.0,-0.0241,-0.0254,653202.0,-0.0105,0.0624,2366,-0.1295,-0.0525,0.3122,0.0411,0.0184,0.0
202312,32580,"McAllen-Edinburg-Mission, TX",84,279000.0,-0.0033,-0.0032,2041,0.0169,0.3314,71.0,0.084,0.0597,440,-0.0435,0.1111,20,0.0,1.5,0.0072,0.0003,0.0035,304.0,-0.3244,0.2881,0.1031,-0.0524,0.0035,420.0,-0.0152,0.0024,155.0,0.0035,0.0506,1800.0,-0.0055,-0.0506,331910.0,-0.0143,-0.057,2446,0.0068,0.2556,0.2058,-0.0067,-0.0675,0.0
202311,19100,"Dallas-Fort Worth-Arlington, TX",4,445000.0,-0.0089,-0.0077,18924,0.0174,0.0598,50.0,0.0879,0.0206,7572,-0.1254,0.0053,414,-0.0633,-0.0841,0.0118,-0.0005,-0.0011,8722.0,-0.0949,-0.0892,0.2505,-0.0174,-0.0233,8154.0,-0.0796,-0.1259,205.0,-0.003,0.0097,2211.0,-0.0074,-0.014,637626.0,-0.0155,0.0464,27081,-0.0154,-0.0041,0.4309,-0.0454,-0.0915,0.0
202311,26420,"Houston-Pasadena-The Woodlands, TX",5,364832.0,-0.0086,0.007,22264,0.0155,0.0442,50.0,0.0753,-0.0291,7708,-0.0549,0.0777,744,-0.1036,0.3238,0.0192,-0.002,0.0043,7834.0,-0.039,-0.1184,0.2026,-0.0058,-0.0316,8657.0,-0.0677,-0.0437,175.0,-0.0008,0.013,2095.0,-0.0036,-0.015,508690.0,-0.0061,0.0077,30936,-0.0094,0.0185,0.3888,-0.0347,-0.0357,0.0
202311,19740,"Denver-Aurora-Centennial, CO",18,625000.0,-0.0157,0.0268,6206,-0.0553,0.03,48.0,0.1728,0.0383,2584,-0.225,0.0479,148,0.2759,0.9474,0.012,0.0034,0.0059,2974.0,-0.2402,-0.1905,0.2469,-0.045,-0.0635,3229.0,-0.0761,-0.0361,298.0,0.0001,0.0605,2243.0,-0.0183,-0.0184,870155.0,-0.0172,0.0541,9444,-0.0611,0.0095,0.5203,-0.0117,-0.0357,0.0
202311,41700,"San Antonio-New Braunfels, TX",25,339900.0,-0.0205,-0.0289,9883,0.0229,0.1971,59.0,0.0489,0.0536,2952,-0.0107,0.0513,234,0.1584,-0.1522,0.015,0.0025,-0.003,3930.0,-0.1408,0.0031,0.2423,-0.0408,-0.0138,3165.0,-0.0594,-0.225,184.0,-0.0085,-0.0021,1949.0,-0.006,-0.0325,453308.0,-0.0247,-0.0121,12952,-0.0018,0.0501,0.3202,-0.028,-0.1744,0.0
202311,12420,"Austin-Round Rock-San Marcos, TX",26,549495.0,-0.0007,0.034,8496,-0.0299,0.021,65.0,0.075,0.075,2414,-0.1415,-0.0496,170,0.0119,-0.1584,0.0141,0.001,-0.0026,3538.0,-0.1874,-0.2342,0.2949,-0.0521,-0.0839,1115.0,-0.0736,-0.1705,269.0,-0.0047,0.0221,2099.0,0.0017,0.0232,831478.0,-0.015,0.0613,9557,-0.037,-0.009,0.1312,-0.0062,-0.0303,0.0
202311,21340,"El Paso, TX",76,294213.0,-0.0025,0.0111,2501,0.0358,0.323,65.0,0.0702,0.0882,738,-0.1498,-0.0465,126,-0.0735,0.5366,0.0293,-0.0018,0.0005,470.0,-0.1132,0.5563,0.1097,-0.0142,0.0059,938.0,-0.0573,4.6138,161.0,-0.0013,0.0471,1899.0,-0.008,-0.0219,345927.0,-0.0072,0.052,3438,0.0075,0.6723,0.3749,-0.037,0.2866,0.0
202311,17820,"Colorado Springs, CO",81,499187.0,-0.0297,-0.001,2155,-0.0182,-0.0703,49.0,0.1023,-0.049,872,-0.1468,-0.0522,36,-0.1429,1.25,0.01,-0.0006,0.0055,1076.0,-0.1581,-0.2433,0.2993,-0.0382,-0.0669,584.0,-0.1192,-0.1118,224.0,-0.0094,0.0251,2359.0,-0.0119,-0.0147,660136.0,-0.0237,0.0777,2718,-0.0438,-0.0827,0.2711,-0.0311,-0.0127,0.0
202311,32580,"McAllen-Edinburg-Mission, TX",84,279925.0,-0.0003,0.0039,2007,0.0364,0.3075,66.0,0.1102,0.1102,460,-0.1288,0.0,20,0.25,0.0,0.0069,0.0014,-0.0012,450.0,-0.0302,0.4423,0.1554,-0.0048,0.0281,427.0,-0.0647,-0.0667,155.0,0.0117,0.0585,1810.0,-0.0136,-0.0372,336711.0,-0.0036,-0.0417,2430,0.018,0.2209,0.2125,-0.023,-0.0852,0.0
202310,19100,"Dallas-Fort Worth-Arlington, TX",4,449000.0,-0.0022,-0.0022,18601,0.0776,0.0659,46.0,0.0341,0.0341,8658,0.01,-0.0134,442,-0.123,0.1392,0.0123,-0.0019,0.0017,9636.0,0.0326,-0.1208,0.2678,0.0076,-0.0288,8859.0,-0.0754,-0.1431,206.0,-0.0013,0.0054,2227.0,-0.0098,-0.0091,647680.0,0.0054,0.0577,27503,0.0231,-0.0101,0.4763,-0.0788,-0.1162,0.0
202310,26420,"Houston-Pasadena-The Woodlands, TX",5,367995.0,-0.0052,0.0,21924,0.0456,0.0473,47.0,0.0568,-0.051,8156,-0.0267,-0.0263,830,0.6211,0.25,0.0212,0.0085,0.0045,8152.0,-0.001,-0.1909,0.2084,0.0002,-0.0458,9286.0,-0.0778,-0.1015,175.0,-0.0047,0.0069,2103.0,-0.0007,-0.0171,511815.0,-0.01,0.0092,31229,0.0128,0.0038,0.4235,-0.0567,-0.0702,0.0
202310,19740,"Denver-Aurora-Centennial, CO",18,635000.0,-0.0216,0.0242,6569,0.0351,-0.0011,41.0,0.0658,0.0946,3334,-0.1114,-0.1095,116,-0.0645,0.16,0.0086,-0.0002,0.0014,3914.0,0.0613,-0.2271,0.2919,0.027,-0.0698,3495.0,-0.0909,-0.0797,298.0,-0.0028,0.0569,2285.0,-0.0154,-0.0058,885394.0,-0.0127,0.071,10059,-0.0048,-0.0345,0.532,-0.0738,-0.0454,0.0
202310,41700,"San Antonio-New Braunfels, TX",25,347000.0,-0.0083,-0.0223,9661,0.0337,0.2055,56.0,0.1029,0.0817,2984,-0.1874,-0.1244,202,-0.2574,-0.1984,0.0124,-0.0043,-0.0037,4574.0,0.0588,0.0677,0.2831,0.0166,0.0132,3365.0,-0.0706,-0.2689,185.0,-0.0047,0.0002,1961.0,-0.0047,-0.0298,464766.0,-0.0136,-0.0083,12975,0.0077,0.0347,0.3483,-0.0391,-0.226,0.0
202310,12420,"Austin-Round Rock-San Marcos, TX",26,549900.0,-0.0127,0.0,8758,0.0042,0.0191,60.0,0.0345,0.0714,2812,-0.0448,-0.1146,168,-0.087,-0.3115,0.0132,-0.001,-0.006,4354.0,-0.0616,-0.3359,0.3469,-0.0116,-0.1392,1203.0,-0.127,-0.1855,271.0,-0.0003,0.006,2095.0,-0.0104,0.0121,844116.0,-0.0099,0.0577,9924,-0.0159,-0.0139,0.1374,-0.0206,-0.0345,0.0
202310,21340,"El Paso, TX",76,294950.0,-0.0152,0.0111,2414,0.0715,0.312,61.0,-0.0547,0.1748,868,0.1302,-0.1285,136,0.4783,1.6154,0.0311,0.0085,0.0137,530.0,0.0433,0.4096,0.1239,-0.0006,0.0033,995.0,-0.0644,4.525,162.0,0.0024,0.0518,1914.0,-0.014,-0.0206,348420.0,-0.0107,0.0454,3412,0.0302,0.6891,0.412,-0.0598,0.3141,0.0
202310,17820,"Colorado Springs, CO",81,514475.0,-0.02,0.029,2195,0.0076,-0.1087,44.0,0.0476,-0.0435,1022,-0.0537,-0.165,42,-0.4167,0.05,0.0107,-0.0073,0.0018,1278.0,-0.0318,-0.2884,0.3375,-0.0002,-0.0665,663.0,-0.0582,-0.1608,226.0,-0.0021,0.019,2387.0,-0.0256,0.0052,676172.0,-0.0036,0.0924,2843,-0.0061,-0.1205,0.3021,-0.0211,-0.0188,0.0
202310,32580,"McAllen-Edinburg-Mission, TX",84,280000.0,-0.0175,0.0182,1937,0.0559,0.33,59.0,0.0536,0.0727,528,0.0076,0.0909,16,0.0,0.3333,0.0055,-0.0001,0.0007,464.0,0.1154,0.3182,0.1602,0.0111,0.0162,456.0,-0.097,-0.097,153.0,-0.0036,0.0604,1835.0,-0.0065,-0.0124,337922.0,-0.0126,-0.0328,2387,0.0242,0.2188,0.2355,-0.0399,-0.1114,0.0
202309,19100,"Dallas-Fort Worth-Arlington, TX",4,450000.0,-0.0323,-0.0088,17261,0.02,0.0468,44.0,0.0602,0.0353,8572,-0.0412,-0.1099,504,0.0633,0.2923,0.0142,0.0011,0.0038,9332.0,0.0275,-0.103,0.2602,0.012,-0.017,9581.0,-0.0825,-0.173,206.0,-0.0032,-0.0052,2249.0,-0.0205,0.0,644200.0,-0.0107,0.0544,26881,-0.0174,-0.0433,0.5551,-0.062,-0.1475,0.0
202309,26420,"Houston-Pasadena-The Woodlands, TX",5,369900.0,-0.0116,-0.0136,20968,0.0349,0.0208,44.0,0.0476,-0.033,8380,-0.0397,-0.0557,512,-0.2219,-0.4033,0.0127,-0.0038,-0.0085,8160.0,0.0324,-0.1894,0.2082,0.0104,-0.0376,10069.0,-0.0805,-0.1327,176.0,-0.0026,-0.0051,2104.0,-0.0089,-0.0234,516980.0,-0.0128,0.0079,30835,-0.0107,-0.0426,0.4802,-0.0603,-0.085,0.0
202309,19740,"Denver-Aurora-Centennial, CO",18,649000.0,-0.0166,0.0355,6346,0.079,-0.0226,38.0,0.1014,0.0556,3752,-0.0731,-0.0963,124,-0.0159,0.55,0.0089,-0.0001,0.0038,3688.0,0.097,-0.2504,0.2649,0.0257,-0.0549,3844.0,-0.0715,-0.1519,299.0,0.0081,0.0509,2321.0,-0.0362,0.0076,896750.0,-0.0149,0.0944,10107,0.0095,-0.0783,0.6057,-0.0982,-0.0924,0.0
202309,41700,"San Antonio-New Braunfels, TX",25,349900.0,-0.0199,-0.0279,9346,0.0946,0.2442,51.0,0.0099,0.0968,3672,0.1411,0.0444,272,-0.1758,0.3737,0.0168,-0.0038,0.0046,4320.0,-0.0037,0.135,0.2665,-0.0067,0.034,3620.0,-0.127,-0.3304,186.0,-0.0102,-0.0028,1970.0,-0.0225,-0.0286,471171.0,-0.0248,-0.004,12876,0.023,0.0013,0.3873,-0.0983,-0.3324,0.0
202309,12420,"Austin-Round Rock-San Marcos, TX",26,557000.0,-0.0201,-0.0037,8721,0.0131,0.0272,58.0,0.0642,0.1485,2944,-0.0823,-0.1407,184,0.2105,-0.1636,0.0141,0.0029,-0.0019,4640.0,-0.0325,-0.245,0.3586,0.0032,-0.0926,1378.0,-0.1875,-0.2291,271.0,-0.0089,-0.0097,2117.0,-0.0038,0.0156,852547.0,-0.0008,0.0615,10084,-0.0197,-0.0164,0.158,-0.039,-0.0525,0.0
202309,21340,"El Paso, TX",76,299500.0,-0.0048,0.0284,2253,0.0304,0.4296,64.0,0.024,0.2427,768,-0.0471,-0.1864,92,-0.2069,0.0222,0.0226,-0.0053,-0.0076,508.0,0.139,0.6601,0.1245,0.0173,0.0213,1063.0,-0.0969,4.4097,161.0,0.0012,0.053,1941.0,-0.0059,0.0,352175.0,-0.0015,0.0535,3312,-0.0144,0.8685,0.4718,-0.0665,0.3471,0.0
202309,17820,"Colorado Springs, CO",81,525000.0,-0.0173,0.0396,2178,0.0632,-0.0996,42.0,0.1507,0.0633,1080,-0.1549,-0.2094,72,0.1613,0.7143,0.018,0.003,0.0091,1320.0,0.0377,-0.2361,0.3378,0.0285,-0.0376,704.0,-0.1378,-0.2479,227.0,-0.0041,0.0125,2450.0,-0.024,0.0452,678648.0,-0.0097,0.0817,2860,0.0018,-0.1433,0.3232,-0.0754,-0.0637,0.0
202309,32580,"McAllen-Edinburg-Mission, TX",84,285000.0,-0.0052,0.0595,1834,0.0574,0.2897,56.0,0.037,0.1429,524,-0.0676,0.0315,16,-0.3846,0.1429,0.0056,-0.0035,0.0001,416.0,0.0558,0.1685,0.1491,0.009,0.0101,505.0,-0.0543,-0.0525,153.0,0.0066,0.0749,1847.0,-0.0112,-0.0027,342232.0,-0.0147,-0.0007,2330,0.0287,0.1888,0.2754,-0.0325,-0.0995,0.0
202308,19100,"Dallas-Fort Worth-Arlington, TX",4,465004.0,-0.0106,0.0053,16922,0.049,0.0249,42.0,0.1216,0.2029,8940,-0.0992,-0.1334,474,0.0972,0.1449,0.0131,0.0015,0.0022,9082.0,0.006,-0.1084,0.2482,0.0063,-0.0158,10442.0,-0.0512,-0.1454,207.0,-0.0065,-0.0121,2296.0,-0.0095,0.0153,651171.0,-0.0215,0.054,27358,0.0083,-0.0482,0.6171,-0.0651,-0.1229,0.0
202308,26420,"Houston-Pasadena-The Woodlands, TX",5,374244.0,-0.002,-0.0211,20261,0.0221,0.002,42.0,0.05,0.1053,8726,-0.1357,-0.0935,658,-0.3,-0.1132,0.0165,-0.006,-0.0013,7904.0,0.0186,-0.1734,0.1978,0.0112,-0.0291,10951.0,-0.0513,-0.1013,176.0,-0.0059,-0.0074,2123.0,-0.0009,-0.0253,523684.0,-0.006,0.0017,31170,-0.0052,-0.0382,0.5405,-0.0418,-0.0621,0.0
202308,19740,"Denver-Aurora-Centennial, CO",18,659950.0,-0.0223,0.0369,5882,0.0665,-0.091,35.0,0.1129,0.1311,4048,0.009,-0.0964,126,0.1667,0.1667,0.0089,0.0013,0.002,3362.0,0.0364,-0.3068,0.2391,0.0126,-0.0705,4140.0,-0.0544,-0.1449,296.0,-0.0052,0.0494,2408.0,-0.0295,0.0347,910334.0,-0.03,0.1091,10012,0.0227,-0.1114,0.7039,-0.0899,-0.0443,0.0
202308,41700,"San Antonio-New Braunfels, TX",25,357000.0,-0.0219,-0.0168,8539,0.0486,0.1833,51.0,0.01,0.3117,3218,-0.134,-0.1615,330,0.5566,-0.0678,0.0206,0.0072,-0.0004,4336.0,0.0938,0.0983,0.2732,0.0367,0.0388,4147.0,-0.0883,-0.2793,188.0,-0.0129,0.0011,2015.0,-0.0092,-0.0076,483154.0,-0.0158,0.0057,12587,-0.004,-0.0263,0.4856,-0.0729,-0.3117,0.0
202308,12420,"Austin-Round Rock-San Marcos, TX",26,568448.0,-0.0114,-0.0114,8609,0.0105,0.0466,55.0,0.09,0.3797,3208,-0.0792,-0.1711,152,-0.0732,-0.4109,0.0113,-0.0004,-0.0072,4796.0,0.0611,-0.1505,0.3554,0.0261,-0.0459,1696.0,-0.0847,-0.1378,273.0,-0.0151,-0.0202,2125.0,-0.0042,0.0114,853235.0,-0.0154,0.0352,10287,-0.0011,0.0113,0.197,-0.0205,-0.0421,0.0
202308,21340,"El Paso, TX",76,300950.0,-0.0126,0.0542,2187,0.0363,0.4221,63.0,0.0965,0.3158,806,-0.0584,-0.0903,116,1.0714,1.0714,0.0279,0.0146,0.0076,446.0,0.1378,0.3598,0.1072,0.0154,-0.0119,1177.0,-0.0516,3.7174,161.0,-0.0069,0.0576,1953.0,-0.0003,0.0117,352712.0,0.0009,0.0716,3361,-0.0016,0.8805,0.5383,-0.0498,0.376,0.0
202308,17820,"Colorado Springs, CO",81,534236.0,-0.0198,0.0324,2049,0.0686,-0.1921,37.0,0.1406,0.1061,1278,-0.0793,-0.1932,62,1.2143,-0.2791,0.015,0.0083,-0.0018,1272.0,0.108,-0.2933,0.3093,0.0278,-0.0457,817.0,0.0362,-0.1446,228.0,0.0083,0.0218,2510.0,-0.0419,0.0399,685321.0,-0.0132,0.0796,2855,0.057,-0.1787,0.3986,-0.0125,0.0221,0.0
202308,32580,"McAllen-Edinburg-Mission, TX",84,286500.0,-0.0052,0.0418,1735,0.048,0.323,54.0,-0.0357,0.1739,562,0.0644,0.0293,26,-0.1875,0.0,0.0091,-0.0027,-0.0019,394.0,0.0368,0.1867,0.1401,0.0018,0.0028,534.0,-0.0056,-0.037,152.0,0.0019,0.0653,1868.0,-0.0037,-0.0158,347329.0,-0.0071,-0.0146,2265,0.0352,0.2184,0.3079,-0.0166,-0.1151,0.0
202307,19100,"Dallas-Fort Worth-Arlington, TX",4,470000.0,-0.0074,-0.0223,16132,0.0991,0.0876,37.0,0.0278,0.2759,9924,-0.0297,-0.1801,432,0.1868,0.0,0.0116,0.0017,0.001,9028.0,0.1967,-0.1745,0.2419,0.0374,-0.0236,11005.0,-0.0442,-0.1307,208.0,-0.004,-0.0254,2318.0,-0.0014,0.0105,665462.0,-0.0083,0.0324,27133,0.0351,-0.0134,0.6822,-0.1023,-0.1713,0.0
202307,26420,"Houston-Pasadena-The Woodlands, TX",5,375000.0,-0.0041,-0.0384,19822,0.0668,0.0708,40.0,0.0,0.2121,10096,0.0233,-0.1065,940,-0.0167,-0.1132,0.0225,-0.0009,-0.0021,7760.0,0.1708,-0.1866,0.1866,0.0242,-0.0319,11543.0,-0.0324,-0.1113,177.0,-0.0054,-0.0135,2125.0,0.0093,-0.0334,526830.0,-0.0026,-0.0203,31331,0.0278,-0.0048,0.5823,-0.0597,-0.1194,0.0
202307,19740,"Denver-Aurora-Centennial, CO",18,675000.0,-0.0074,0.0385,5515,0.089,-0.1077,31.0,0.0877,0.3478,4012,-0.1809,-0.247,108,-0.28,-0.1563,0.0077,-0.0026,-0.0008,3244.0,0.1248,-0.3708,0.2265,0.0236,-0.0772,4378.0,-0.0158,-0.0934,298.0,-0.0111,0.0396,2481.0,-0.002,0.0442,938445.0,-0.0219,0.1178,9789,0.0322,-0.1093,0.7938,-0.0845,0.0126,0.0
202307,41700,"San Antonio-New Braunfels, TX",25,365000.0,-0.0063,-0.0392,8143,0.0647,0.3442,50.0,0.0753,0.6129,3716,0.0198,-0.1728,212,-0.47,-0.2429,0.0134,-0.0106,-0.0039,3964.0,0.0509,0.1645,0.2365,0.0091,0.0371,4548.0,-0.0963,-0.275,191.0,-0.0052,-0.0111,2034.0,0.0073,-0.0102,490907.0,-0.0081,-0.0114,12637,-0.0011,0.0266,0.5585,-0.0995,-0.477,0.0
202307,12420,"Austin-Round Rock-San Marcos, TX",26,575000.0,-0.0086,-0.0413,8519,0.0288,0.152,50.0,0.1111,0.6667,3484,-0.0798,-0.216,164,-0.2743,-0.1087,0.0116,-0.0046,-0.0027,4520.0,-0.0367,-0.2114,0.3293,-0.001,-0.0759,1853.0,-0.0362,-0.0804,277.0,-0.0024,-0.0391,2134.0,-0.002,0.0114,866565.0,-0.0162,0.0183,10298,0.0093,0.0951,0.2175,-0.0147,-0.055,0.0
202307,21340,"El Paso, TX",76,304800.0,0.003,0.0697,2110,0.0815,0.4085,57.0,0.0755,0.7813,856,-0.1525,-0.1737,56,-0.6627,-0.6744,0.0133,-0.0102,-0.0481,392.0,0.0481,0.1136,0.0918,-0.0068,-0.0338,1241.0,0.561,3.8477,162.0,-0.0078,0.0652,1953.0,0.0062,0.0119,352411.0,0.0,0.0578,3366,0.2211,0.9147,0.5882,0.1807,0.4173,0.0
202307,17820,"Colorado Springs, CO",81,545000.0,-0.009,0.0447,1917,0.1569,-0.1843,32.0,0.0667,0.28,1388,-0.0519,-0.3004,28,-0.0667,-0.5,0.0067,-0.001,-0.0043,1148.0,0.2213,-0.3636,0.2815,0.0431,-0.0594,788.0,-0.0343,-0.1388,226.0,-0.0074,0.001,2620.0,-0.0103,0.0703,694480.0,0.0127,0.0786,2701,0.09,-0.1715,0.4111,-0.0814,0.0217,0.0
202307,32580,"McAllen-Edinburg-Mission, TX",84,288000.0,-0.0035,0.0667,1655,0.0636,0.3954,56.0,-0.0175,0.3023,528,0.0435,0.0732,32,1.2857,0.6,0.0118,0.0063,0.0029,380.0,0.1801,0.4844,0.1383,0.0158,0.0247,537.0,-0.0562,-0.0944,152.0,-0.0058,0.0679,1875.0,-0.0035,-0.027,349817.0,-0.0155,-0.0266,2188,0.0316,0.2271,0.3245,-0.0412,-0.1755,0.0
202306,19100,"Dallas-Fort Worth-Arlington, TX",4,473500.0,0.0087,-0.0352,14677,0.1146,0.3025,36.0,-0.0137,0.6364,10228,-0.0049,-0.2637,364,-0.308,-0.1727,0.0099,-0.005,-0.0014,7544.0,0.27,0.1722,0.2045,0.0372,0.0379,11515.0,-0.0337,-0.1334,209.0,0.0059,-0.0358,2321.0,0.0073,0.0075,671036.0,0.0053,-0.0022,26213,0.0389,0.0657,0.7845,-0.1204,-0.3946,0.0
202306,26420,"Houston-Pasadena-The Woodlands, TX",5,376525.0,0.0041,-0.0551,18581,0.064,0.2428,40.0,-0.0244,0.2698,9866,0.0207,-0.2089,956,-0.0062,-0.1658,0.0234,-0.0012,-0.0047,6628.0,0.0541,-0.0391,0.1624,0.0018,0.0002,11930.0,-0.0222,-0.1852,178.0,0.0011,-0.0235,2106.0,0.005,-0.0414,528219.0,0.0036,-0.0567,30483,0.0303,0.0308,0.642,-0.0566,-0.3372,0.0
202306,19740,"Denver-Aurora-Centennial, CO",18,680000.0,-0.0033,0.0,5065,0.156,0.0622,29.0,0.1875,0.8387,4898,0.0497,-0.2615,150,0.1538,0.0135,0.0103,0.001,0.0015,2884.0,0.3121,-0.2112,0.2029,0.0362,-0.0118,4449.0,-0.0327,-0.1595,301.0,-0.0049,0.0395,2486.0,0.0156,0.0228,959445.0,-0.0142,0.0861,9484,0.0542,-0.0574,0.8784,-0.1714,-0.2316,0.0
202306,41700,"San Antonio-New Braunfels, TX",25,367325.0,0.0274,-0.0394,7649,0.0437,0.6562,47.0,0.0109,0.55,3644,-0.0525,-0.1833,400,0.1561,0.2821,0.024,0.0025,0.0044,3772.0,0.178,0.6386,0.2274,0.0297,0.0827,5033.0,0.0013,-0.2698,192.0,0.0079,-0.0205,2019.0,0.018,-0.0185,494931.0,0.0224,-0.0266,12651,0.0278,0.1046,0.658,-0.0278,-0.8343,0.0
202306,12420,"Austin-Round Rock-San Marcos, TX",26,580000.0,-0.006,-0.0682,8281,0.0861,0.4783,45.0,0.0227,1.1951,3786,-0.0444,-0.3116,226,0.1078,0.2283,0.0163,0.0012,0.0018,4692.0,0.1748,0.0816,0.3303,0.0324,0.0109,1923.0,-0.0234,-0.1499,278.0,0.0078,-0.0533,2138.0,0.002,-0.0048,880877.0,-0.0009,0.0107,10203,0.0648,0.2998,0.2322,-0.026,-0.1716,1.0
202306,21340,"El Paso, TX",76,303888.0,-0.0197,0.0791,1951,0.1209,0.6668,53.0,0.06,0.5821,1010,0.0306,-0.0851,166,1.5938,-0.046,0.0235,0.0019,-0.0455,374.0,0.2065,0.87,0.0986,-0.0049,0.0204,795.0,1.8962,1.7133,164.0,-0.0084,0.0892,1941.0,-0.0046,0.0057,352426.0,-0.0091,0.0608,2757,0.3697,0.8803,0.4075,0.2498,0.1572,0.0
202306,17820,"Colorado Springs, CO",81,549950.0,-0.0001,0.0232,1657,0.1284,-0.0273,30.0,0.1765,0.7143,1464,0.0083,-0.3453,30,0.0714,-0.4231,0.0077,0.0002,-0.003,940.0,0.2842,-0.2114,0.2384,0.0441,-0.0096,816.0,-0.0774,-0.1544,228.0,-0.0123,-0.0074,2647.0,0.0071,0.0438,685762.0,-0.0105,0.0206,2478,0.0567,-0.073,0.4925,-0.1099,-0.074,0.0
202306,32580,"McAllen-Edinburg-Mission, TX",84,289000.0,0.0065,0.0606,1556,0.02,0.5012,57.0,-0.0172,0.443,506,-0.0039,-0.0733,14,-0.4167,-0.4615,0.0054,-0.0036,-0.0063,322.0,-0.0123,0.3644,0.1225,0.0009,0.0196,569.0,-0.0078,-0.1333,153.0,0.0006,0.0914,1882.0,0.0055,-0.0514,355341.0,-0.0003,-0.0198,2121,0.0134,0.2517,0.3657,-0.0103,-0.2677,0.0
202305,19100,"Dallas-Fort Worth-Arlington, TX",4,469399.0,0.0207,-0.0143,13169,0.0507,0.6309,37.0,-0.0641,0.7381,10278,0.068,-0.1621,526,0.1144,0.1689,0.0149,0.0012,0.0016,5940.0,0.0808,0.8539,0.1673,0.0024,0.0745,11916.0,0.0395,-0.1093,207.0,0.0089,-0.0329,2305.0,0.0143,0.0249,667501.0,0.0289,-0.0152,25231,0.0463,0.1723,0.9049,-0.0097,-0.7519,0.0
202305,26420,"Houston-Pasadena-The Woodlands, TX",5,374995.0,0.0135,-0.0578,17464,0.0114,0.3758,41.0,-0.0465,0.2615,9666,0.0484,-0.1484,962,0.0642,-0.2589,0.0246,0.0013,-0.0085,6288.0,0.1954,0.2965,0.1606,0.0234,0.0399,12200.0,0.0275,-0.2195,178.0,0.0072,-0.0314,2095.0,0.0043,-0.0372,526343.0,0.006,-0.0767,29587,0.0158,0.0421,0.6986,0.0109,-0.5329,0.0
202305,19740,"Denver-Aurora-Centennial, CO",18,682250.0,0.0048,-0.0183,4381,0.1013,0.2782,24.0,0.0,1.5263,4666,0.0781,-0.2638,130,0.0156,-0.1975,0.0093,-0.0007,-0.0018,2198.0,0.2749,0.1779,0.1667,0.028,0.0493,4599.0,0.0592,-0.1965,303.0,0.0089,0.033,2448.0,-0.0005,-0.0048,973280.0,-0.0009,0.0325,8997,0.0837,-0.0121,1.0498,-0.0417,-0.6203,1.0
202305,41700,"San Antonio-New Braunfels, TX",25,357520.0,0.0157,-0.0579,7329,0.068,0.9331,46.0,-0.1321,0.5593,3846,0.1697,-0.0968,346,-0.2207,-0.2277,0.0215,-0.0059,-0.0076,3202.0,0.1686,0.9864,0.1977,0.0175,0.0914,5026.0,0.007,-0.3054,190.0,0.006,-0.0273,1984.0,0.0028,-0.0272,484088.0,0.0018,-0.0374,12309,0.0421,0.1206,0.6858,-0.0415,-1.2228,1.0
202305,12420,"Austin-Round Rock-San Marcos, TX",26,583505.0,0.0255,-0.073,7624,0.0593,1.1252,44.0,0.0,1.75,3962,0.0605,-0.2031,204,0.0,-0.1774,0.0151,-0.0018,-0.0087,3994.0,0.1817,1.0716,0.2978,0.0263,0.1193,1969.0,0.1294,-0.1798,276.0,0.0127,-0.0769,2134.0,0.0052,0.0045,881634.0,0.0218,-0.0252,9582,0.074,0.6101,0.2582,0.016,-0.4108,1.0
202305,21340,"El Paso, TX",76,310000.0,0.0332,0.097,1741,0.0479,0.7165,50.0,-0.0741,0.6667,980,0.1395,-0.0161,64,-0.5897,-0.5556,0.0216,-0.0301,-0.043,310.0,0.1071,1.3846,0.1035,0.0043,0.0465,275.0,-0.0126,0.0358,165.0,0.0029,0.0992,1950.0,0.0046,0.0065,355655.0,0.0133,0.0803,2013,0.062,0.5735,0.1577,-0.0097,-0.1036,0.0
202305,17820,"Colorado Springs, CO",81,550000.0,0.028,0.0239,1469,0.1058,0.2238,26.0,-0.0893,1.2174,1452,0.0645,-0.2992,28,-0.3,-0.6111,0.0075,-0.0035,-0.0098,732.0,0.3071,0.2241,0.1942,0.0337,0.0544,885.0,0.0974,-0.0312,230.0,0.0015,-0.0016,2629.0,0.0196,0.04,693071.0,0.0304,0.0222,2345,0.0978,0.109,0.6023,-0.0046,-0.1585,1.0
202305,32580,"McAllen-Edinburg-Mission, TX",84,287125.0,0.0057,0.0441,1526,-0.0036,0.594,58.0,0.0,0.5065,508,0.041,-0.0342,24,0.5,-0.0769,0.009,0.0026,-0.0028,326.0,-0.0523,0.9176,0.1215,-0.0162,0.0421,574.0,0.0389,-0.209,153.0,-0.0014,0.0957,1871.0,-0.012,-0.048,355430.0,-0.011,-0.0114,2093,0.0131,0.2548,0.3759,0.0154,-0.3816,0.0
202304,19100,"Dallas-Fort Worth-Arlington, TX",4,459900.0,0.0401,0.0407,12533,0.0111,1.3119,39.0,-0.1429,0.6957,9624,0.1214,-0.1158,472,0.0679,0.0172,0.0137,-0.0004,-0.0032,5496.0,0.0905,1.8214,0.1649,0.0049,0.0995,11463.0,0.0744,-0.1256,206.0,0.0108,-0.0142,2272.0,0.0248,0.055,648730.0,0.0487,-0.0357,24114,0.045,0.3152,0.9146,0.0538,-1.5037,1.0
202304,26420,"Houston-Pasadena-The Woodlands, TX",5,370000.0,0.0278,-0.0488,17266,-0.0153,0.5615,43.0,-0.0753,0.2286,9220,0.1084,-0.1691,904,-0.1172,-0.4852,0.0232,-0.0045,-0.023,5260.0,0.0015,0.4726,0.1372,-0.006,0.0428,11873.0,0.1078,-0.2387,177.0,0.0109,-0.0257,2086.0,0.0038,-0.0275,523198.0,0.0338,-0.0603,29127,0.0297,0.0868,0.6877,0.0764,-0.7228,0.0
202304,19740,"Denver-Aurora-Centennial, CO",18,679000.0,0.0367,0.003,3978,0.1601,0.6863,24.0,-0.1028,3.8,4328,0.1767,-0.2839,128,-0.0588,-0.3725,0.01,-0.0024,-0.0064,1724.0,0.1923,0.8263,0.1387,0.0074,0.0735,4342.0,0.1272,-0.214,300.0,-0.0046,0.0017,2449.0,0.0318,0.0652,974148.0,0.001,0.0109,8302,0.1439,0.0686,1.0915,-0.0319,-1.2502,1.0
202304,41700,"San Antonio-New Braunfels, TX",25,351990.0,0.0157,-0.0222,6862,-0.0182,1.3818,53.0,-0.0275,0.6563,3288,0.0627,-0.1227,444,0.5,-0.1778,0.0274,0.0074,-0.009,2740.0,0.0059,1.74,0.1802,-0.0068,0.1072,4991.0,0.0744,-0.318,189.0,0.0034,-0.0205,1978.0,0.0222,-0.0008,483212.0,0.0338,-0.0135,11812,0.0199,0.1561,0.7273,0.0627,-1.8128,1.0
202304,12420,"Austin-Round Rock-San Marcos, TX",26,569000.0,0.0346,-0.0896,7197,0.1028,2.5806,44.0,-0.1373,2.1429,3736,0.0488,-0.1205,204,-0.2662,0.02,0.0169,-0.0075,-0.0095,3380.0,0.0896,2.9486,0.2716,0.0037,0.1647,1743.0,0.1116,-0.2558,272.0,0.0251,-0.1052,2123.0,0.0143,0.0057,862864.0,0.0305,-0.0797,8922,0.1032,1.0534,0.2422,0.0019,-0.923,1.0
202304,21340,"El Paso, TX",76,300030.0,0.0046,0.0715,1661,-0.0866,0.7841,54.0,-0.1,0.4595,860,0.0565,-0.0773,156,0.0833,-0.473,0.0517,0.0,-0.0792,280.0,0.0145,2.3333,0.0992,0.0039,0.0596,278.0,0.3561,-0.0142,164.0,0.024,0.0961,1941.0,0.0057,0.0021,350990.0,0.025,0.0943,1895,-0.0651,0.561,0.1674,0.0546,-0.1355,0.0
202304,17820,"Colorado Springs, CO",81,535000.0,0.0142,0.0388,1328,0.0457,0.718,28.0,-0.2329,2.1111,1364,0.2222,-0.3027,40,0.3333,-0.5238,0.011,0.0015,-0.011,560.0,0.0219,1.6415,0.1606,-0.0149,0.0968,806.0,0.1241,-0.0207,230.0,0.0129,-0.0104,2578.0,0.0455,0.051,672648.0,0.0275,0.0017,2136,0.072,0.3519,0.6069,0.0424,-0.4578,1.0
202304,32580,"McAllen-Edinburg-Mission, TX",84,285510.0,0.0018,0.1045,1531,-0.0065,0.728,58.0,0.0087,0.5263,488,0.0124,0.0252,16,-0.3333,-0.6667,0.0064,-0.0029,-0.016,344.0,0.0617,1.2632,0.1377,0.0075,0.0669,552.0,0.1073,-0.2591,153.0,-0.0023,0.119,1894.0,-0.0036,0.0011,359392.0,-0.0023,0.0198,2066,0.0165,0.2659,0.3605,0.0371,-0.4803,0.0
202303,19100,"Dallas-Fort Worth-Arlington, TX",4,442166.0,0.0165,0.0404,12395,-0.0297,1.7254,46.0,-0.2222,0.9362,8582,0.1224,-0.0359,442,0.2701,-0.3403,0.014,0.0022,-0.0121,5040.0,-0.002,3.8932,0.16,-0.0042,0.1198,10670.0,0.0376,-0.1288,203.0,0.0078,-0.0001,2217.0,0.0114,0.0475,618586.0,0.0342,-0.0583,23075,0.001,0.3761,0.8608,0.0558,-1.8319,1.0
202303,26420,"Houston-Pasadena-The Woodlands, TX",5,360000.0,0.0069,-0.0336,17534,-0.0199,0.6345,47.0,-0.1389,0.2237,8318,0.0831,-0.1509,1024,0.087,-0.5848,0.0278,0.0014,-0.041,5252.0,-0.0492,0.914,0.1432,-0.0134,0.0668,10718.0,0.0622,-0.3033,175.0,0.0073,-0.0138,2078.0,0.001,-0.0219,506078.0,0.0117,-0.0651,28288,0.0116,0.0844,0.6113,0.0473,-0.8228,0.0
202303,19740,"Denver-Aurora-Centennial, CO",18,654950.0,0.0355,-0.011,3429,0.0391,0.8636,27.0,-0.3669,3.8636,3678,0.1857,-0.2046,136,0.2364,-0.2527,0.0124,0.0017,-0.0038,1446.0,0.0664,2.6701,0.1313,-0.0047,0.096,3852.0,0.0428,-0.2066,301.0,0.0338,-0.0012,2374.0,0.0253,0.0433,973211.0,0.0571,0.0017,7258,0.0451,0.087,1.1234,0.004,-1.5152,1.0
202303,41700,"San Antonio-New Braunfels, TX",25,346560.0,0.0193,0.006,6989,-0.0407,1.6103,55.0,-0.1866,0.5139,3094,-0.0462,-0.1068,296,-0.3702,-0.4879,0.0201,-0.0114,-0.0235,2724.0,0.0134,3.0657,0.187,0.0038,0.1359,4646.0,0.0739,-0.3455,188.0,0.011,-0.0037,1935.0,-0.0037,0.0083,467431.0,0.0314,-0.016,11582,0.0006,0.1861,0.6647,0.0709,-1.9861,1.0
202303,12420,"Austin-Round Rock-San Marcos, TX",26,549945.0,0.0357,-0.0834,6526,0.0679,3.1265,51.0,-0.2662,2.4,3562,0.2658,0.0137,278,-0.0071,0.053,0.0244,-0.0024,-0.0139,3102.0,0.1446,8.2321,0.2679,0.007,0.219,1568.0,0.0795,-0.2476,266.0,0.023,-0.1052,2093.0,0.0092,0.0098,837353.0,0.0328,-0.0803,8088,0.0701,1.2139,0.2403,0.0026,-1.0775,1.0
202303,21340,"El Paso, TX",76,298651.0,0.0057,0.086,1819,-0.0038,1.0914,60.0,-0.1111,0.6667,814,-0.0424,-0.1591,144,1.6667,-0.28,0.0517,0.033,-0.0432,276.0,-0.2069,2.8333,0.0953,-0.0271,0.0612,205.0,0.054,-0.3027,161.0,0.015,0.0816,1930.0,-0.0041,0.0121,342427.0,0.017,0.0782,2027,0.0035,0.7414,0.1127,0.0062,-0.2254,0.0
202303,17820,"Colorado Springs, CO",81,527500.0,0.0571,0.0819,1270,-0.076,1.0079,37.0,-0.2316,3.0556,1116,0.1529,-0.2874,30,0.25,-0.6667,0.0095,0.0014,-0.0224,548.0,-0.0453,4.8298,0.1755,-0.0136,0.1423,717.0,0.056,-0.0252,227.0,0.0063,-0.03,2466.0,0.058,0.1009,654647.0,0.0397,-0.0051,1993,-0.0214,0.4597,0.5646,0.0706,-0.5983,1.0
202303,32580,"McAllen-Edinburg-Mission, TX",84,285000.0,0.0071,0.1008,1541,-0.0134,0.7132,58.0,-0.1288,0.4286,482,-0.0974,-0.0203,24,0.3333,-0.4545,0.0093,0.0022,-0.0119,324.0,0.102,1.3478,0.1303,0.0157,0.0648,499.0,0.0675,-0.2994,153.0,0.0095,0.142,1901.0,-0.0004,0.0046,360221.0,0.0086,0.0376,2033,0.0032,0.2616,0.3235,0.0245,-0.4675,0.0
202302,19100,"Dallas-Fort Worth-Arlington, TX",4,435000.0,0.0035,0.0558,12774,-0.129,2.0874,59.0,-0.0859,0.8571,7646,0.038,0.023,348,-0.284,-0.522,0.0119,-0.0042,-0.019,5050.0,-0.2487,5.8614,0.1642,-0.0624,0.1325,10283.0,0.2673,-0.1148,202.0,0.0041,0.0209,2192.0,0.0011,0.0407,598105.0,0.0137,-0.0655,23053,0.0122,0.4524,0.805,0.2518,-2.0025,1.0
202302,26420,"Houston-Pasadena-The Woodlands, TX",5,357528.0,0.0075,-0.009,17890,-0.0435,0.6094,54.0,-0.1429,0.3671,7680,0.0814,-0.1584,942,-0.0021,-0.7336,0.0264,-0.0018,-0.0735,5524.0,-0.086,1.199,0.1566,-0.0236,0.0832,10090.0,0.2629,-0.3275,173.0,0.0084,0.0006,2076.0,-0.0034,-0.0133,500249.0,0.0122,-0.0541,27963,0.0457,0.0739,0.564,0.1369,-0.7858,0.0
202302,19740,"Denver-Aurora-Centennial, CO",18,632475.0,0.0541,-0.0232,3300,-0.124,1.1732,42.0,-0.345,6.0417,3102,0.2136,-0.2026,110,0.0,-0.2763,0.0106,-0.002,-0.0048,1356.0,-0.116,5.1636,0.1359,-0.0335,0.1136,3694.0,0.3992,-0.1648,291.0,0.0268,-0.0306,2315.0,0.0238,0.0508,920601.0,0.071,-0.0649,6945,0.0858,0.1674,1.1194,0.4186,-1.7933,1.0
202302,41700,"San Antonio-New Braunfels, TX",25,340000.0,-0.0202,0.0125,7286,-0.0083,1.5036,67.0,-0.1465,0.6341,3244,0.1569,-0.0025,470,0.3905,-0.4719,0.0314,0.0065,-0.0381,2688.0,-0.1385,3.6667,0.1832,-0.0473,0.1373,4326.0,0.2537,-0.3503,186.0,0.0093,0.0025,1942.0,-0.0271,0.0176,453188.0,-0.0072,-0.0246,11576,0.0794,0.2143,0.5938,0.1241,-1.6944,1.0
202302,12420,"Austin-Round Rock-San Marcos, TX",26,530998.0,0.0172,-0.0805,6111,-0.0303,3.3572,70.0,-0.1146,2.475,2814,0.0384,0.0361,280,0.0938,-0.386,0.0268,0.0021,-0.0463,2710.0,-0.1391,10.1066,0.2609,-0.0528,0.2177,1453.0,0.2452,-0.1872,260.0,0.0092,-0.0824,2074.0,0.0142,0.0038,810762.0,0.0466,-0.0718,7558,0.0082,1.3625,0.2377,0.0526,-1.0365,1.0
202302,21340,"El Paso, TX",76,296963.0,0.0119,0.1095,1826,-0.0267,1.0721,68.0,-0.069,1.0769,850,-0.1237,-0.0385,54,-0.7805,-0.6582,0.0188,-0.0659,-0.0644,348.0,0.1918,3.35,0.1224,0.0262,0.0837,195.0,0.2508,-0.3407,158.0,0.0108,0.1055,1938.0,0.0016,0.0016,336693.0,0.0108,0.0854,2020,-0.0146,0.7018,0.1065,0.0236,-0.2283,1.0
202302,17820,"Colorado Springs, CO",81,499000.0,0.0004,0.034,1375,-0.1195,1.3257,48.0,-0.2748,2.2203,968,0.0975,-0.1418,24,-0.2941,-0.831,0.0081,-0.0032,-0.0528,574.0,-0.2072,6.0,0.1891,-0.0596,0.1537,679.0,0.2562,0.0172,226.0,0.0144,-0.0138,2331.0,0.0192,0.0204,629654.0,0.0092,-0.0729,2036,-0.0307,0.6308,0.494,0.1477,-0.6354,1.0
202302,32580,"McAllen-Edinburg-Mission, TX",84,283000.0,0.01,0.0929,1562,0.001,0.6814,66.0,-0.0769,0.2453,534,0.1314,0.2361,18,0.5,-0.4375,0.0071,0.0021,-0.0085,294.0,-0.02,0.96,0.1145,-0.0089,0.0464,467.0,0.2571,-0.4017,152.0,0.0134,0.1635,1902.0,0.0013,-0.0222,357159.0,0.0096,0.0384,2026,0.0519,0.1872,0.299,0.0609,-0.5412,0.0
202301,19100,"Dallas-Fort Worth-Arlington, TX",4,433500.0,-0.0125,0.0733,14667,-0.1014,1.9981,64.0,0.094,0.6,7366,0.4068,0.0832,486,0.7357,-0.5101,0.0161,0.0066,-0.027,6722.0,0.1339,5.6952,0.2266,0.0293,0.183,8114.0,-0.0437,-0.2579,201.0,-0.0021,0.0377,2190.0,-0.012,0.0308,590024.0,-0.0136,-0.0113,22775,-0.0817,0.4378,0.5532,0.0334,-1.6817,1.0
202301,26420,"Houston-Pasadena-The Woodlands, TX",5,354850.0,-0.014,-0.0032,18704,-0.0729,0.539,63.0,0.0678,0.0328,7102,0.1447,-0.1784,944,0.4048,-0.6619,0.0282,0.0076,-0.0535,6044.0,0.1361,1.0474,0.1802,0.0272,0.0935,7990.0,-0.0494,-0.3641,172.0,0.0011,0.0151,2083.0,-0.0137,-0.0198,494234.0,-0.0086,-0.0452,26741,-0.064,0.0799,0.4272,0.0105,-0.6067,0.0
202301,19740,"Denver-Aurora-Centennial, CO",18,600000.0,0.0,-0.0625,3767,-0.1843,1.6178,65.0,0.0932,1.6875,2556,0.6728,-0.1282,110,0.375,-0.4712,0.0126,0.0046,-0.0142,1534.0,-0.0737,5.7281,0.1694,-0.0146,0.1422,2640.0,-0.0776,-0.2739,284.0,0.01,-0.0762,2261.0,0.005,0.0344,859555.0,0.035,-0.1221,6396,-0.1438,0.3151,0.7008,0.0811,-1.8259,1.0
202301,41700,"San Antonio-New Braunfels, TX",25,347000.0,-0.0057,0.022,7347,-0.0639,1.0659,79.0,0.1716,0.4811,2804,0.2631,-0.0788,338,1.0119,-0.7136,0.0249,0.0126,-0.0703,3120.0,0.1001,3.1711,0.2304,0.0221,0.1701,3451.0,-0.0362,-0.3941,184.0,0.0015,0.0176,1996.0,-0.0024,0.0164,456494.0,-0.0016,-0.0198,10724,-0.0586,0.1616,0.4697,0.0135,-1.1318,1.0
202301,12420,"Austin-Round Rock-San Marcos, TX",26,522000.0,-0.0057,-0.0492,6302,-0.1098,2.6198,79.0,0.0903,0.7065,2710,0.7239,0.1348,256,2.2,-0.3905,0.0246,0.0162,-0.0483,3148.0,0.1625,7.8427,0.3137,0.0572,0.2445,1167.0,-0.0539,-0.3372,257.0,-0.0125,-0.0333,2045.0,-0.001,-0.0206,774660.0,-0.0022,-0.0403,7496,-0.097,1.1905,0.1851,0.0109,-0.8258,1.0
202301,21340,"El Paso, TX",76,293475.0,0.0076,0.1223,1876,-0.0045,1.0587,73.0,0.0662,0.3182,970,0.4017,0.1548,246,1.3654,-0.3526,0.0847,0.0465,-0.0931,292.0,0.3519,2.3182,0.0962,0.0207,0.0456,156.0,0.0507,-0.4638,156.0,0.0097,0.1271,1935.0,-0.0031,-0.0051,333079.0,0.0119,0.0863,2050,0.0094,0.697,0.0829,0.0044,-0.2354,0.0
202301,17820,"Colorado Springs, CO",81,498779.0,-0.0004,0.0163,1561,-0.1941,1.5973,66.0,0.0397,1.5192,882,0.542,-0.1584,34,0.0625,-0.7571,0.0113,-0.0003,-0.0647,724.0,-0.1542,5.4643,0.2487,-0.0302,0.1917,541.0,-0.0501,-0.138,222.0,0.0231,-0.0145,2287.0,-0.032,-0.0189,623925.0,0.0148,-0.0808,2101,-0.1588,0.7203,0.3463,0.0525,-0.697,1.0
202301,32580,"McAllen-Edinburg-Mission, TX",84,280200.0,0.0011,0.0819,1561,0.0179,0.6548,72.0,0.0672,0.1721,472,0.1919,0.1132,12,0.5,-0.4,0.005,0.0013,-0.005,300.0,0.2712,1.2059,0.1235,0.0239,0.0598,372.0,-0.1134,-0.4346,150.0,0.0158,0.1814,1899.0,0.0016,-0.0368,353755.0,0.005,0.0395,1926,-0.0113,0.209,0.2381,-0.0353,-0.4586,0.0
202212,19100,"Dallas-Fort Worth-Arlington, TX",4,438999.0,-0.0211,0.0975,16321,-0.0859,1.6093,59.0,0.2062,0.3929,5236,-0.3048,-0.203,280,-0.3805,-0.6889,0.0095,-0.0035,-0.0247,5928.0,-0.381,3.0,0.1974,-0.0765,0.1391,8484.0,-0.0904,-0.3242,201.0,-0.0076,0.0573,2216.0,-0.0116,0.032,598145.0,-0.0184,0.0243,24800,-0.0879,0.3188,0.5198,-0.0026,-1.4871,1.0
202212,26420,"Houston-Pasadena-The Woodlands, TX",5,359900.0,-0.0066,0.0004,20174,-0.0538,0.4944,59.0,0.1456,0.1132,6204,-0.1326,-0.1414,672,0.1957,-0.5573,0.0205,0.0056,-0.0228,5320.0,-0.4013,0.5909,0.153,-0.0812,0.0576,8405.0,-0.0716,-0.4133,172.0,-0.0036,0.021,2112.0,-0.0071,-0.0209,498528.0,-0.0124,-0.0424,28569,-0.0595,0.0278,0.4166,-0.008,-0.6446,0.0
202212,19740,"Denver-Aurora-Centennial, CO",18,600000.0,-0.0143,-0.0431,4618,-0.2335,1.4499,59.0,0.2896,0.5733,1528,-0.3804,-0.3227,80,0.0526,-0.5876,0.008,0.0019,-0.0159,1656.0,-0.5493,2.3659,0.184,-0.1264,0.1275,2862.0,-0.1455,-0.3733,281.0,0.0006,-0.0468,2250.0,-0.0153,0.0238,830468.0,0.006,-0.0763,7470,-0.2015,0.164,0.6197,0.0638,-1.8031,1.0
202212,41700,"San Antonio-New Braunfels, TX",25,349000.0,-0.0029,0.0323,7848,-0.0494,0.9957,67.0,0.1964,0.3958,2220,-0.2094,-0.2032,168,-0.3913,-0.5736,0.0123,-0.0057,-0.0186,2836.0,-0.2762,1.6066,0.2083,-0.0477,0.1246,3580.0,-0.1232,-0.4076,184.0,0.0007,0.0309,2001.0,-0.0067,0.005,457229.0,-0.0035,-0.0138,11392,-0.0764,0.1448,0.4562,-0.0384,-1.0805,1.0
202212,12420,"Austin-Round Rock-San Marcos, TX",26,525000.0,-0.0121,-0.0358,7079,-0.1493,1.8718,72.0,0.2,0.5824,1572,-0.3811,-0.2789,80,-0.604,-0.7938,0.0084,-0.0083,-0.0499,2708.0,-0.4139,3.2445,0.2565,-0.1222,0.1638,1233.0,-0.0822,-0.4315,261.0,-0.0108,-0.0126,2047.0,-0.002,-0.0219,776336.0,-0.0091,0.0053,8301,-0.1392,0.7948,0.1742,0.0127,-0.7057,0.0
202212,21340,"El Paso, TX",76,291250.0,0.0009,0.1379,1884,-0.0032,0.8434,68.0,0.1429,0.0543,692,-0.1059,-0.0057,104,0.2683,-0.3333,0.0382,0.0094,-0.0351,216.0,-0.2848,0.9636,0.0756,-0.0282,0.02,148.0,-0.1138,-0.546,155.0,0.0051,0.1388,1941.0,0.0,-0.0092,329155.0,0.001,0.0956,2031,-0.0119,0.5061,0.0786,-0.0098,-0.2404,0.0
202212,17820,"Colorado Springs, CO",81,499000.0,-0.0014,0.029,1937,-0.1642,1.6211,63.0,0.2353,1.0,572,-0.3783,-0.381,32,1.0,-0.3846,0.0116,0.0071,-0.0122,856.0,-0.398,3.9767,0.2789,-0.0873,0.2129,569.0,-0.1346,-0.2927,217.0,-0.0057,-0.0452,2362.0,-0.0134,0.0148,614843.0,0.0037,-0.089,2497,-0.1573,0.6278,0.2938,0.01,-0.7949,0.0
202212,32580,"McAllen-Edinburg-Mission, TX",84,279900.0,0.0038,0.0892,1533,-0.0013,0.4862,67.0,0.1356,0.301,396,-0.1391,-0.0294,8,-0.6,-0.6364,0.0037,-0.0044,-0.0066,236.0,-0.2436,0.5526,0.0995,-0.0278,0.0279,419.0,-0.0832,-0.3783,148.0,0.011,0.1693,1896.0,0.0085,-0.0487,351991.0,0.0017,0.0357,1948,-0.0211,0.1432,0.2733,-0.0244,-0.3801,0.0
202211,19100,"Dallas-Fort Worth-Arlington, TX",4,448450.0,-0.0034,0.1211,17855,0.0232,1.4309,49.0,0.1023,0.2933,7532,-0.1418,-0.1162,452,0.1649,-0.3757,0.0129,0.0023,-0.0131,9576.0,-0.1263,3.5687,0.2738,-0.0228,0.2043,9328.0,-0.0977,-0.3239,203.0,-0.0072,0.0749,2242.0,-0.0024,0.0416,609378.0,-0.0049,0.0442,27191,-0.0213,0.2865,0.5224,-0.07,-1.3559,1.0
202211,26420,"Houston-Pasadena-The Woodlands, TX",5,362293.0,-0.0155,0.0066,21322,0.0185,0.4447,52.0,0.051,-0.0374,7152,-0.1461,-0.1975,562,-0.1536,-0.5898,0.0149,-0.0018,-0.021,8886.0,-0.1181,1.0656,0.2342,-0.0201,0.1233,9053.0,-0.124,-0.3994,172.0,-0.0068,0.033,2127.0,-0.0056,-0.0264,504779.0,-0.0047,-0.0355,30375,-0.0237,0.0199,0.4246,-0.0691,-0.5968,0.0
202211,19740,"Denver-Aurora-Centennial, CO",18,608700.0,-0.0182,-0.0142,6025,-0.0838,1.211,46.0,0.2365,0.5508,2466,-0.3413,-0.3061,76,-0.24,-0.6577,0.0061,-0.0011,-0.0142,3674.0,-0.2745,2.2745,0.3105,-0.0512,0.2189,3350.0,-0.1179,-0.419,281.0,-0.0033,-0.0173,2285.0,-0.0057,0.028,825476.0,-0.0014,-0.0439,9356,-0.102,0.1064,0.5559,-0.0215,-1.5598,1.0
202211,41700,"San Antonio-New Braunfels, TX",25,349999.0,-0.0138,0.0539,8256,0.0301,0.9726,56.0,0.0769,0.2874,2808,-0.1761,-0.1761,276,0.0952,-0.3065,0.018,0.0019,-0.0123,3918.0,-0.0854,2.2062,0.2561,-0.0138,0.1687,4083.0,-0.1128,-0.3593,184.0,-0.0062,0.0503,2015.0,-0.0032,0.0103,458838.0,-0.021,0.0006,12334,-0.0164,0.1793,0.4946,-0.0797,-1.0282,1.0
202211,12420,"Austin-Round Rock-San Marcos, TX",26,531430.0,-0.0336,-0.0328,8322,-0.0316,1.6181,60.0,0.0714,0.6216,2540,-0.2003,-0.1775,202,-0.1721,-0.3688,0.0167,-0.0025,-0.0226,4620.0,-0.2953,3.0244,0.3787,-0.1074,0.2495,1344.0,-0.0904,-0.4861,264.0,-0.0204,-0.0031,2051.0,-0.0092,-0.0245,783468.0,-0.0183,0.0151,9644,-0.0418,0.6782,0.1614,-0.0104,-0.6611,0.0
202211,21340,"El Paso, TX",76,290975.0,-0.0026,0.1474,1890,0.0272,0.712,60.0,0.1553,0.1553,774,-0.2229,-0.1244,82,0.5769,-0.5638,0.0288,0.0113,-0.0459,302.0,-0.1968,1.2206,0.1038,-0.0168,0.0453,167.0,-0.0722,-0.5651,154.0,0.0032,0.1478,1941.0,-0.0067,-0.0115,328828.0,-0.0134,0.1222,2056,0.0176,0.3814,0.0884,-0.0095,-0.2595,0.0
202211,17820,"Colorado Springs, CO",81,499700.0,-0.0006,0.0317,2318,-0.0587,1.4826,51.0,0.1087,0.8889,920,-0.2484,-0.3062,16,-0.6,-0.619,0.0045,-0.0044,-0.0088,1422.0,-0.2082,3.4161,0.3662,-0.0378,0.2657,658.0,-0.1677,-0.2957,219.0,-0.0154,0.004,2394.0,0.008,0.0198,612566.0,-0.0103,-0.0724,2963,-0.0832,0.5952,0.2837,-0.0372,-0.7163,0.0
202211,32580,"McAllen-Edinburg-Mission, TX",84,278850.0,0.014,0.0684,1535,0.0543,0.5131,59.0,0.0727,0.2103,460,-0.0496,0.0268,20,0.6667,1.0,0.0081,0.0033,0.0033,312.0,-0.1136,0.95,0.1273,-0.0166,0.0509,457.0,-0.095,-0.2915,146.0,0.0135,0.1682,1880.0,0.0118,-0.0708,351377.0,0.0058,0.0234,1990,0.0163,0.2072,0.2977,-0.0491,-0.3381,0.0
202210,19100,"Dallas-Fort Worth-Arlington, TX",4,450000.0,-0.0088,0.1278,17451,0.0583,1.1081,44.0,0.0353,0.2222,8776,-0.0887,0.0134,388,-0.0051,-0.4948,0.0106,0.0002,-0.0146,10960.0,0.0534,2.7793,0.2966,0.0194,0.2021,10338.0,-0.1076,-0.2471,204.0,-0.0119,0.0982,2248.0,-0.0007,0.0434,612367.0,0.0023,0.0652,27784,-0.0111,0.2558,0.5924,-0.1102,-1.0662,1.0
202210,26420,"Houston-Pasadena-The Woodlands, TX",5,368000.0,-0.0187,0.0225,20934,0.0191,0.3316,49.0,0.0769,-0.0577,8376,-0.0561,-0.1112,664,-0.2261,-0.4071,0.0167,-0.0045,-0.0101,10076.0,0.001,0.9407,0.2542,0.0085,0.1245,10335.0,-0.1098,-0.3206,174.0,-0.0166,0.0503,2139.0,-0.0072,-0.0295,507166.0,-0.0112,-0.0191,31111,-0.034,0.0138,0.4937,-0.0715,-0.4739,0.0
202210,19740,"Denver-Aurora-Centennial, CO",18,620000.0,-0.0108,0.0081,6576,0.0129,0.8384,37.0,0.0278,0.6087,3744,-0.0983,-0.2054,100,0.25,-0.3902,0.0072,0.0021,-0.0046,5064.0,0.0293,1.9037,0.3617,0.0419,0.243,3797.0,-0.1623,-0.3984,282.0,-0.0085,0.005,2298.0,-0.0022,0.0259,826664.0,0.0089,-0.0234,10418,-0.0499,0.0523,0.5774,-0.1207,-1.1872,1.0
202210,41700,"San Antonio-New Braunfels, TX",25,354900.0,-0.014,0.0683,8014,0.0669,0.8045,52.0,0.1183,0.2093,3408,-0.0307,-0.0058,252,0.2727,-0.3505,0.0161,0.0039,-0.0118,4284.0,0.1256,1.6444,0.2699,0.0374,0.1556,4602.0,-0.1488,-0.2479,185.0,-0.0077,0.0704,2021.0,-0.0035,0.0115,468663.0,-0.0093,0.0318,12540,-0.0248,0.1953,0.5742,-0.1455,-0.8036,0.0
202210,12420,"Austin-Round Rock-San Marcos, TX",26,549900.0,-0.0164,0.0,8593,0.0121,1.3659,56.0,0.1089,0.8065,3176,-0.073,-0.0821,244,0.1091,0.2449,0.0192,0.0031,-0.0018,6556.0,0.0667,3.0073,0.4862,0.035,0.3248,1477.0,-0.1737,-0.4519,269.0,-0.016,0.0118,2070.0,-0.007,-0.0096,798097.0,-0.0063,0.0499,10064,-0.0184,0.5942,0.1719,-0.0387,-0.5701,0.0
202210,21340,"El Paso, TX",76,291725.0,0.0017,0.1669,1840,0.1675,0.5848,52.0,0.0,0.1444,996,0.0551,0.137,52,-0.4222,-0.1333,0.0175,-0.0128,-0.0069,376.0,0.2288,1.35,0.1206,0.0174,0.0555,180.0,-0.084,-0.5683,154.0,0.0035,0.1535,1954.0,0.0067,-0.0028,333290.0,-0.003,0.1393,2020,0.1396,0.2761,0.0978,-0.0269,-0.2613,0.0
202210,17820,"Colorado Springs, CO",81,499999.0,-0.0099,0.0309,2462,0.0178,1.214,46.0,0.1646,1.4211,1224,-0.104,-0.2134,40,-0.0476,-0.6,0.0089,0.0,-0.023,1796.0,0.0394,2.5635,0.404,0.0287,0.2689,790.0,-0.156,-0.2028,222.0,-0.0084,0.043,2375.0,0.0132,-0.0282,618953.0,-0.0135,-0.0477,3232,-0.0319,0.5479,0.3209,-0.0661,-0.5703,1.0
202210,32580,"McAllen-Edinburg-Mission, TX",84,275000.0,0.0223,0.0377,1456,0.0239,0.4604,55.0,0.1224,0.1458,484,-0.0472,0.0804,12,-0.1429,-0.5,0.0049,-0.0006,-0.0069,352.0,-0.0112,1.0,0.144,0.005,0.0615,505.0,-0.0525,-0.2072,144.0,0.0101,0.162,1858.0,0.0032,-0.0903,349368.0,0.0201,0.0031,1958,-0.001,0.2101,0.3468,-0.028,-0.2921,0.0
202209,19100,"Dallas-Fort Worth-Arlington, TX",4,453995.0,-0.0185,0.1383,16489,-0.0013,0.8493,43.0,0.2319,0.1972,9630,-0.0665,0.0436,390,-0.058,-0.306,0.0104,-0.0005,-0.0068,10404.0,0.0214,1.9507,0.2772,0.0133,0.1675,11585.0,-0.0518,-0.189,207.0,-0.0102,0.1144,2249.0,-0.0055,0.0376,610938.0,-0.0111,0.085,28097,-0.0225,0.212,0.7026,-0.0374,-0.8996,0.0
202209,26420,"Houston-Pasadena-The Woodlands, TX",5,375000.0,-0.0191,0.0392,20541,0.0158,0.2593,46.0,0.1974,0.0,8874,-0.0781,-0.0669,858,0.1563,-0.2886,0.0212,0.0035,-0.0069,10066.0,0.0527,0.6126,0.2458,0.0189,0.0923,11610.0,-0.0473,-0.2405,176.0,-0.0049,0.0699,2155.0,-0.0108,-0.0304,512927.0,-0.0188,-0.0129,32206,-0.0062,0.0198,0.5652,-0.0374,-0.3719,0.0
202209,19740,"Denver-Aurora-Centennial, CO",18,626750.0,-0.0153,0.0447,6493,0.0034,0.693,36.0,0.1803,0.6364,4152,-0.0732,-0.1709,80,-0.2593,-0.5402,0.0051,-0.0018,-0.0064,4920.0,0.0144,1.5545,0.3198,0.0102,0.1894,4533.0,-0.0638,-0.2771,284.0,0.0068,0.0148,2303.0,-0.0103,0.0447,819377.0,-0.0018,-0.03,10966,-0.0268,0.0854,0.6981,-0.0501,-0.9368,0.0
202209,41700,"San Antonio-New Braunfels, TX",25,359950.0,-0.0086,0.0908,7512,0.041,0.6397,47.0,0.2078,0.2237,3516,-0.0839,-0.0564,198,-0.4407,-0.505,0.0122,-0.0087,-0.0157,3806.0,-0.036,1.2154,0.2325,-0.0019,0.1152,5407.0,-0.0603,-0.1472,187.0,-0.0063,0.0862,2028.0,-0.0014,-0.0005,473073.0,-0.0153,0.0565,12860,-0.0052,0.1824,0.7198,-0.0776,-0.6642,0.0
202209,12420,"Austin-Round Rock-San Marcos, TX",26,559089.0,-0.0277,0.0221,8490,0.0322,1.2398,51.0,0.2785,0.8036,3426,-0.1147,-0.0785,220,-0.1473,0.0577,0.016,-0.0025,-0.0042,6146.0,0.0886,2.5241,0.4512,0.0499,0.2848,1788.0,-0.0913,-0.3466,273.0,-0.0194,0.0391,2085.0,-0.0079,-0.0083,803164.0,-0.0256,0.0665,10253,0.0079,0.5762,0.2105,-0.0286,-0.5111,0.0
202209,21340,"El Paso, TX",76,291225.0,0.0201,0.1745,1576,0.025,0.4353,52.0,0.0842,0.1705,944,0.0655,0.0489,90,0.6071,-0.2742,0.0303,0.0099,-0.0211,306.0,-0.0671,0.9615,0.1032,-0.016,0.0383,197.0,-0.2124,-0.5393,153.0,0.0055,0.1674,1941.0,0.0057,0.0023,334289.0,0.0156,0.1688,1773,-0.0081,0.16,0.1247,-0.0376,-0.2638,0.0
202209,17820,"Colorado Springs, CO",81,505000.0,-0.0241,0.0579,2419,-0.0459,1.245,40.0,0.197,1.1944,1366,-0.1376,-0.164,42,-0.5116,-0.25,0.0089,-0.0078,-0.0061,1728.0,-0.04,2.498,0.3753,0.0204,0.2476,936.0,-0.0194,-0.1111,224.0,0.005,0.0528,2344.0,-0.029,-0.0142,627401.0,-0.0117,-0.0126,3339,-0.0396,0.5913,0.3869,0.0105,-0.5903,1.0
202209,32580,"McAllen-Edinburg-Mission, TX",84,269000.0,-0.0218,0.0162,1422,0.0847,0.4415,49.0,0.0652,0.0426,508,-0.0696,0.0672,14,-0.4615,-0.3636,0.0055,-0.0055,-0.0046,356.0,0.0723,1.5429,0.139,0.0017,0.0728,533.0,-0.0388,-0.2358,143.0,-0.0024,0.1681,1852.0,-0.0242,-0.1073,342482.0,-0.0283,-0.0296,1960,0.0543,0.155,0.3748,-0.0481,-0.3322,0.0
202208,19100,"Dallas-Fort Worth-Arlington, TX",4,462551.0,-0.0378,0.1593,16511,0.1131,0.7857,35.0,0.1897,0.1129,10316,-0.1477,0.0126,414,-0.0417,-0.2362,0.0109,0.0003,-0.0051,10186.0,-0.0686,1.4592,0.2639,-0.0016,0.1407,12218.0,-0.0348,-0.1609,209.0,-0.0198,0.1371,2262.0,-0.0142,0.0381,617824.0,-0.0415,0.0915,28743,0.0452,0.2084,0.74,-0.1134,-0.8347,0.0
202208,26420,"Houston-Pasadena-The Woodlands, TX",5,382311.0,-0.0197,0.0589,20221,0.0924,0.2319,38.0,0.1515,-0.05,9626,-0.1481,-0.0939,742,-0.3,-0.2475,0.0177,-0.0068,-0.0051,9562.0,0.0023,0.5135,0.2269,0.0084,0.0815,12186.0,-0.0619,-0.2308,177.0,-0.0121,0.0837,2178.0,-0.0093,-0.0268,522780.0,-0.0278,-0.0046,32407,0.0294,0.0054,0.6026,-0.0991,-0.3625,0.0
202208,19740,"Denver-Aurora-Centennial, CO",18,636490.0,-0.0208,0.0608,6471,0.0468,0.682,31.0,0.3261,0.7429,4480,-0.1592,-0.146,108,-0.1563,-0.3494,0.0069,-0.0016,-0.0038,4850.0,-0.0593,1.4545,0.3096,0.0058,0.1824,4842.0,0.0026,-0.2554,282.0,-0.0146,0.0214,2327.0,-0.0206,0.0494,820814.0,-0.0223,-0.0233,11267,0.0252,0.0921,0.7482,-0.033,-0.9419,0.0
202208,41700,"San Antonio-New Braunfels, TX",25,363089.0,-0.0443,0.0807,7216,0.1912,0.6194,39.0,0.2419,0.2222,3838,-0.1456,-0.0862,354,0.2643,0.2378,0.021,0.0036,0.002,3948.0,0.1598,1.186,0.2344,0.035,0.1145,5754.0,-0.0828,-0.1157,188.0,-0.0249,0.0992,2031.0,-0.0118,-0.0263,480440.0,-0.0324,0.0563,12927,0.0502,0.1861,0.7973,-0.2382,-0.6628,0.0
202208,12420,"Austin-Round Rock-San Marcos, TX",26,575000.0,-0.0413,0.0534,8226,0.1123,1.3259,40.0,0.3167,0.7556,3870,-0.1292,-0.0579,258,0.4022,0.1026,0.0185,0.0042,-0.0036,5646.0,-0.015,2.3173,0.4013,-0.0039,0.2411,1967.0,-0.0238,-0.3276,279.0,-0.0342,0.0724,2101.0,-0.0043,0.0006,824256.0,-0.0315,0.1029,10172,0.0817,0.5779,0.2391,-0.0333,-0.5881,0.0
202208,21340,"El Paso, TX",76,285475.0,0.0018,0.1513,1538,0.0264,0.3703,48.0,0.4844,0.25,886,-0.1448,-0.0996,56,-0.6744,-0.2821,0.0204,-0.041,-0.0094,328.0,-0.0682,0.8851,0.1192,-0.0065,0.0582,250.0,-0.0254,-0.496,152.0,0.0003,0.1676,1930.0,0.0,-0.001,329146.0,-0.0121,0.1549,1787,0.0165,0.1051,0.1623,-0.0086,-0.2789,0.0
202208,17820,"Colorado Springs, CO",81,517450.0,-0.0081,0.0838,2536,0.0789,1.4275,33.0,0.32,1.2,1584,-0.2016,-0.1297,86,0.5357,1.0476,0.0168,0.0058,0.0061,1800.0,-0.0022,2.3835,0.3549,0.014,0.22,955.0,0.0432,-0.1215,223.0,-0.0123,0.0815,2414.0,-0.0139,-0.0476,634812.0,-0.0141,-0.0059,3476,0.0663,0.6412,0.3765,-0.0129,-0.6638,1.0
202208,32580,"McAllen-Edinburg-Mission, TX",84,275000.0,0.0185,0.0491,1311,0.1054,0.5959,46.0,0.0698,0.011,546,0.1098,0.0876,26,0.3,5.5,0.011,0.0022,0.0081,332.0,0.2969,1.075,0.1373,0.0238,0.0175,555.0,-0.0649,20.7451,143.0,0.0043,0.1627,1898.0,-0.015,-0.081,352458.0,-0.0193,-0.0052,1859,0.0426,1.1935,0.423,-0.077,0.3919,0.0
202207,19100,"Dallas-Fort Worth-Arlington, TX",4,480710.0,-0.0205,0.2104,14833,0.3163,0.7688,29.0,0.3182,0.0741,12104,-0.1287,0.05,432,-0.0182,-0.2653,0.0106,-0.0007,-0.006,10936.0,0.6992,1.884,0.2655,0.099,0.157,12659.0,-0.0472,-0.1219,213.0,-0.0146,0.1703,2294.0,-0.0043,0.0557,644577.0,-0.0415,0.1186,27501,0.1181,0.2062,0.8534,-0.3256,-0.8656,0.0
202207,26420,"Houston-Pasadena-The Woodlands, TX",5,389990.0,-0.0213,0.0685,18511,0.2381,0.229,33.0,0.0476,-0.1538,11300,-0.094,-0.0552,1060,-0.075,-0.0257,0.0245,-0.0036,-0.0002,9540.0,0.383,0.7383,0.2185,0.0563,0.0935,12989.0,-0.1128,-0.2147,179.0,-0.0155,0.0923,2199.0,0.0009,-0.0259,537746.0,-0.0397,-0.0085,31481,0.0646,-0.0031,0.7017,-0.2775,-0.3965,0.0
202207,19740,"Denver-Aurora-Centennial, CO",18,650000.0,-0.0441,0.0833,6181,0.2964,0.6607,23.0,0.4839,0.4375,5328,-0.1966,-0.0877,128,-0.1351,-0.4483,0.0085,-0.0003,-0.0066,5156.0,0.4103,1.8392,0.3038,0.089,0.1921,4829.0,-0.0876,-0.2483,286.0,-0.0112,0.054,2376.0,-0.0224,0.0472,839555.0,-0.0496,-0.013,10990,0.0923,0.0865,0.7813,-0.3287,-0.9447,0.0
202207,41700,"San Antonio-New Braunfels, TX",25,379900.0,-0.0065,0.1685,6058,0.3118,0.6316,31.0,0.0333,-0.0313,4492,0.0067,0.0369,280,-0.1026,-0.4737,0.0173,-0.0023,-0.0209,3404.0,0.4787,1.2336,0.1994,0.0547,0.0957,6273.0,-0.0897,-0.0497,193.0,-0.0147,0.1366,2055.0,-0.0011,0.0064,496547.0,-0.0234,0.0674,12309,0.0748,0.2001,1.0355,-0.4568,-0.7423,0.0
202207,12420,"Austin-Round Rock-San Marcos, TX",26,599800.0,-0.0364,0.1107,7395,0.3202,1.4072,30.0,0.4634,0.7647,4444,-0.192,0.0383,184,0.0,-0.2333,0.0143,-0.0002,-0.0091,5732.0,0.3213,3.0253,0.4052,0.0858,0.2744,2015.0,-0.109,-0.3265,289.0,-0.0171,0.1137,2110.0,-0.0179,0.011,851024.0,-0.0236,0.1194,9404,0.198,0.5546,0.2725,-0.1312,-0.7015,0.0
202207,21340,"El Paso, TX",76,284950.0,0.0119,0.1403,1498,0.2798,0.4119,32.0,-0.0448,-0.2558,1036,-0.0616,-0.0152,172,-0.0115,-0.3768,0.0614,-0.0076,-0.0459,352.0,0.76,1.2,0.1256,0.0473,0.0661,256.0,-0.1263,-0.5277,152.0,0.0145,0.1846,1930.0,0.0,-0.0228,333165.0,0.0028,0.1683,1758,0.1992,0.0906,0.1709,-0.0794,-0.3399,0.0
202207,17820,"Colorado Springs, CO",81,521674.0,-0.0294,0.0893,2350,0.3795,1.4202,25.0,0.4286,0.7857,1984,-0.1127,0.0667,56,0.0769,0.75,0.011,0.0002,0.0026,1804.0,0.5134,3.1376,0.3409,0.0929,0.2309,915.0,-0.0518,-0.1202,226.0,-0.0156,0.1032,2448.0,-0.0348,-0.0204,643872.0,-0.0418,0.0056,3260,0.2196,0.6324,0.3894,-0.1771,-0.6817,0.0
202207,32580,"McAllen-Edinburg-Mission, TX",84,270000.0,-0.0092,0.0385,1186,0.1442,0.4678,43.0,0.0886,-0.0444,492,-0.0989,-0.016,20,-0.2308,0.6667,0.0089,-0.0029,-0.0002,256.0,0.0847,1.1333,0.1136,0.0107,0.0231,593.0,-0.0967,23.7083,142.0,0.016,0.1791,1927.0,-0.0285,-0.0718,359391.0,-0.0086,0.0172,1783,0.0522,1.143,0.5,-0.1334,0.4703,0.0
202206,19100,"Dallas-Fort Worth-Arlington, TX",4,490793.0,0.0306,0.2586,11269,0.3956,0.623,22.0,0.0476,-0.2,13892,0.1326,0.2493,440,-0.0222,-0.4458,0.0113,-0.002,-0.0131,6436.0,1.0087,2.0188,0.1665,0.0738,0.1012,13287.0,-0.0068,-0.0872,216.0,0.0088,0.2007,2304.0,0.0247,0.0593,672491.0,-0.0079,0.1381,24597,0.1428,0.1442,1.1791,-0.4777,-0.9173,0.0
202206,26420,"Houston-Pasadena-The Woodlands, TX",5,398478.0,0.0012,0.0926,14951,0.1779,0.109,32.0,-0.0308,-0.2025,12472,0.0989,-0.0005,1146,-0.1171,-0.4062,0.0281,-0.005,-0.016,6898.0,0.4223,0.7917,0.1621,0.0414,0.0742,14641.0,-0.0634,-0.1465,182.0,-0.007,0.1076,2197.0,0.0094,-0.0244,559992.0,-0.0176,0.0132,29571,0.0416,-0.0445,0.9792,-0.2523,-0.2931,0.0
202206,19740,"Denver-Aurora-Centennial, CO",18,680000.0,-0.0216,0.1349,4768,0.3911,0.5423,16.0,0.6316,0.8235,6632,0.0464,-0.0066,148,-0.0864,-0.3884,0.0088,-0.0023,-0.0062,3656.0,0.9593,2.529,0.2147,0.0973,0.1511,5293.0,-0.0754,-0.2154,290.0,-0.0111,0.0612,2431.0,-0.0118,0.0757,883406.0,-0.0629,0.0094,10062,0.1048,0.0234,1.11,-0.56,-1.0719,1.0
202206,41700,"San Antonio-New Braunfels, TX",25,382400.0,0.0077,0.214,4618,0.2181,0.4632,30.0,0.0169,-0.0164,4462,0.0479,0.0464,312,-0.3036,-0.4135,0.0196,-0.0095,-0.0186,2302.0,0.428,1.5521,0.1447,0.0383,0.08,6892.0,-0.0475,-0.0132,196.0,0.001,0.1885,2057.0,0.009,0.0215,508441.0,0.0111,0.1122,11453,0.0426,0.1291,1.4923,-0.4163,-0.7205,0.0
202206,12420,"Austin-Round Rock-San Marcos, TX",26,622445.0,-0.0112,0.1744,5602,0.5614,1.365,21.0,0.2813,0.4909,5500,0.1062,0.1998,184,-0.2581,-0.3134,0.0145,-0.0093,-0.0123,4338.0,1.25,4.9425,0.3194,0.1409,0.2462,2262.0,-0.0577,-0.2313,294.0,-0.0174,0.1482,2149.0,0.0113,0.046,871589.0,-0.0363,0.1362,7850,0.319,0.4523,0.4037,-0.2653,-0.8384,0.0
202206,21340,"El Paso, TX",76,281600.0,-0.0035,0.1312,1171,0.1543,0.1521,34.0,0.1167,-0.2024,1104,0.1084,0.0931,174,0.2083,-0.42,0.069,0.0044,-0.052,200.0,0.5385,0.8519,0.0783,0.0213,0.0379,293.0,0.1057,-0.4316,150.0,0.0008,0.1873,1930.0,-0.0039,-0.0284,332242.0,0.0092,0.1545,1466,0.1462,-0.0428,0.2503,-0.011,-0.2571,0.0
202206,17820,"Colorado Springs, CO",81,537475.0,0.0006,0.1278,1704,0.4196,1.0876,18.0,0.5217,0.9444,2236,0.0792,0.2047,52,-0.2778,-0.037,0.0107,-0.0066,-0.0037,1192.0,0.9933,3.5496,0.248,0.1081,0.1758,965.0,0.057,0.011,229.0,-0.0066,0.1465,2536.0,0.0035,-0.0215,671933.0,-0.0089,0.0151,2673,0.2641,0.514,0.5665,-0.1944,-0.6032,0.0
202206,32580,"McAllen-Edinburg-Mission, TX",84,272500.0,-0.0091,0.0676,1037,0.0831,0.303,40.0,0.026,-0.092,546,0.038,-0.0144,26,0.0,0.3,0.0118,-0.0001,-0.0027,236.0,0.3882,1.7442,0.1029,0.0235,0.0396,657.0,-0.0945,22.4464,140.0,0.0045,0.1834,1984.0,0.0092,-0.0462,362516.0,0.0083,0.0344,1695,0.0159,1.0577,0.6334,-0.1242,0.5982,0.0
202205,19100,"Dallas-Fort Worth-Arlington, TX",4,476203.0,0.0776,0.2493,8075,0.4895,0.3435,21.0,-0.087,-0.2759,12266,0.127,0.1781,450,-0.0302,-0.5909,0.0133,-0.0035,-0.0227,3204.0,0.6448,1.1475,0.0928,0.0274,0.0451,13378.0,0.0204,-0.0949,215.0,0.0285,0.217,2249.0,0.0441,0.0343,677812.0,0.0075,0.1611,21523,0.1738,0.0365,1.6568,-0.7616,-0.8024,0.0
202205,26420,"Houston-Pasadena-The Woodlands, TX",5,398000.0,0.0231,0.1148,12693,0.148,0.0458,33.0,-0.0714,-0.2442,11350,0.0229,0.0218,1298,-0.2608,-0.4619,0.0331,-0.0132,-0.0258,4850.0,0.3578,0.6794,0.1207,0.0263,0.0507,15632.0,0.0023,-0.1046,184.0,0.0131,0.122,2176.0,0.0145,-0.0277,570053.0,0.0238,0.0343,28390,0.0593,-0.0435,1.2315,-0.1789,-0.2069,0.0
202205,19740,"Denver-Aurora-Centennial, CO",18,695000.0,0.0266,0.1681,3428,0.4529,0.498,10.0,0.9,0.1875,6338,0.0486,0.1634,162,-0.2059,-0.3864,0.0111,-0.0053,-0.0064,1866.0,0.9767,1.862,0.1174,0.0522,0.0748,5724.0,0.0362,-0.1198,293.0,-0.0217,0.0532,2460.0,0.0698,0.1167,942685.0,-0.0217,0.0512,9107,0.1722,0.0164,1.67,-0.6716,-1.1722,1.0
202205,41700,"San Antonio-New Braunfels, TX",25,379495.0,0.0542,0.2291,3791,0.3159,0.401,30.0,-0.0781,-0.1061,4258,0.1361,0.0986,448,-0.1704,-0.4589,0.0291,-0.0073,-0.0322,1612.0,0.612,1.5506,0.1063,0.0334,0.0608,7236.0,-0.0113,0.0187,195.0,0.013,0.2068,2039.0,0.0301,0.0221,502883.0,0.0267,0.1172,10985,0.0751,0.1159,1.9086,-0.6315,-0.7163,0.0
202205,12420,"Austin-Round Rock-San Marcos, TX",26,629479.0,0.0072,0.259,3588,0.7848,0.8445,16.0,0.1429,-0.2727,4972,0.1704,0.201,248,0.24,-0.2051,0.0238,-0.0026,-0.0014,1928.0,1.2523,3.2281,0.1785,0.0716,0.143,2400.0,0.0248,-0.6399,299.0,-0.0184,0.216,2125.0,0.0064,0.0273,904405.0,-0.0354,0.1964,5951,0.3696,-0.3083,0.669,-0.4962,-2.7572,1.0
202205,21340,"El Paso, TX",76,282600.0,0.0093,0.1535,1014,0.0892,-0.0127,30.0,-0.1892,-0.3182,996,0.0687,-0.0778,144,-0.5135,-0.6667,0.0645,-0.0663,-0.0995,130.0,0.5476,0.0484,0.057,0.0174,0.0108,265.0,-0.0603,-0.363,150.0,0.0001,0.1884,1938.0,0.0003,-0.0249,329216.0,0.0264,0.1863,1279,0.0535,-0.1228,0.2613,-0.0416,-0.1437,0.0
202205,17820,"Colorado Springs, CO",81,537171.0,0.0431,0.1357,1200,0.5524,0.7544,12.0,0.2778,0.4375,2072,0.0593,0.2422,72,-0.1429,-0.3077,0.0173,-0.0046,-0.0139,598.0,1.8208,3.6719,0.1399,0.0761,0.1011,913.0,0.1094,0.096,231.0,-0.0072,0.2089,2528.0,0.0304,-0.0327,677998.0,0.0097,0.0679,2115,0.3383,0.3976,0.7608,-0.3038,-0.457,0.0
202205,32580,"McAllen-Edinburg-Mission, TX",84,275000.0,0.0639,0.1004,957,0.0801,0.1757,39.0,0.0132,-0.2062,526,0.105,0.0115,26,-0.4583,0.625,0.0118,-0.0105,0.0007,170.0,0.1184,1.0238,0.0794,0.0086,0.0172,725.0,-0.0268,31.9545,139.0,0.0198,0.1912,1966.0,0.0388,-0.064,359535.0,0.0202,0.0679,1668,0.0221,0.9881,0.7576,-0.0833,0.7305,0.0
202204,19100,"Dallas-Fort Worth-Arlington, TX",4,441900.0,0.0398,0.1784,5421,0.192,-0.0472,23.0,-0.0213,-0.2069,10884,0.2226,0.0804,464,-0.3075,-0.582,0.0168,-0.0093,-0.0194,1948.0,0.8913,0.5812,0.0654,0.0252,0.0235,13110.0,0.0705,-0.0889,209.0,0.0253,0.1937,2154.0,0.0175,0.0012,672766.0,0.0242,0.1311,18335,0.0935,-0.0892,2.4184,-0.2743,-0.1107,0.0
202204,26420,"Houston-Pasadena-The Woodlands, TX",5,389000.0,0.0443,0.1138,11057,0.0307,-0.0966,35.0,-0.0789,-0.2222,11096,0.1327,0.0266,1756,-0.2879,-0.2515,0.0463,-0.0225,-0.0121,3572.0,0.3017,0.2877,0.0944,0.018,0.0251,15595.0,0.0137,-0.0732,181.0,0.0233,0.1416,2145.0,0.0096,-0.0362,556779.0,0.0285,0.0374,26801,0.0274,-0.0803,1.4104,-0.0237,0.0356,0.0
202204,19740,"Denver-Aurora-Centennial, CO",18,677000.0,0.0223,0.1774,2359,0.2821,0.0655,5.0,-0.0909,-0.4444,6044,0.3071,0.1983,204,0.1209,-0.0556,0.0164,0.0002,0.0001,944.0,1.3959,0.9265,0.0653,0.0299,0.0291,5524.0,0.1378,-0.0929,299.0,-0.0075,0.0794,2299.0,0.0105,0.0597,963625.0,-0.0082,0.0837,7769,0.1636,-0.0684,2.3417,-0.2969,-0.409,0.0
202204,41700,"San Antonio-New Braunfels, TX",25,360000.0,0.045,0.1863,2881,0.076,0.1026,32.0,-0.1111,-0.1351,3748,0.082,0.0594,540,-0.0657,-0.335,0.0364,-0.0072,-0.0248,1000.0,0.4925,0.6779,0.0729,0.0218,0.0276,7318.0,0.0311,0.05,193.0,0.0205,0.2009,1980.0,0.0315,-0.006,489812.0,0.0311,0.0932,10217,0.0463,0.0714,2.5401,-0.1107,-0.1272,0.0
202204,12420,"Austin-Round Rock-San Marcos, TX",26,625000.0,0.0417,0.2563,2010,0.2709,0.1813,14.0,-0.0667,-0.2821,4248,0.2089,0.0657,200,-0.2424,-0.4975,0.0264,-0.0119,-0.0063,856.0,1.5476,1.8919,0.1069,0.058,0.0822,2342.0,0.1238,-0.6261,304.0,0.0251,0.2522,2111.0,0.0185,0.0256,937589.0,0.0298,0.2544,4345,0.1894,-0.4564,1.1652,-0.1526,-2.5157,1.0
202204,21340,"El Paso, TX",76,280000.0,0.0182,0.1784,931,0.0707,-0.1319,37.0,0.0278,-0.3333,932,-0.0372,0.0402,296,0.48,-0.0513,0.1309,0.0359,0.0004,84.0,0.1667,-0.2632,0.0396,0.0055,-0.0076,282.0,-0.0408,-0.254,150.0,0.0104,0.1947,1937.0,0.0157,0.0127,320751.0,0.01,0.193,1214,0.043,-0.1619,0.3029,-0.0352,-0.0495,0.0
202204,17820,"Colorado Springs, CO",81,515000.0,0.0563,0.132,773,0.2221,0.2662,9.0,0.0,0.0,1956,0.249,0.3416,84,-0.0667,-0.3,0.022,-0.01,-0.0199,212.0,1.2553,0.6061,0.0638,0.0306,0.0187,823.0,0.119,-0.0272,232.0,-0.0072,0.2218,2453.0,0.0952,-0.0369,671486.0,0.0205,0.0861,1580,0.1575,0.0811,1.0647,-0.0982,-0.3211,0.0
202204,32580,"McAllen-Edinburg-Mission, TX",84,258495.0,-0.0016,0.0773,886,-0.015,-0.0039,38.0,-0.0559,-0.2692,476,-0.0325,-0.0667,48,0.0909,1.6667,0.0224,0.0011,0.0096,152.0,0.1014,0.2258,0.0708,0.0053,-0.0166,745.0,0.0471,32.1111,137.0,0.0183,0.1954,1892.0,0.0,-0.0786,352418.0,0.0151,0.1,1632,0.013,0.7895,0.8409,0.0499,0.8156,0.0
202203,19100,"Dallas-Fort Worth-Arlington, TX",4,425000.0,0.0316,0.1601,4548,0.0992,-0.2182,24.0,-0.254,-0.3733,8902,0.1911,-0.0405,670,-0.0797,-0.4806,0.0261,-0.0047,-0.0201,1030.0,0.3995,-0.1241,0.0402,0.0084,-0.0014,12247.0,0.0543,-0.0445,203.0,0.0289,0.1834,2117.0,0.0049,-0.0181,656890.0,0.0263,0.1345,16768,0.0564,-0.0999,2.6927,-0.1148,0.4896,0.0
202203,26420,"Houston-Pasadena-The Woodlands, TX",5,372500.0,0.0325,0.0972,10728,-0.0349,-0.1695,38.0,-0.038,-0.2963,9796,0.0734,0.0174,2466,-0.3026,-0.1268,0.0687,-0.0312,-0.0057,2744.0,0.0924,-0.0698,0.0764,0.003,-0.001,15384.0,0.0254,-0.0088,177.0,0.022,0.1391,2125.0,0.0097,-0.0432,541327.0,0.0236,0.0403,26085,0.0018,-0.082,1.4341,0.0843,0.2325,0.0
202203,19740,"Denver-Aurora-Centennial, CO",18,662225.0,0.0227,0.1932,1840,0.2117,-0.1788,6.0,-0.0833,-0.3889,4624,0.1887,-0.0969,182,0.1974,-0.1875,0.0161,0.0007,-0.0028,394.0,0.7909,-0.1166,0.0353,0.013,-0.002,4855.0,0.0977,-0.1492,302.0,0.0035,0.0926,2275.0,0.0327,0.1215,971559.0,-0.0131,0.1472,6677,0.1224,-0.1509,2.6386,-0.2742,0.0916,0.0
202203,41700,"San Antonio-New Braunfels, TX",25,344500.0,0.0259,0.1534,2678,-0.0799,-0.0962,36.0,-0.122,-0.2,3464,0.0652,0.0503,578,-0.3506,-0.5661,0.0436,-0.026,-0.0625,670.0,0.1632,0.1672,0.0511,0.0053,0.0052,7098.0,0.0659,0.1158,189.0,0.0174,0.1959,1919.0,0.0054,-0.0209,475034.0,0.0224,0.1033,9765,0.0244,0.0527,2.6508,0.3626,0.5036,0.0
202203,12420,"Austin-Round Rock-San Marcos, TX",26,600000.0,0.039,0.2834,1582,0.1276,0.0286,15.0,-0.25,-0.4231,3514,0.2938,-0.0244,264,-0.4211,-0.3465,0.0382,-0.0349,0.0008,336.0,0.377,0.3659,0.0489,0.0057,0.026,2084.0,0.1662,-0.642,297.0,0.0492,0.2714,2073.0,0.0031,0.0227,910444.0,0.0423,0.2509,3653,0.1419,-0.5025,1.3177,0.0436,-2.4686,1.0
202203,21340,"El Paso, TX",76,275000.0,0.0274,0.1703,870,-0.0131,-0.2423,36.0,0.1077,-0.2836,968,0.095,-0.0143,200,0.2658,-0.6337,0.095,0.0118,-0.1146,72.0,-0.1,-0.28,0.0341,-0.0046,-0.0051,294.0,-0.0034,-0.25,148.0,0.0374,0.2031,1907.0,-0.0145,-0.0091,317585.0,0.0238,0.1876,1164,-0.0194,-0.2434,0.3381,0.0033,-0.0035,0.0
202203,17820,"Colorado Springs, CO",81,487552.0,0.0103,0.1208,633,0.0702,0.1638,9.0,-0.3898,0.0,1566,0.3883,0.083,90,-0.3662,0.4516,0.0319,-0.029,0.0087,94.0,0.1463,0.3429,0.0332,-0.0021,0.0066,736.0,0.1019,-0.1117,234.0,0.0231,0.2062,2240.0,-0.0194,-0.0638,657980.0,-0.0312,0.1004,1365,0.0933,-0.0015,1.1628,0.0334,-0.3606,0.0
202203,32580,"McAllen-Edinburg-Mission, TX",84,258901.0,-0.0002,0.1029,900,-0.0318,-0.0601,40.0,-0.2406,-0.2813,492,0.1389,-0.0752,44,0.375,2.6667,0.0212,0.0056,0.0133,138.0,-0.08,-0.0417,0.0655,-0.0027,-0.0306,712.0,-0.0884,33.7073,134.0,0.0285,0.1946,1892.0,-0.0271,-0.0666,347182.0,0.0094,0.1068,1611,-0.056,0.6481,0.791,-0.0492,0.7696,0.0
202202,19100,"Dallas-Fort Worth-Arlington, TX",4,412000.0,0.0201,0.1454,4138,-0.1542,-0.3342,32.0,-0.2125,-0.1923,7474,0.0991,-0.0233,728,-0.2661,-0.4348,0.0308,-0.0123,-0.0171,736.0,-0.2669,-0.3897,0.0318,-0.0119,-0.0134,11616.0,0.0625,-0.0954,198.0,0.0206,0.165,2106.0,-0.0084,-0.0233,640055.0,0.0725,0.1072,15872,0.002,-0.1784,2.8075,0.5726,0.7412,0.0
202202,26420,"Houston-Pasadena-The Woodlands, TX",5,360760.0,0.0134,0.085,11116,-0.0854,-0.2157,40.0,-0.3525,-0.2255,9126,0.0558,0.0555,3536,0.2665,0.2802,0.0999,0.0183,0.0245,2512.0,-0.1491,-0.1338,0.0734,-0.0133,-0.004,15004.0,0.1942,0.0105,173.0,0.023,0.1374,2104.0,-0.0099,-0.0501,528836.0,0.0217,0.0446,26039,0.0516,-0.0992,1.3498,0.316,0.3022,0.0
202202,19740,"Denver-Aurora-Centennial, CO",18,647500.0,0.0117,0.1994,1519,0.0552,-0.2931,6.0,-0.75,-0.6364,3890,0.3267,-0.054,152,-0.2692,-0.5824,0.0155,-0.0114,-0.0158,220.0,-0.0351,-0.5175,0.0223,-0.0048,-0.0165,4423.0,0.2164,-0.2059,301.0,-0.0215,0.0837,2203.0,0.0078,0.1363,984488.0,0.0055,0.188,5949,0.2232,-0.2245,2.9127,0.386,0.3199,1.0
202202,41700,"San Antonio-New Braunfels, TX",25,335819.0,-0.011,0.1347,2910,-0.1817,-0.1862,41.0,-0.2264,-0.0989,3252,0.0683,0.0337,890,-0.2458,-0.09,0.0696,-0.0256,-0.0069,576.0,-0.2299,-0.1933,0.0458,-0.0145,-0.01,6659.0,0.1692,0.0914,186.0,0.0245,0.1931,1909.0,-0.0281,-0.0357,464621.0,-0.0024,0.1117,9533,0.0325,-0.0112,2.2881,0.6866,0.582,0.0
202202,12420,"Austin-Round Rock-San Marcos, TX",26,577497.0,0.0519,0.2862,1403,-0.1944,0.0189,20.0,-0.5652,-0.4203,2716,0.1374,-0.0756,456,0.0857,0.1753,0.0731,0.0001,0.0307,244.0,-0.3146,0.6053,0.0432,-0.026,0.0282,1787.0,0.0153,-0.6924,283.0,0.0632,0.1658,2066.0,-0.0104,0.0659,873523.0,0.0822,0.1709,3199,-0.0652,-0.5548,1.2742,0.2632,-2.9467,1.0
202202,21340,"El Paso, TX",76,267656.0,0.0235,0.1614,881,-0.0329,-0.2581,33.0,-0.4091,-0.35,884,0.0524,-0.0655,158,-0.5842,-0.573,0.0832,-0.0946,-0.0701,80.0,-0.0909,-0.2593,0.0387,-0.0119,-0.0041,295.0,0.0172,-0.207,143.0,0.0306,0.1676,1935.0,-0.0051,0.01,310205.0,0.0117,0.1513,1187,-0.0174,-0.2327,0.3348,0.0165,0.0216,0.0
202202,17820,"Colorado Springs, CO",81,482576.0,-0.0167,0.0845,591,-0.0166,0.1927,15.0,-0.4327,0.18,1128,0.0763,-0.0918,142,0.0143,0.449,0.0609,-0.0151,0.0233,82.0,-0.2679,0.0789,0.0353,-0.0216,0.0054,668.0,0.0646,-0.0837,229.0,0.0137,0.1649,2284.0,-0.02,-0.0798,679142.0,0.0005,0.1103,1249,0.0225,0.0391,1.1294,0.0862,-0.3408,0.0
202202,32580,"McAllen-Edinburg-Mission, TX",84,258950.0,-0.0002,0.1509,929,-0.0148,-0.1093,53.0,-0.1311,-0.152,432,0.0189,-0.0092,32,0.6,-0.0588,0.0156,0.0057,-0.0065,150.0,0.1029,-0.0625,0.0682,0.0045,-0.0342,781.0,0.188,32.2128,131.0,0.0289,0.1833,1945.0,-0.0136,-0.0279,343963.0,0.0108,0.133,1707,0.0712,0.6001,0.8402,0.1434,0.8176,0.0
202201,19100,"Dallas-Fort Worth-Arlington, TX",4,403900.0,0.0097,0.154,4892,-0.2179,-0.3936,40.0,-0.0476,-0.1837,6800,0.035,-0.1487,992,0.1022,-0.4939,0.0431,0.009,-0.0318,1004.0,-0.3225,-0.5098,0.0436,-0.0147,-0.0332,10933.0,-0.1291,0.0324,194.0,0.0168,0.1739,2124.0,-0.0108,-0.0176,596766.0,0.0219,0.0799,15840,-0.1576,-0.1509,2.2349,0.2279,0.9221,0.0
202201,26420,"Houston-Pasadena-The Woodlands, TX",5,355990.0,-0.0105,0.0791,12153,-0.0998,-0.243,61.0,0.1509,0.0339,8644,0.1962,0.0389,2792,0.8393,0.0175,0.0816,0.0382,0.0072,2952.0,-0.1172,-0.2223,0.0867,-0.0087,-0.0196,12564.0,-0.123,0.0516,169.0,0.007,0.1349,2125.0,-0.0148,-0.0547,517608.0,-0.0058,0.0424,24761,-0.1092,-0.1181,1.0338,-0.0274,0.2897,0.0
202201,19740,"Denver-Aurora-Centennial, CO",18,640000.0,0.0207,0.219,1439,-0.2366,-0.3716,24.0,-0.36,-0.3684,2932,0.2996,-0.1828,208,0.0722,-0.3735,0.0268,0.003,-0.006,228.0,-0.5366,-0.6275,0.0272,-0.0294,-0.0276,3636.0,-0.2039,-0.1929,307.0,0.0422,0.104,2186.0,-0.0053,0.1684,979115.0,0.0891,0.2024,4863,-0.2422,-0.2932,2.5268,0.1039,0.5595,0.0
202201,41700,"San Antonio-New Braunfels, TX",25,339542.0,0.0043,0.1749,3556,-0.0957,-0.1782,53.0,0.1042,-0.1167,3044,0.0926,-0.0181,1180,1.9949,-0.169,0.0952,0.0643,-0.0172,748.0,-0.3125,-0.2667,0.0603,-0.0234,-0.0204,5695.0,-0.0576,0.0856,181.0,0.0145,0.2027,1964.0,-0.0136,-0.0282,465737.0,0.0046,0.1529,9232,-0.0723,-0.0316,1.6015,0.0648,0.3891,0.0
202201,12420,"Austin-Round Rock-San Marcos, TX",26,549000.0,0.0083,0.2621,1741,-0.2937,-0.0376,46.0,0.011,-0.1321,2388,0.0954,-0.0982,420,0.0825,-0.2657,0.0729,0.0146,0.0136,356.0,-0.442,0.3088,0.0692,-0.0235,0.0405,1760.0,-0.1886,-0.6641,266.0,0.0086,0.1799,2088.0,-0.0023,0.0774,807178.0,0.0453,0.131,3422,-0.2601,-0.5143,1.0109,0.131,-1.8852,1.0
202201,21340,"El Paso, TX",76,261500.0,0.0217,0.137,911,-0.1086,-0.2798,55.0,-0.1473,-0.1791,840,0.2069,-0.0141,380,1.4359,0.3571,0.1778,0.1045,0.0702,88.0,-0.2,-0.3714,0.0507,-0.0049,-0.0044,290.0,-0.1104,-0.142,139.0,0.0202,0.1506,1945.0,-0.0071,-0.0046,306624.0,0.0206,0.1466,1208,-0.1042,-0.2497,0.3183,-0.0007,0.0511,0.0
202201,17820,"Colorado Springs, CO",81,490760.0,0.012,0.0887,601,-0.1867,0.224,26.0,-0.1746,0.0196,1048,0.1342,0.0826,140,1.6923,0.25,0.076,0.0521,0.0226,112.0,-0.3488,0.2174,0.057,-0.0091,0.0144,627.0,-0.2206,-0.0656,226.0,-0.0089,0.2168,2331.0,0.0013,-0.1172,678776.0,0.0058,0.0767,1221,-0.204,0.0243,1.0433,-0.0454,-0.3233,0.0
202201,32580,"McAllen-Edinburg-Mission, TX",84,259000.0,0.0079,0.1773,943,-0.0858,-0.1543,61.0,0.1845,-0.0896,424,0.0392,0.06,20,-0.0909,0.0,0.0099,-0.0004,-0.003,136.0,-0.1053,-0.2093,0.0637,-0.0079,-0.0531,657.0,-0.0252,24.2692,127.0,0.0055,0.1603,1972.0,-0.0108,-0.0038,340299.0,0.0013,0.1573,1593,-0.0651,0.3961,0.6967,0.0433,0.6734,0.0
202112,19100,"Dallas-Fort Worth-Arlington, TX",4,400000.0,0.0,0.1173,6255,-0.1484,-0.3353,42.0,0.12,-0.1845,6570,-0.2291,-0.0214,900,0.2431,-0.1604,0.0341,0.0081,-0.0019,1482.0,-0.2929,-0.4058,0.0583,-0.0113,-0.0293,12554.0,-0.0901,0.0199,191.0,0.0089,0.1641,2147.0,-0.0024,-0.0264,583982.0,0.0007,0.0436,18805,-0.1103,-0.1341,2.007,0.1287,0.6989,0.0
202112,26420,"Houston-Pasadena-The Woodlands, TX",5,359750.0,-0.0004,0.0935,13500,-0.0853,-0.2368,53.0,-0.0093,-0.1092,7226,-0.1892,0.0014,1518,0.108,0.2952,0.0434,0.0074,0.0129,3344.0,-0.2227,-0.1395,0.0954,-0.0155,-0.0044,14327.0,-0.0496,0.0635,168.0,0.0081,0.1507,2157.0,-0.0127,-0.0542,520614.0,-0.0052,0.0596,27797,-0.0667,-0.1094,1.0612,0.0399,0.2997,0.0
202112,19740,"Denver-Aurora-Centennial, CO",18,627035.0,0.0155,0.1817,1885,-0.3083,-0.3499,38.0,0.2712,-0.2188,2256,-0.3652,-0.1669,194,-0.1261,-0.1983,0.0239,0.0036,0.0019,492.0,-0.5615,-0.3333,0.0566,-0.035,-0.0105,4567.0,-0.2079,-0.1478,295.0,0.0317,0.0614,2198.0,-0.0112,0.1608,899026.0,0.0412,0.121,6418,-0.241,-0.2207,2.4228,0.307,0.5746,0.0
202112,41700,"San Antonio-New Braunfels, TX",25,338090.0,0.0181,0.1658,3933,-0.0603,-0.2225,48.0,0.1034,-0.1724,2786,-0.1825,0.0205,394,-0.0101,-0.5603,0.0309,0.0006,-0.0366,1088.0,-0.1097,-0.1379,0.0837,-0.0037,-0.011,6043.0,-0.0518,0.0832,179.0,0.0196,0.1973,1991.0,-0.0015,-0.0358,463606.0,0.011,0.1607,9951,-0.0486,-0.0593,1.5367,0.0139,0.4337,0.0
202112,12420,"Austin-Round Rock-San Marcos, TX",26,544500.0,-0.009,0.2694,2465,-0.2245,-0.0845,46.0,0.2297,-0.1165,2180,-0.294,-0.0969,388,0.2125,-0.3446,0.0583,0.0191,0.003,638.0,-0.4443,0.2083,0.0927,-0.0366,0.0443,2169.0,-0.1704,-0.6183,264.0,-0.0013,0.1979,2093.0,-0.0046,0.0716,772207.0,0.0005,0.1208,4625,-0.1952,-0.4478,0.8799,0.0574,-1.2306,1.0
202112,21340,"El Paso, TX",76,255950.0,0.0093,0.1221,1022,-0.0743,-0.2444,65.0,0.2524,-0.0444,696,-0.2127,-0.1594,156,-0.1702,1.4375,0.0733,-0.0014,0.0486,110.0,-0.1912,-0.3605,0.0556,-0.0029,-0.0075,326.0,-0.151,-0.2058,136.0,0.013,0.1405,1959.0,-0.0023,0.0026,300425.0,0.0253,0.1467,1349,-0.0938,-0.2338,0.319,-0.0288,0.0155,0.0
202112,17820,"Colorado Springs, CO",81,484948.0,0.0013,0.0738,739,-0.2084,0.1958,32.0,0.1667,-0.1,924,-0.3032,-0.0191,52,0.2381,-0.4583,0.0238,0.0106,-0.0165,172.0,-0.4658,0.4098,0.0661,-0.0344,0.016,805.0,-0.1382,-0.026,228.0,0.0456,0.2539,2328.0,-0.0085,-0.128,674878.0,0.022,0.0764,1534,-0.1742,0.0709,1.0886,0.0886,-0.2479,0.0
202112,32580,"McAllen-Edinburg-Mission, TX",84,256975.0,-0.0154,0.1271,1032,0.0168,-0.1096,52.0,0.0564,-0.1345,408,-0.0893,-0.0933,22,1.2,0.8333,0.0103,0.0055,0.003,152.0,-0.05,-0.1739,0.0716,-0.0048,-0.039,674.0,0.045,21.4667,126.0,0.01,0.1537,1993.0,-0.015,-0.0173,339851.0,-0.0101,0.1549,1704,0.0337,0.4331,0.6534,0.0176,0.6275,0.0
202111,19100,"Dallas-Fort Worth-Arlington, TX",4,400000.0,0.0025,0.1048,7345,-0.1127,-0.3424,38.0,0.0417,-0.2188,8522,-0.0159,0.0524,724,-0.0573,-0.2731,0.026,0.0008,-0.0043,2096.0,-0.2772,-0.4301,0.0696,-0.0249,-0.0418,13796.0,0.0048,0.007,189.0,0.0144,0.162,2153.0,-0.0007,-0.0455,583580.0,0.0152,0.0412,21135,-0.0447,-0.152,1.8783,0.2197,0.6517,0.0
202111,26420,"Houston-Pasadena-The Woodlands, TX",5,359912.0,0.0,0.089,14759,-0.0612,-0.2262,54.0,0.0288,-0.0855,8912,-0.0543,0.0495,1370,0.2232,0.3645,0.036,0.0091,0.0124,4302.0,-0.1714,-0.1824,0.1109,-0.0189,-0.0132,15074.0,-0.0091,0.018,167.0,0.0098,0.1532,2185.0,-0.0087,-0.0567,523335.0,0.0122,0.0604,29782,-0.0295,-0.1202,1.0213,0.0537,0.245,0.0
202111,19740,"Denver-Aurora-Centennial, CO",18,617475.0,0.004,0.1882,2725,-0.2382,-0.3056,30.0,0.2826,-0.2133,3554,-0.2458,-0.0573,222,0.3537,-0.2128,0.0203,0.0085,0.0004,1122.0,-0.3567,-0.2808,0.0916,-0.0271,-0.0164,5766.0,-0.0866,-0.1168,286.0,0.0193,0.0644,2223.0,-0.0077,0.1563,863420.0,0.02,0.1217,8456,-0.1459,-0.189,2.1158,0.3512,0.4524,0.0
202111,41700,"San Antonio-New Braunfels, TX",25,332085.0,-0.0004,0.13,4185,-0.0576,-0.2416,44.0,0.0116,-0.1714,3408,-0.0058,0.061,398,0.0258,-0.2575,0.0303,0.0024,-0.0059,1222.0,-0.2457,-0.2665,0.0874,-0.027,-0.0241,6373.0,0.0415,0.0334,175.0,0.0128,0.1803,1994.0,-0.002,-0.0527,458562.0,0.0095,0.1309,10459,-0.0031,-0.1,1.5228,0.145,0.4052,0.0
202111,12420,"Austin-Round Rock-San Marcos, TX",26,549450.0,-0.0008,0.3012,3179,-0.1249,-0.0501,37.0,0.1935,-0.1778,3088,-0.1075,0.0525,320,0.6327,-0.564,0.0393,0.0183,-0.0197,1148.0,-0.2983,0.338,0.1293,-0.0321,0.0596,2615.0,-0.0299,-0.5722,264.0,-0.0058,0.2301,2103.0,0.006,0.0694,771827.0,0.0153,0.1318,5747,-0.0897,-0.3917,0.8226,0.0805,-1.004,1.0
202111,21340,"El Paso, TX",76,253588.0,0.0144,0.0926,1104,-0.0491,-0.1761,52.0,0.1444,-0.2107,884,0.0091,0.0914,188,2.1333,-0.4013,0.0747,0.0503,-0.0448,136.0,-0.15,-0.2766,0.0585,-0.0066,-0.0118,384.0,-0.0791,-0.195,134.0,0.0082,0.1373,1964.0,0.002,-0.0019,293015.0,0.0016,0.1173,1488,-0.06,-0.1781,0.3478,-0.0113,-0.0081,0.0
202111,17820,"Colorado Springs, CO",81,484324.0,-0.0014,0.0679,934,-0.1605,0.1968,27.0,0.4211,-0.0526,1326,-0.1478,0.2393,42,-0.58,-0.5333,0.0132,-0.0186,-0.0181,322.0,-0.3611,0.3761,0.1005,-0.0347,0.0229,934.0,-0.058,-0.087,218.0,0.0229,0.2256,2348.0,-0.0395,-0.1327,660355.0,0.016,0.0871,1858,-0.1104,0.0331,1.0,0.1088,-0.3109,0.0
202111,32580,"McAllen-Edinburg-Mission, TX",84,261000.0,-0.0151,0.142,1015,0.0176,-0.1205,49.0,0.0156,-0.0152,448,0.0,-0.1418,10,-0.5833,0.0,0.0048,-0.007,-0.0011,160.0,-0.0909,0.0811,0.0764,-0.0061,-0.0143,645.0,0.0126,18.8462,125.0,0.0081,0.1638,2023.0,-0.0094,-0.0365,343329.0,-0.0143,0.1849,1649,0.0189,0.3929,0.6358,-0.0031,0.6076,0.0
202110,19100,"Dallas-Fort Worth-Arlington, TX",4,399000.0,0.0004,0.1114,8278,-0.0716,-0.349,36.0,0.0141,-0.2174,8660,-0.0616,-0.0783,768,0.3665,-0.2941,0.0252,0.0079,-0.0057,2900.0,-0.1775,-0.3679,0.0945,-0.0152,-0.0298,13730.0,-0.0389,-0.0623,186.0,0.0027,0.164,2154.0,-0.0062,-0.0623,574863.0,0.0209,0.0444,22124,-0.0456,-0.1933,1.6586,0.0565,0.5071,0.0
202110,26420,"Houston-Pasadena-The Woodlands, TX",5,359900.0,-0.0026,0.0906,15721,-0.0362,-0.2073,52.0,0.1429,-0.1034,9424,-0.009,0.0107,1120,-0.0713,-0.3694,0.0269,-0.0013,-0.0125,5192.0,-0.1682,-0.0923,0.1298,-0.0238,0.0006,15212.0,-0.0048,0.0008,165.0,0.0018,0.1485,2204.0,-0.0081,-0.0597,517026.0,-0.005,0.047,30687,-0.0283,-0.1236,0.9676,0.0306,0.2012,0.0
202110,19740,"Denver-Aurora-Centennial, CO",18,615000.0,0.0251,0.1942,3577,-0.0673,-0.2646,23.0,0.0455,-0.2333,4712,-0.0591,-0.0826,164,-0.0575,-0.6239,0.0118,0.0003,-0.0145,1744.0,-0.0945,-0.2242,0.1186,-0.0117,-0.0091,6312.0,0.0067,-0.1602,280.0,0.0012,0.0879,2240.0,0.0161,0.1119,846450.0,0.0021,0.1277,9900,-0.0201,-0.1985,1.7646,0.1297,0.2194,0.0
202110,41700,"San Antonio-New Braunfels, TX",25,332225.0,0.0067,0.1233,4441,-0.0306,-0.235,43.0,0.1316,-0.2037,3428,-0.08,0.0142,388,-0.03,-0.5467,0.0279,0.0,-0.0273,1620.0,-0.057,-0.1802,0.1143,-0.003,-0.0114,6119.0,-0.0349,-0.0266,173.0,0.0069,0.1744,1998.0,-0.0153,-0.0703,454224.0,0.0144,0.1133,10491,-0.0354,-0.1297,1.3778,-0.0061,0.295,0.0
202110,12420,"Austin-Round Rock-San Marcos, TX",26,549900.0,0.0053,0.3093,3632,-0.0418,-0.0639,31.0,0.1071,-0.3111,3460,-0.0694,0.02,196,-0.0577,-0.8108,0.021,0.0008,-0.0561,1636.0,-0.0619,0.3109,0.1614,-0.0051,0.0669,2695.0,-0.0148,-0.5704,266.0,0.0106,0.2545,2090.0,-0.0057,0.0357,760167.0,0.0094,0.1138,6313,-0.0294,-0.3752,0.742,0.0203,-0.8747,0.0
202110,21340,"El Paso, TX",76,250000.0,0.0083,0.1064,1161,0.0574,-0.1783,45.0,0.0227,-0.1667,876,-0.0267,-0.0837,60,-0.5161,-0.6667,0.0244,-0.027,-0.0357,160.0,0.0256,-0.2982,0.0651,0.0003,-0.0134,417.0,-0.0223,-0.1887,133.0,0.0157,0.1391,1960.0,0.0119,0.0119,292552.0,0.0229,0.1425,1583,0.036,-0.1861,0.3592,-0.0293,-0.0046,0.0
202110,17820,"Colorado Springs, CO",81,485000.0,0.016,0.1025,1112,0.032,0.0945,19.0,0.0556,-0.3448,1556,-0.0477,0.0896,100,0.7857,-0.1667,0.0319,0.0168,-0.0004,504.0,0.0202,0.75,0.1352,0.0074,0.0551,991.0,-0.0589,-0.1923,213.0,0.0009,0.216,2444.0,0.0279,-0.0948,649980.0,0.023,0.124,2088,-0.0048,-0.0641,0.8912,-0.0861,-0.3165,0.0
202110,32580,"McAllen-Edinburg-Mission, TX",84,265000.0,0.0011,0.1613,997,0.0106,-0.0878,48.0,0.0213,-0.0769,448,-0.0588,-0.2168,24,0.0909,0.5,0.0118,0.0017,0.0026,176.0,0.2571,0.1,0.0825,0.0163,-0.0096,637.0,-0.0867,17.7353,124.0,0.0153,0.1615,2043.0,-0.0154,-0.0329,348299.0,-0.0131,0.2015,1618,-0.0466,0.4369,0.6389,-0.0681,0.6078,0.0
202109,19100,"Dallas-Fort Worth-Arlington, TX",4,398852.0,-0.0004,0.1026,8917,-0.0356,-0.3444,36.0,0.1452,-0.2111,9228,-0.0942,-0.0407,562,0.0369,-0.5547,0.0172,0.0013,-0.0154,3526.0,-0.1487,-0.2679,0.1097,-0.0134,-0.016,14286.0,-0.0189,-0.0689,186.0,0.0099,0.1744,2168.0,-0.005,-0.0653,563098.0,-0.0052,0.0368,23182,-0.0254,-0.2005,1.6021,0.0274,0.4741,0.0
202109,26420,"Houston-Pasadena-The Woodlands, TX",5,360848.0,-0.0006,0.0935,16312,-0.0062,-0.2034,46.0,0.1375,-0.2087,9510,-0.1049,0.0357,1206,0.2231,-0.3866,0.0282,0.0053,-0.0151,6242.0,-0.012,0.0153,0.1535,0.0081,0.0182,15285.0,-0.0351,-0.0265,165.0,0.008,0.1622,2222.0,-0.0071,-0.0687,519649.0,-0.0105,0.0498,31581,-0.0203,-0.1255,0.937,-0.0281,0.1703,0.0
202109,19740,"Denver-Aurora-Centennial, CO",18,599950.0,-0.0001,0.1493,3835,-0.0031,-0.2846,22.0,0.2571,-0.2667,5008,-0.0454,-0.0653,174,0.0482,-0.5372,0.0115,0.0009,-0.0087,1926.0,-0.0253,-0.2339,0.1303,0.0031,-0.0022,6270.0,-0.0357,-0.215,280.0,0.0133,0.1252,2205.0,-0.0059,0.033,844683.0,0.0051,0.1264,10103,-0.0207,-0.2398,1.6349,-0.0552,0.1449,0.0
202109,41700,"San Antonio-New Braunfels, TX",25,330000.0,-0.0178,0.1023,4581,0.0281,-0.2408,38.0,0.2063,-0.283,3726,-0.1129,0.0379,400,0.3986,-0.6661,0.0279,0.009,-0.047,1718.0,-0.0487,-0.141,0.1173,-0.0025,-0.0084,6340.0,-0.0256,-0.0275,172.0,0.0056,0.176,2029.0,-0.0271,-0.0718,447785.0,-0.0155,0.0883,10876,-0.0021,-0.125,1.384,-0.0762,0.3036,0.0
202109,12420,"Austin-Round Rock-San Marcos, TX",26,546975.0,0.002,0.3164,3791,0.0718,-0.092,28.0,0.2444,-0.4227,3718,-0.0949,0.0456,208,-0.1111,-0.7333,0.0203,-0.0019,-0.0458,1744.0,0.0247,0.2674,0.1664,0.0063,0.0567,2736.0,-0.0649,-0.4649,263.0,0.0121,0.295,2102.0,0.0011,0.0169,753091.0,0.0077,0.1317,6505,0.009,-0.2975,0.7217,-0.1056,-0.5029,0.0
202109,21340,"El Paso, TX",76,247950.0,0.0,0.1495,1098,-0.0214,-0.2227,44.0,0.1579,-0.0435,900,-0.0854,-0.0835,124,0.5897,-0.6196,0.0514,0.0217,-0.0558,156.0,-0.1034,-0.1702,0.0648,0.0039,-0.0009,427.0,-0.1384,-0.2231,131.0,0.0057,0.1331,1937.0,0.0023,0.0144,286008.0,0.0036,0.1369,1528,-0.055,-0.2216,0.3884,-0.0527,-0.0002,0.0
202109,17820,"Colorado Springs, CO",81,477382.0,-0.0001,0.0974,1078,0.0316,-0.0795,18.0,0.2,-0.3898,1634,-0.1022,-0.0097,56,0.3333,-0.5758,0.015,0.0044,-0.0174,494.0,-0.0714,0.3,0.1277,-0.0072,0.0318,1053.0,-0.0308,-0.2203,213.0,0.0325,0.2465,2378.0,-0.0619,-0.1436,635388.0,-0.005,0.1111,2098,-0.0094,-0.1606,0.9773,-0.0629,-0.1765,0.0
202109,32580,"McAllen-Edinburg-Mission, TX",84,264700.0,0.0098,0.195,987,0.2009,-0.0698,47.0,0.033,-0.2713,476,-0.0518,-0.0518,22,4.5,0.1,0.0101,0.0072,-0.0028,140.0,-0.125,0.0145,0.0662,-0.0536,-0.0219,698.0,26.3529,21.1429,122.0,-0.007,0.1601,2075.0,0.0045,-0.012,352923.0,-0.0039,0.2298,1697,1.0024,0.5526,0.707,0.676,0.6773,0.0
202108,19100,"Dallas-Fort Worth-Arlington, TX",4,399000.0,0.0046,0.106,9246,0.1026,-0.373,31.0,0.1481,-0.2955,10188,-0.1162,-0.0605,542,-0.0782,-0.5601,0.0159,-0.0007,-0.0135,4142.0,0.0923,-0.3442,0.1232,0.0146,-0.0297,14560.0,0.01,-0.0743,184.0,0.0088,0.19,2179.0,0.0025,-0.0804,566026.0,-0.0177,0.0654,23786,0.0432,-0.2194,1.5747,-0.1443,0.5081,0.0
202108,26420,"Houston-Pasadena-The Woodlands, TX",5,361062.0,-0.0108,0.0975,16415,0.0898,-0.2514,40.0,0.0256,-0.2157,10624,-0.1117,0.0339,986,-0.0938,-0.502,0.0229,-0.0018,-0.0187,6318.0,0.1512,-0.1066,0.1454,0.0205,-0.0042,15842.0,-0.0423,0.0035,164.0,-0.0043,0.181,2238.0,-0.0084,-0.0694,525178.0,-0.0317,0.0691,32235,0.0207,-0.1399,0.9651,-0.1331,0.2452,0.0
202108,19740,"Denver-Aurora-Centennial, CO",18,600000.0,0.0,0.1132,3847,0.0336,-0.3306,18.0,0.0938,-0.4167,5246,-0.1017,-0.1174,166,-0.2845,-0.5538,0.0107,-0.0044,-0.008,1976.0,0.0881,-0.2725,0.1272,0.0156,-0.0105,6502.0,0.0121,-0.202,276.0,0.0169,0.1504,2218.0,-0.0227,-0.0184,840358.0,-0.0121,0.1249,10317,0.02,-0.252,1.6901,-0.0358,0.2724,0.0
202108,41700,"San Antonio-New Braunfels, TX",25,335975.0,0.0334,0.1153,4456,0.2001,-0.2891,32.0,-0.0156,-0.3824,4200,-0.0305,0.1438,286,-0.4624,-0.6674,0.0189,-0.0193,-0.0324,1806.0,0.185,-0.1561,0.1198,0.0162,-0.0095,6507.0,-0.0143,-0.0366,171.0,0.0082,0.1793,2086.0,0.0213,-0.069,454815.0,-0.0223,0.1068,10899,0.0626,-0.1608,1.4602,-0.3176,0.3826,0.0
202108,12420,"Austin-Round Rock-San Marcos, TX",26,545868.0,0.0109,0.3647,3537,0.1512,-0.2778,23.0,0.3235,-0.4886,4108,-0.0402,0.0676,234,-0.025,-0.75,0.0221,-0.0013,-0.053,1702.0,0.1952,0.0585,0.1602,0.0294,0.0358,2926.0,-0.0222,-0.2446,260.0,0.003,0.3597,2100.0,0.0061,0.0051,747344.0,-0.017,0.1551,6447,0.0657,-0.2636,0.8272,-0.1467,0.0363,0.0
202108,21340,"El Paso, TX",76,247950.0,-0.0078,0.1476,1122,0.0575,-0.2409,38.0,-0.1163,-0.3333,984,-0.0646,-0.1246,78,-0.7174,-0.5465,0.0297,-0.0776,-0.0217,174.0,0.0875,0.061,0.0609,0.0014,0.0064,495.0,-0.0867,-0.0553,130.0,0.0149,0.1339,1932.0,-0.0218,-0.0102,284989.0,-0.0007,0.1467,1617,0.0031,-0.1951,0.4412,-0.0697,0.0866,0.0
202108,17820,"Colorado Springs, CO",81,477450.0,-0.003,0.061,1045,0.0757,-0.2008,15.0,0.0714,-0.5161,1820,-0.0215,0.0557,42,0.3125,-0.7237,0.0107,0.0023,-0.0244,532.0,0.2202,-0.0075,0.1349,0.0249,0.0147,1087.0,0.0447,-0.2155,206.0,0.0075,0.2247,2535.0,0.0143,-0.1468,638585.0,-0.0026,0.0962,2118,0.0606,-0.2138,1.0402,-0.0309,-0.0195,0.0
202108,32580,"McAllen-Edinburg-Mission, TX",84,262125.0,0.0082,0.2192,822,0.0167,-0.2973,46.0,0.0111,-0.3681,502,0.004,0.1106,4,-0.6667,-0.8,0.003,-0.0062,-0.0089,160.0,0.3333,-0.1667,0.1198,0.0294,-0.0002,26.0,0.0625,-0.2031,123.0,0.0184,0.1819,2065.0,-0.0052,0.0214,354293.0,0.0027,0.2676,848,0.0186,-0.2938,0.031,0.0013,0.0037,0.0
202107,19100,"Dallas-Fort Worth-Arlington, TX",4,397160.0,0.0185,0.1032,8386,0.2078,-0.4712,27.0,-0.0182,-0.4,11528,0.0367,0.0561,588,-0.2594,-0.4061,0.0167,-0.0077,-0.0064,3792.0,0.7786,-0.4204,0.1086,0.0432,-0.0412,14416.0,-0.0095,-0.1253,182.0,0.0111,0.1933,2173.0,-0.0009,-0.0931,576239.0,-0.0248,0.1014,22800,0.0606,-0.295,1.7191,-0.3773,0.6798,0.0
202107,26420,"Houston-Pasadena-The Woodlands, TX",5,364999.0,0.0008,0.1213,15062,0.1172,-0.34,39.0,-0.0127,-0.2353,11960,-0.0415,0.1043,1088,-0.4363,0.0093,0.0247,-0.0194,0.0029,5488.0,0.4255,-0.218,0.1249,0.037,-0.0165,16541.0,-0.0357,0.0358,164.0,-0.0018,0.2034,2257.0,0.0024,-0.0674,542348.0,-0.0187,0.1212,31580,0.0204,-0.1829,1.0982,-0.1741,0.3984,0.0
202107,19740,"Denver-Aurora-Centennial, CO",18,600000.0,0.0014,0.111,3722,0.2039,-0.3837,16.0,0.8824,-0.4839,5840,-0.1252,-0.0611,232,-0.0413,-0.2368,0.0151,0.0002,-0.0002,1816.0,0.7529,-0.4271,0.1116,0.048,-0.0418,6424.0,-0.0477,-0.2281,272.0,-0.0045,0.1591,2269.0,0.0042,-0.0586,850648.0,-0.028,0.1496,10115,0.0288,-0.2938,1.726,-0.456,0.3479,0.0
202107,41700,"San Antonio-New Braunfels, TX",25,325108.0,0.0321,0.0521,3713,0.1765,-0.4411,32.0,0.0492,-0.4128,4332,0.0159,0.1485,532,0.0,-0.3,0.0382,0.0,-0.0062,1524.0,0.6896,-0.3442,0.1037,0.0391,-0.0313,6601.0,-0.0548,-0.0338,170.0,0.0304,0.1703,2042.0,0.0139,-0.089,465195.0,0.0176,0.1284,10257,0.0112,-0.2327,1.7778,-0.435,0.7494,0.0
202107,12420,"Austin-Round Rock-San Marcos, TX",26,540000.0,0.0189,0.3619,3072,0.297,-0.4218,17.0,0.2364,-0.6402,4280,-0.0663,0.0052,240,-0.1045,-0.6226,0.0234,-0.0034,-0.0242,1424.0,0.9507,-0.2393,0.1308,0.0576,-0.0081,2992.0,0.017,-0.2413,259.0,0.0134,0.3932,2087.0,0.0161,-0.0137,760259.0,-0.0089,0.2001,6049,0.1191,-0.3458,0.974,-0.2682,0.2317,1.0
202107,21340,"El Paso, TX",76,249900.0,0.0038,0.1511,1061,0.0443,-0.272,43.0,0.0238,-0.3485,1052,0.0416,0.0626,276,-0.08,0.4375,0.1073,-0.0136,0.0405,160.0,0.4815,-0.1667,0.0595,0.0192,-0.0045,542.0,0.0514,0.0294,129.0,0.0167,0.1201,1975.0,-0.0058,0.0204,285176.0,-0.0091,0.16,1612,0.0526,-0.1871,0.5108,0.0035,0.1496,0.0
202107,17820,"Colorado Springs, CO",81,478900.0,0.0049,0.0468,971,0.19,-0.3037,14.0,0.5556,-0.5484,1860,0.0022,0.0508,32,-0.4074,-0.7288,0.0083,-0.0061,-0.018,436.0,0.6641,-0.3123,0.11,0.0379,-0.0322,1040.0,0.0896,-0.2472,205.0,0.0229,0.2361,2499.0,-0.0359,-0.1762,640259.0,-0.0327,0.1175,1997,0.1311,-0.2766,1.0711,-0.0987,0.0804,0.0
202107,32580,"McAllen-Edinburg-Mission, TX",84,260000.0,0.0186,0.2172,808,0.0157,-0.368,45.0,0.0345,-0.4643,500,-0.0975,0.0163,12,-0.4,-0.25,0.0091,-0.0054,0.0002,120.0,0.3953,-0.2683,0.0904,0.0271,-0.0003,24.0,-0.1429,-0.3333,121.0,0.0198,0.1766,2076.0,-0.0017,0.0051,353322.0,0.0081,0.268,832,0.0103,-0.3671,0.0297,-0.0055,0.0015,0.0
202106,19100,"Dallas-Fort Worth-Arlington, TX",4,389945.0,0.023,0.0862,6943,0.1552,-0.5909,28.0,-0.0517,-0.3956,11120,0.068,-0.0499,794,-0.2782,-0.057,0.0244,-0.0117,0.0056,2132.0,0.429,-0.703,0.0653,0.0177,-0.0935,14555.0,-0.0152,-0.119,180.0,0.0225,0.1978,2175.0,0.0005,-0.0949,590901.0,0.0122,0.1477,21497,0.0352,-0.3561,2.0964,-0.3629,1.1228,0.0
202106,26420,"Houston-Pasadena-The Woodlands, TX",5,364700.0,0.0216,0.1222,13482,0.1108,-0.4361,40.0,-0.0814,-0.3248,12478,0.1233,0.1381,1930,-0.1998,0.5031,0.0441,-0.0149,0.0188,3850.0,0.3331,-0.473,0.088,0.018,-0.0584,17153.0,-0.0175,0.0812,165.0,0.0059,0.2179,2252.0,0.006,-0.07,552699.0,0.0028,0.1592,30950,0.0428,-0.2185,1.2723,-0.1661,0.6088,0.0
202106,19740,"Denver-Aurora-Centennial, CO",18,599175.0,0.007,0.0954,3092,0.3512,-0.5261,9.0,0.0625,-0.7258,6676,0.2254,0.0438,242,-0.0833,-0.3046,0.0149,-0.0026,-0.0017,1036.0,0.589,-0.7001,0.0636,0.021,-0.0992,6746.0,0.0373,-0.1812,273.0,-0.0185,0.189,2260.0,0.0259,-0.1015,875181.0,-0.0241,0.1917,9832,0.0973,-0.3315,2.182,-0.6603,0.919,1.0
202106,41700,"San Antonio-New Braunfels, TX",25,315000.0,0.0202,0.0413,3156,0.1663,-0.5535,31.0,-0.0758,-0.5344,4264,0.1001,0.1263,532,-0.3575,-0.4875,0.0382,-0.0231,-0.0204,902.0,0.4272,-0.6279,0.0646,0.019,-0.0753,6984.0,-0.0168,0.0131,165.0,0.0164,0.1511,2014.0,0.0095,-0.1027,457145.0,0.0156,0.1291,10143,0.0304,-0.2689,2.2128,-0.4121,1.2375,0.0
202106,12420,"Austin-Round Rock-San Marcos, TX",26,530000.0,0.06,0.3418,2369,0.2177,-0.5819,14.0,-0.375,-0.733,4584,0.1072,0.0796,268,-0.141,-0.6675,0.0268,0.0017,-0.0317,730.0,0.6009,-0.6332,0.0732,0.0376,-0.0739,2942.0,-0.5585,-0.2418,256.0,0.0407,0.3987,2054.0,-0.0068,-0.048,767084.0,0.0148,0.2,5405,-0.3717,-0.4296,1.2421,-2.1841,0.5572,1.0
202106,21340,"El Paso, TX",76,248950.0,0.0161,0.1828,1016,-0.0107,-0.3642,42.0,-0.0455,-0.4437,1010,-0.0648,-0.0596,300,-0.3056,0.8072,0.121,-0.0431,0.0694,108.0,-0.129,-0.4316,0.0404,-0.0059,-0.0179,516.0,0.2392,-0.0524,126.0,0.0017,0.1039,1987.0,-0.0003,0.0442,287782.0,0.037,0.1822,1532,0.0504,-0.2845,0.5074,0.1023,0.167,0.0
202106,17820,"Colorado Springs, CO",81,476588.0,0.0076,0.0337,816,0.193,-0.446,9.0,0.125,-0.6949,1856,0.1127,-0.0353,54,-0.4808,-0.4808,0.0145,-0.0168,-0.007,262.0,1.0469,-0.617,0.0721,0.0334,-0.0693,955.0,0.1459,-0.3096,200.0,0.0475,0.2283,2592.0,-0.008,-0.1564,661929.0,0.0426,0.177,1766,0.1669,-0.3827,1.1697,-0.0481,0.2312,1.0
202106,32580,"McAllen-Edinburg-Mission, TX",84,255250.0,0.0214,0.2177,796,-0.0227,-0.4514,44.0,-0.1031,-0.5515,554,0.0654,0.1399,20,0.25,0.25,0.0145,0.0033,0.0063,86.0,0.0238,-0.6261,0.0634,0.0011,-0.0558,28.0,0.2727,-0.0175,118.0,0.0111,0.1562,2080.0,-0.0098,0.0291,350470.0,0.041,0.2768,824,-0.0185,-0.443,0.0352,0.0082,0.0155,0.0
202105,19100,"Dallas-Fort Worth-Arlington, TX",4,381167.0,0.0164,0.089,6010,0.0563,-0.6803,29.0,0.0,-0.4423,10412,0.0336,-0.1002,1100,-0.009,0.4946,0.0361,-0.0002,0.0193,1492.0,0.211,-0.771,0.0477,0.0058,-0.1041,14780.0,0.0272,0.1301,176.0,0.0088,0.187,2174.0,0.0107,-0.0911,583766.0,-0.0186,0.1736,20765,0.0315,-0.3485,2.4592,-0.0698,1.7636,0.0
202105,26420,"Houston-Pasadena-The Woodlands, TX",5,357000.0,0.0222,0.1191,12137,-0.0084,-0.5317,43.0,-0.0444,-0.3281,11108,0.0278,0.0886,2412,0.0281,1.2755,0.0589,0.0006,0.0374,2888.0,0.0411,-0.5848,0.07,0.0006,-0.0739,17458.0,0.0375,0.4069,164.0,0.0309,0.2337,2238.0,0.0056,-0.0691,551163.0,0.0269,0.2001,29680,0.0185,-0.225,1.4384,0.0636,0.9597,0.0
202105,19740,"Denver-Aurora-Centennial, CO",18,595000.0,0.0348,0.0917,2288,0.0334,-0.6084,8.0,-0.1111,-0.7838,5448,0.0801,-0.0278,264,0.2222,0.5349,0.0175,0.0012,0.0074,652.0,0.3306,-0.7739,0.0426,0.0065,-0.1269,6503.0,0.0678,0.3201,278.0,0.0026,0.2685,2203.0,0.0152,-0.184,896784.0,0.0086,0.2308,8960,0.0745,-0.1759,2.8422,0.0915,1.9992,1.0
202105,41700,"San Antonio-New Braunfels, TX",25,308750.0,0.0174,0.0466,2706,0.0356,-0.6624,33.0,-0.1081,-0.4844,3876,0.0955,0.0375,828,0.0197,-0.0961,0.0613,0.0001,0.0093,632.0,0.0604,-0.7476,0.0456,0.0002,-0.0995,7103.0,0.0192,0.2101,162.0,0.0081,0.1514,1995.0,0.0018,-0.1098,450113.0,0.0046,0.1528,9844,0.0322,-0.2856,2.6249,-0.0423,1.8926,0.0
202105,12420,"Austin-Round Rock-San Marcos, TX",26,500000.0,0.005,0.3158,1945,0.1431,-0.6942,22.0,0.1282,-0.5686,4140,0.0386,-0.0019,312,-0.2161,-0.3217,0.0252,-0.0075,-0.0092,456.0,0.5405,-0.7738,0.0355,0.0109,-0.114,6664.0,0.064,1.2206,246.0,0.0108,0.3931,2068.0,0.0047,-0.0381,755916.0,0.0114,0.2606,8603,0.0764,-0.0786,3.4262,-0.2546,2.9544,1.0
202105,21340,"El Paso, TX",76,245000.0,0.0311,0.2072,1027,-0.0424,-0.4717,44.0,-0.2072,-0.4699,1080,0.2054,0.1894,432,0.3846,5.75,0.1641,0.0336,0.1436,124.0,0.0877,-0.4655,0.0462,-0.001,-0.0158,416.0,0.1005,-0.0631,126.0,0.0055,0.1342,1987.0,0.0388,0.0502,277518.0,0.0322,0.1873,1458,0.0066,-0.3889,0.4051,0.0526,0.1767,0.0
202105,17820,"Colorado Springs, CO",81,473000.0,0.0397,0.0341,684,0.1204,-0.5403,8.0,-0.1111,-0.7419,1668,0.144,-0.0629,104,-0.1333,0.3,0.0312,-0.0106,0.0123,128.0,-0.0303,-0.7962,0.0388,-0.0063,-0.1049,833.0,-0.0154,-0.2725,191.0,0.0034,0.1725,2613.0,0.0259,-0.1475,634905.0,0.0269,0.1387,1513,0.0352,-0.4203,1.2178,-0.1679,0.4483,1.0
202105,32580,"McAllen-Edinburg-Mission, TX",84,249900.0,0.0415,0.2533,814,-0.0849,-0.5234,49.0,-0.0673,-0.436,520,0.0196,0.1607,16,-0.1111,-0.2,0.0112,-0.0016,0.0018,84.0,-0.3226,-0.65,0.0622,-0.0252,-0.0449,22.0,-0.0222,-0.0435,117.0,0.0234,0.1638,2100.0,0.0226,0.0532,336660.0,0.0508,0.271,839,-0.08,-0.5153,0.027,0.0017,0.0136,0.0
202104,19100,"Dallas-Fort Worth-Arlington, TX",4,375000.0,0.0236,0.103,5690,-0.022,-0.6943,29.0,-0.2267,-0.4082,10074,0.0858,0.2117,1110,-0.1395,0.5903,0.0362,-0.01,0.0175,1232.0,0.0476,-0.771,0.0419,0.0003,-0.0998,14389.0,0.1227,0.3617,175.0,0.0164,0.1994,2151.0,-0.0021,-0.0759,594801.0,0.0273,0.2623,20130,0.0805,-0.3075,2.529,0.326,1.9613,0.0
202104,26420,"Houston-Pasadena-The Woodlands, TX",5,349250.0,0.0287,0.1266,12240,-0.0524,-0.5396,45.0,-0.1667,-0.2174,10808,0.1226,0.391,2346,-0.1693,2.3042,0.0583,-0.0161,0.0425,2774.0,-0.0597,-0.5332,0.0693,-0.0081,-0.0633,16827.0,0.0842,0.6591,159.0,0.0211,0.2111,2226.0,0.0023,-0.0655,536706.0,0.0315,0.1975,29140,0.0255,-0.2048,1.3748,0.1732,0.9933,0.0
202104,19740,"Denver-Aurora-Centennial, CO",18,575000.0,0.036,0.0599,2214,-0.0118,-0.5511,9.0,0.0,-0.7273,5044,-0.0148,0.6581,216,-0.0357,0.1368,0.0163,-0.0026,0.0018,490.0,0.0987,-0.5617,0.0361,-0.0012,-0.0572,6090.0,0.0672,0.4414,277.0,0.0047,0.2769,2170.0,0.0695,-0.1896,889171.0,0.0499,0.2189,8339,0.0605,-0.0794,2.7507,0.2037,1.8941,1.0
202104,41700,"San Antonio-New Braunfels, TX",25,303469.0,0.016,0.0501,2613,-0.118,-0.6873,37.0,-0.1778,-0.3884,3538,0.0728,0.1119,812,-0.3904,0.5321,0.0612,-0.0449,0.029,596.0,0.0383,-0.7353,0.0454,-0.0006,-0.0925,6970.0,0.0957,0.3996,161.0,0.0162,0.1552,1992.0,0.0161,-0.1035,448045.0,0.0406,0.1949,9537,0.028,-0.2808,2.6672,0.5201,2.0713,0.0
202104,12420,"Austin-Round Rock-San Marcos, TX",26,497500.0,0.0642,0.3455,1702,0.1067,-0.7199,20.0,-0.25,-0.5465,3986,0.1066,0.1241,398,-0.0149,0.1437,0.0327,-0.0047,0.0037,296.0,0.2033,-0.8285,0.0247,0.0017,-0.1205,6263.0,0.0758,1.4858,243.0,0.0408,0.3963,2058.0,0.0155,-0.031,747424.0,0.0269,0.3111,7993,0.0885,-0.0614,3.6809,-0.1055,3.2661,1.0
202104,21340,"El Paso, TX",76,237611.0,0.0112,0.2251,1073,-0.0654,-0.5231,56.0,0.1045,-0.2697,896,-0.0876,0.0927,312,-0.4286,3.5882,0.1304,-0.0791,0.1105,114.0,0.14,-0.43,0.0472,0.0079,-0.0119,378.0,-0.0357,0.0633,126.0,0.0174,0.1502,1913.0,-0.0061,0.0314,268856.0,0.0054,0.1781,1449,-0.0585,-0.4436,0.3524,0.0108,0.1944,0.0
202104,17820,"Colorado Springs, CO",81,454950.0,0.0459,0.012,611,0.1233,-0.521,9.0,0.0,-0.7073,1458,0.0083,0.207,120,0.9355,0.6667,0.0418,0.0186,0.0204,132.0,0.8857,-0.5658,0.045,0.0184,-0.0414,846.0,0.0217,-0.0441,190.0,-0.0198,0.1692,2547.0,0.0646,-0.1536,618256.0,0.034,0.1108,1462,0.0691,-0.3212,1.3857,-0.1377,0.6914,1.0
202104,32580,"McAllen-Edinburg-Mission, TX",84,239950.0,0.0222,0.2074,890,-0.0705,-0.5219,52.0,-0.0714,-0.2973,510,-0.0414,0.4826,18,0.5,0.125,0.0127,0.0048,0.0056,124.0,-0.1389,-0.1733,0.0874,-0.0088,0.0199,23.0,0.0976,0.0227,114.0,0.0176,0.1429,2054.0,0.0131,0.0232,320371.0,0.0213,0.2179,912,-0.067,-0.5158,0.0253,0.0039,0.0135,0.0
202103,19100,"Dallas-Fort Worth-Arlington, TX",4,366350.0,0.0185,0.1129,5818,-0.0639,-0.7041,38.0,-0.0385,-0.1279,9278,0.2125,-0.2241,1290,0.0016,0.2697,0.0462,-0.0017,0.0235,1176.0,-0.0249,-0.822,0.0416,-0.0036,-0.1153,12817.0,-0.0019,0.0236,172.0,0.0129,0.2065,2156.0,-0.0005,-0.0649,578992.0,0.0016,0.288,18630,-0.0356,-0.4207,2.2031,0.1368,1.5663,0.0
202103,26420,"Houston-Pasadena-The Woodlands, TX",5,339500.0,0.0211,0.0917,12917,-0.0886,-0.5042,54.0,0.0588,0.0286,9628,0.1136,-0.0661,2824,0.0224,1.4772,0.0744,-0.001,0.0509,2950.0,0.0172,-0.6215,0.0774,0.0,-0.0837,15520.0,0.0453,0.3063,155.0,0.0204,0.1859,2221.0,0.0025,-0.0705,520341.0,0.0278,0.1504,28415,-0.017,-0.2485,1.2016,0.154,0.7455,0.0
202103,19740,"Denver-Aurora-Centennial, CO",18,555000.0,0.0281,-0.0004,2241,0.0431,-0.4779,9.0,-0.4545,-0.6,5120,0.2451,-0.0236,224,-0.3846,-0.1825,0.0189,-0.0123,-0.0001,446.0,-0.0219,-0.6937,0.0373,-0.0015,-0.0627,5707.0,0.0246,0.1458,276.0,-0.0048,0.2594,2029.0,0.0463,-0.2666,846872.0,0.022,0.083,7863,0.0251,-0.1621,2.547,-0.0459,1.3864,0.0
202103,41700,"San Antonio-New Braunfels, TX",25,298690.0,0.0093,0.0319,2963,-0.1716,-0.6373,45.0,-0.011,-0.2562,3298,0.0483,-0.1096,1332,0.362,1.6964,0.1062,0.0297,0.0774,574.0,-0.1961,-0.7578,0.0459,-0.0099,-0.0919,6361.0,0.0426,0.1901,158.0,0.015,0.1415,1960.0,-0.0099,-0.1191,430558.0,0.0302,0.1332,9277,-0.0378,-0.3118,2.1472,0.4411,1.4928,0.0
202103,12420,"Austin-Round Rock-San Marcos, TX",26,467498.0,0.0412,0.2467,1538,0.117,-0.7142,26.0,-0.2464,-0.3953,3602,0.226,-0.1556,404,0.0412,-0.4006,0.0374,-0.005,-0.0156,246.0,0.6184,-0.8317,0.0229,0.0079,-0.0963,5822.0,0.002,0.9964,234.0,-0.038,0.341,2027.0,0.0455,-0.0589,727846.0,-0.0244,0.1976,7343,0.0219,-0.1087,3.7863,-0.4345,3.2443,1.0
202103,21340,"El Paso, TX",76,234975.0,0.0196,0.199,1148,-0.0337,-0.5028,50.0,0.005,-0.2386,982,0.0381,0.0124,546,0.4757,2.5,0.2096,0.0563,0.1672,100.0,-0.0741,-0.6894,0.0393,-0.0036,-0.0497,392.0,0.0538,0.1615,123.0,0.0068,0.1317,1925.0,0.0046,0.0218,267420.0,-0.0075,0.1619,1539,-0.0055,-0.4211,0.3416,0.0283,0.1954,0.0
202103,17820,"Colorado Springs, CO",81,435000.0,-0.0224,-0.0236,544,0.0969,-0.5329,9.0,-0.28,-0.6,1446,0.1643,-0.1661,62,-0.3673,-0.0606,0.0233,-0.0143,0.0061,70.0,-0.0789,-0.7853,0.0266,-0.0033,-0.0566,828.0,0.1366,-0.1581,194.0,-0.0119,0.2089,2393.0,-0.0361,-0.1929,597934.0,-0.0224,0.0704,1367,0.1377,-0.3597,1.5235,0.0532,0.6782,0.0
202103,32580,"McAllen-Edinburg-Mission, TX",84,234750.0,0.0433,0.1796,957,-0.0825,-0.4827,56.0,-0.104,-0.0894,532,0.2202,-0.0667,12,-0.6471,-0.3333,0.0079,-0.0142,0.0003,144.0,-0.1,-0.5789,0.0961,-0.0062,-0.0437,21.0,-0.1277,-0.2115,112.0,0.0187,0.1255,2027.0,0.0132,-0.0034,313695.0,0.0333,0.1946,978,-0.0835,-0.4799,0.0214,-0.0011,0.0074,0.0
202102,19100,"Dallas-Fort Worth-Arlington, TX",4,359700.0,0.0277,0.0579,6215,-0.2296,-0.6476,39.0,-0.2041,-0.22,7652,-0.0421,-0.2302,1288,-0.3429,0.2677,0.048,-0.0269,0.0214,1206.0,-0.4111,-0.8104,0.0451,-0.0317,-0.118,12841.0,0.2126,0.1836,170.0,0.0284,0.1667,2157.0,-0.0025,-0.0772,578067.0,0.0461,0.2169,19318,0.0355,-0.3235,2.0663,0.7535,1.451,0.0
202102,26420,"Houston-Pasadena-The Woodlands, TX",5,332495.0,0.0079,0.1046,14173,-0.1173,-0.4384,51.0,-0.1356,-0.1639,8646,0.0392,-0.1235,2762,0.0066,1.4486,0.0754,0.001,0.0495,2900.0,-0.236,-0.606,0.0774,-0.0289,-0.0804,14847.0,0.2427,0.3765,152.0,0.0207,0.1756,2215.0,-0.0147,-0.0674,506256.0,0.0195,0.1407,28908,0.0295,-0.197,1.0476,0.3035,0.6202,0.0
202102,19740,"Denver-Aurora-Centennial, CO",18,539849.0,0.0283,-0.0185,2148,-0.062,-0.404,17.0,-0.5658,-0.4844,4112,0.146,0.159,364,0.0964,0.5424,0.0312,-0.0016,0.0112,456.0,-0.2549,-0.6346,0.0388,-0.016,-0.0673,5570.0,0.2363,0.2268,277.0,-0.0032,0.2901,1939.0,0.0362,-0.3219,828665.0,0.0177,0.0649,7671,0.1149,-0.0559,2.5929,0.6256,1.3332,0.0
202102,41700,"San Antonio-New Braunfels, TX",25,295945.0,0.024,0.0458,3576,-0.1736,-0.5761,46.0,-0.2417,-0.3309,3146,0.0148,-0.1001,978,-0.3113,0.1588,0.0765,-0.0359,0.0229,714.0,-0.3,-0.7207,0.0558,-0.0249,-0.1048,6101.0,0.163,0.3003,156.0,0.0328,0.1392,1980.0,-0.0205,-0.0982,417943.0,0.0346,0.1208,9641,0.0113,-0.2607,1.7061,0.4937,1.1498,0.0
202102,12420,"Austin-Round Rock-San Marcos, TX",26,448995.0,0.0322,0.234,1377,-0.2391,-0.7302,35.0,-0.3491,-0.4153,2938,0.1095,-0.1172,388,-0.3217,-0.5126,0.0424,-0.0169,-0.0317,152.0,-0.4412,-0.8838,0.015,-0.0136,-0.0997,5810.0,0.109,1.1941,243.0,0.0761,0.4319,1939.0,0.0003,-0.0984,746021.0,0.0453,0.2558,7186,0.0199,-0.0725,4.2208,1.3248,3.7018,1.0
202102,21340,"El Paso, TX",76,230462.0,0.002,0.1944,1188,-0.0613,-0.5069,50.0,-0.2537,-0.2857,946,0.1103,-0.1337,370,0.3214,1.7206,0.1533,0.0457,0.118,108.0,-0.2286,-0.686,0.0429,-0.0122,-0.0475,372.0,0.1006,0.1961,123.0,0.0157,0.1355,1916.0,-0.0196,0.0226,269435.0,0.0075,0.1788,1547,-0.0391,-0.4308,0.3133,0.0461,0.1841,0.0
202102,17820,"Colorado Springs, CO",81,444970.0,-0.0129,-0.0001,496,0.0092,-0.5321,13.0,-0.5098,-0.6377,1242,0.2831,-0.0387,98,-0.125,-0.02,0.0376,-0.0158,0.0078,76.0,-0.1739,-0.7164,0.0299,-0.0127,-0.0517,729.0,0.0857,-0.2124,196.0,0.0589,0.2238,2482.0,-0.0598,-0.1611,611649.0,-0.0298,0.0926,1202,0.008,-0.3923,1.4702,0.1036,0.5968,1.0
202102,32580,"McAllen-Edinburg-Mission, TX",84,225000.0,0.0227,0.1538,1043,-0.0646,-0.4458,63.0,-0.0672,-0.2378,436,0.09,-0.2585,34,0.7,1.125,0.0221,0.0092,0.0157,160.0,-0.0698,-0.4737,0.1023,-0.0144,-0.0193,24.0,-0.0962,-0.3649,110.0,0.0089,0.1081,2001.0,0.0109,0.0003,303598.0,0.0324,0.174,1067,-0.0653,-0.4445,0.0225,-0.0008,0.0029,0.0
202101,19100,"Dallas-Fort Worth-Arlington, TX",4,350000.0,-0.0223,0.0409,8067,-0.1428,-0.5504,49.0,-0.0485,-0.2576,7988,0.1898,-0.1353,1960,0.8284,1.5995,0.0749,0.0388,0.0523,2048.0,-0.1788,-0.6742,0.0769,-0.0107,-0.0972,10590.0,-0.1397,0.2749,165.0,0.0083,0.1479,2162.0,-0.0197,-0.0711,552600.0,-0.0125,0.1845,18655,-0.141,-0.2891,1.3128,0.0047,0.8498,0.0
202101,26420,"Houston-Pasadena-The Woodlands, TX",5,329900.0,0.0027,0.1,16055,-0.0924,-0.3622,59.0,-0.0084,-0.1918,8320,0.153,-0.0631,2744,1.3413,1.8884,0.0744,0.0439,0.052,3796.0,-0.0232,-0.4673,0.1063,0.0065,-0.0605,11947.0,-0.1131,0.4909,149.0,0.0211,0.1633,2248.0,-0.0143,-0.0527,496566.0,0.0106,0.132,28078,-0.1004,-0.1535,0.7441,-0.0174,0.4258,0.0
202101,19740,"Denver-Aurora-Centennial, CO",18,525000.0,-0.0106,-0.0047,2290,-0.2102,-0.409,38.0,-0.2083,-0.3719,3588,0.325,0.0912,332,0.3719,0.3175,0.0328,0.0108,0.0098,612.0,-0.1707,-0.5559,0.0548,-0.0123,-0.0716,4505.0,-0.1594,0.3016,278.0,0.002,0.2713,1871.0,-0.0118,-0.2631,814286.0,0.0153,0.1061,6880,-0.1645,-0.0839,1.9672,0.119,1.0741,0.0
202101,41700,"San Antonio-New Braunfels, TX",25,289000.0,-0.0034,0.0358,4327,-0.1445,-0.4989,60.0,0.0345,-0.1781,3100,0.1355,-0.0646,1420,0.5848,0.0597,0.1124,0.0449,0.0235,1020.0,-0.1918,-0.5975,0.0807,-0.014,-0.0882,5246.0,-0.0597,0.4322,151.0,0.0099,0.1133,2021.0,-0.0213,-0.0751,403957.0,0.0114,0.1133,9533,-0.0988,-0.2235,1.2124,0.1094,0.7882,0.0
202101,12420,"Austin-Round Rock-San Marcos, TX",26,434990.0,0.0141,0.2412,1809,-0.3281,-0.6673,53.0,0.0291,-0.2319,2648,0.0969,-0.0999,572,-0.0338,-0.2394,0.0593,0.004,-0.0172,272.0,-0.4848,-0.8155,0.0287,-0.0197,-0.111,5239.0,-0.078,1.5279,226.0,0.024,0.3547,1938.0,-0.0077,-0.0963,713704.0,0.0359,0.281,7045,-0.1589,-0.0677,2.8961,0.7856,2.515,1.0
202101,21340,"El Paso, TX",76,230000.0,0.0083,0.192,1265,-0.0647,-0.4687,67.0,-0.0074,-0.1728,852,0.029,0.0623,280,3.375,0.3861,0.1076,0.0828,0.0484,140.0,-0.186,-0.5597,0.0551,-0.008,-0.0343,338.0,-0.1766,0.3796,121.0,0.0112,0.1313,1954.0,0.0,0.0363,267421.0,0.0208,0.179,1610,-0.0852,-0.3891,0.2672,-0.0363,0.1643,0.0
202101,17820,"Colorado Springs, CO",81,450785.0,-0.0019,0.0607,491,-0.2055,-0.598,26.0,-0.2714,-0.5603,968,0.0276,-0.1248,112,0.1667,0.098,0.0534,0.0131,0.0208,92.0,-0.2459,-0.7386,0.0426,-0.0074,-0.0707,671.0,-0.1877,-0.1083,186.0,0.0214,0.1507,2640.0,-0.011,-0.071,630450.0,0.0056,0.1795,1192,-0.1679,-0.3934,1.3666,0.03,0.7506,0.0
202101,32580,"McAllen-Edinburg-Mission, TX",84,220000.0,-0.0351,0.1275,1115,-0.0375,-0.3968,67.0,0.1261,-0.1728,400,-0.1111,-0.2674,20,0.6667,-0.4118,0.013,0.0056,-0.0004,172.0,-0.0652,-0.3333,0.1168,0.0062,0.015,26.0,-0.1333,-0.2464,109.0,-0.0002,0.1008,1979.0,-0.0242,-0.0165,294057.0,-0.0007,0.1355,1141,-0.0404,-0.3941,0.0233,-0.0026,0.0047,0.0
202012,19100,"Dallas-Fort Worth-Arlington, TX",4,357998.0,-0.0112,0.0603,9411,-0.1575,-0.5203,52.0,0.0729,-0.2016,6714,-0.1709,0.0247,1072,0.0763,0.385,0.0361,0.0058,0.0148,2494.0,-0.3219,-0.5405,0.0876,-0.0238,-0.0649,12309.0,-0.1015,0.3268,164.0,0.0071,0.1403,2206.0,-0.022,-0.0617,559600.0,-0.0016,0.1912,21716,-0.1287,-0.2482,1.308,0.0815,0.8351,0.0
202012,26420,"Houston-Pasadena-The Woodlands, TX",5,329000.0,-0.0045,0.0969,17689,-0.0726,-0.3331,60.0,0.0171,-0.1377,7216,-0.1503,0.1061,1172,0.1673,0.3288,0.0305,0.007,0.0101,3886.0,-0.2615,-0.3566,0.0998,-0.0243,-0.0435,13471.0,-0.0903,0.4866,146.0,0.0102,0.1453,2281.0,-0.0153,-0.044,491334.0,-0.0045,0.1234,31211,-0.0779,-0.1225,0.7615,-0.0148,0.4199,0.0
202012,19740,"Denver-Aurora-Centennial, CO",18,530601.0,0.021,0.0665,2900,-0.2612,-0.526,48.0,0.28,-0.2,2708,-0.2817,0.0884,242,-0.1418,0.0708,0.022,0.0021,0.0025,738.0,-0.5269,-0.4392,0.0671,-0.0409,-0.0343,5359.0,-0.1791,0.2296,278.0,0.0346,0.2598,1893.0,-0.0151,-0.1793,801998.0,0.0419,0.1889,8235,-0.2101,-0.1938,1.8482,0.1849,1.1358,0.0
202012,41700,"San Antonio-New Braunfels, TX",25,290000.0,-0.0132,0.0395,5058,-0.0834,-0.4468,58.0,0.1048,-0.1278,2730,-0.1501,0.0452,896,0.6716,0.3576,0.0675,0.0313,0.0248,1262.0,-0.2425,-0.3962,0.0947,-0.0167,-0.0395,5579.0,-0.0953,0.442,149.0,0.0051,0.1114,2065.0,-0.019,-0.0594,399423.0,-0.0149,0.0995,10579,-0.0897,-0.1819,1.103,-0.0146,0.6798,0.0
202012,12420,"Austin-Round Rock-San Marcos, TX",26,428950.0,0.0159,0.2256,2693,-0.1953,-0.5556,52.0,0.1444,-0.2256,2414,-0.1772,0.0993,592,-0.1935,-0.0603,0.0553,-0.0037,-0.0023,528.0,-0.3846,-0.6442,0.0483,-0.0213,-0.0926,5683.0,-0.0702,1.5672,220.0,0.0255,0.3245,1953.0,-0.0066,-0.0873,688970.0,0.0103,0.2489,8376,-0.1134,0.0155,2.1105,0.284,1.7451,0.0
202012,21340,"El Paso, TX",76,228107.0,-0.0172,0.1792,1353,0.0093,-0.446,68.0,0.0345,-0.1401,828,0.0222,0.207,64,-0.7962,-0.2,0.0247,-0.0948,0.0021,172.0,-0.0851,-0.4028,0.0631,-0.0073,-0.0203,411.0,-0.1394,0.6619,119.0,0.0101,0.1152,1954.0,-0.0067,0.0328,261980.0,-0.0011,0.1572,1760,-0.0279,-0.3433,0.3035,-0.0525,0.2023,0.0
202012,17820,"Colorado Springs, CO",81,451628.0,-0.0042,0.0631,618,-0.2077,-0.5734,35.0,0.2281,-0.3913,942,-0.1196,0.1005,96,0.0667,-0.1111,0.0403,0.009,0.0062,122.0,-0.4786,-0.6391,0.05,-0.0276,-0.0569,826.0,-0.1922,-0.0467,182.0,0.0219,0.1367,2669.0,-0.0139,-0.0784,626964.0,0.0321,0.1796,1433,-0.2033,-0.3754,1.3366,0.0257,0.7384,0.0
202012,32580,"McAllen-Edinburg-Mission, TX",84,228000.0,-0.0024,0.1544,1159,0.0043,-0.3944,60.0,0.202,-0.2516,450,-0.1379,0.1598,12,0.2,-0.5385,0.0073,0.0015,-0.0042,184.0,0.2432,-0.1712,0.1106,0.0199,0.0157,30.0,-0.0769,-0.2405,109.0,0.0188,0.1106,2028.0,-0.0343,-0.0093,294272.0,0.0156,0.1326,1189,0.0046,-0.3901,0.0259,-0.0023,0.0052,0.0
202011,19100,"Dallas-Fort Worth-Arlington, TX",4,362050.0,0.0085,0.0558,11170,-0.1215,-0.4954,48.0,0.0435,-0.1724,8098,-0.1381,0.0123,996,-0.0846,0.7055,0.0303,-0.0006,0.016,3678.0,-0.1983,-0.6028,0.1114,-0.0129,-0.1174,13700.0,-0.0643,0.3455,163.0,0.0161,0.1301,2255.0,-0.0183,-0.0592,560495.0,0.0182,0.1768,24923,-0.0912,-0.2325,1.2266,0.075,0.7665,0.0
202011,26420,"Houston-Pasadena-The Woodlands, TX",5,330495.0,0.0015,0.0945,19074,-0.0382,-0.3269,59.0,0.0086,-0.0714,8492,-0.0892,0.1269,1004,-0.4347,0.255,0.0235,-0.0159,0.0064,5262.0,-0.0801,-0.3712,0.1241,-0.0051,-0.0563,14808.0,-0.0258,0.471,145.0,0.0058,0.136,2316.0,-0.0119,-0.0378,493534.0,-0.0006,0.1227,33849,-0.0333,-0.1191,0.7763,0.0099,0.4211,0.0
202011,19740,"Denver-Aurora-Centennial, CO",18,519675.0,0.0091,0.0414,3925,-0.1932,-0.4536,38.0,0.25,-0.25,3770,-0.266,0.1767,282,-0.3532,0.3558,0.0199,-0.0063,0.008,1560.0,-0.306,-0.5185,0.108,-0.0198,-0.0935,6528.0,-0.1315,0.1622,268.0,0.0417,0.2525,1922.0,-0.0458,-0.1992,769748.0,0.0255,0.1546,10426,-0.156,-0.1844,1.6634,0.1182,0.8814,0.0
202011,41700,"San Antonio-New Braunfels, TX",25,293876.0,-0.0063,0.0499,5518,-0.0494,-0.41,53.0,-0.0278,-0.1102,3212,-0.0497,0.0295,536,-0.3738,-0.1976,0.0362,-0.019,-0.0031,1666.0,-0.1569,-0.4447,0.1115,-0.0143,-0.0667,6167.0,-0.0189,0.4586,149.0,0.0078,0.1171,2105.0,-0.0205,-0.0582,405467.0,-0.0062,0.1066,11621,-0.036,-0.1401,1.1176,0.0348,0.6655,0.0
202011,12420,"Austin-Round Rock-San Marcos, TX",26,422250.0,0.0054,0.1894,3346,-0.1376,-0.5144,45.0,0.0,-0.25,2934,-0.135,0.0404,734,-0.2915,0.7311,0.059,-0.0182,0.0227,858.0,-0.3125,-0.6237,0.0696,-0.0249,-0.1158,6112.0,-0.0257,1.3407,215.0,0.0139,0.2805,1966.0,-0.0258,-0.0854,681955.0,-0.0008,0.22,9447,-0.0651,-0.0032,1.8265,0.2098,1.4476,0.0
202011,21340,"El Paso, TX",76,232100.0,0.0272,0.1903,1340,-0.0517,-0.4798,65.0,0.2083,-0.0938,810,-0.1527,-0.0753,314,0.7444,3.1316,0.1195,0.0594,0.0994,188.0,-0.1754,-0.5524,0.0703,-0.0082,-0.04,477.0,-0.072,0.6563,118.0,0.0098,0.1123,1967.0,0.0159,0.0284,262264.0,0.0242,0.1456,1811,-0.0692,-0.3705,0.356,-0.0078,0.2442,0.0
202011,17820,"Colorado Springs, CO",81,453550.0,0.031,0.0799,780,-0.2323,-0.5512,29.0,-0.0172,-0.3936,1070,-0.2507,-0.0201,90,-0.25,0.0227,0.0313,-0.001,0.0085,234.0,-0.1875,-0.5966,0.0776,-0.0025,-0.0742,1023.0,-0.1667,-0.0082,178.0,0.0149,0.1284,2707.0,0.0025,-0.0556,607460.0,0.0504,0.1591,1798,-0.1941,-0.3476,1.3109,0.1032,0.7177,0.0
202011,32580,"McAllen-Edinburg-Mission, TX",84,228550.0,0.0015,0.1721,1154,0.0554,-0.4115,50.0,-0.0481,-0.3654,522,-0.0874,0.1972,10,-0.375,-0.1667,0.0059,-0.0033,0.0007,148.0,-0.075,-0.4478,0.0907,-0.0014,-0.0197,33.0,-0.0441,-0.0152,107.0,0.0061,0.096,2100.0,-0.0057,0.0417,289765.0,-0.0004,0.1219,1184,0.0511,-0.4059,0.0282,-0.0029,0.0113,0.0
202010,19100,"Dallas-Fort Worth-Arlington, TX",4,359000.0,-0.0076,0.0433,12715,-0.0651,-0.4658,46.0,0.0222,-0.1481,9396,-0.0233,0.0088,1088,-0.1379,0.5814,0.0309,-0.0017,0.0154,4588.0,-0.0473,-0.59,0.1243,-0.0014,-0.1272,14642.0,-0.0457,0.3918,160.0,0.0117,0.1142,2297.0,-0.0095,-0.0447,550450.0,0.0135,0.1533,27424,-0.0542,-0.2004,1.1516,0.0235,0.7096,0.0
202010,26420,"Houston-Pasadena-The Woodlands, TX",5,330000.0,0.0,0.0666,19832,-0.0315,-0.3214,58.0,0.0087,-0.0413,9324,0.0155,0.0839,1776,-0.0966,0.394,0.0394,-0.0039,0.0131,5720.0,-0.0696,-0.4494,0.1292,-0.0061,-0.0844,15200.0,-0.0319,0.4439,144.0,0.0137,0.1271,2344.0,-0.0176,-0.0348,493834.0,-0.0024,0.1208,35014,-0.0305,-0.1164,0.7664,-0.0003,0.4062,0.0
202010,19740,"Denver-Aurora-Centennial, CO",18,515000.0,-0.0134,0.0399,4864,-0.0926,-0.4236,30.0,0.0,-0.2771,5136,-0.0414,0.1683,436,0.1596,1.3191,0.0262,0.0061,0.0165,2248.0,-0.1058,-0.5442,0.1277,-0.0048,-0.1326,7516.0,-0.059,0.2363,258.0,0.0356,0.223,2015.0,-0.056,-0.167,750604.0,0.0009,0.1495,12352,-0.0705,-0.1478,1.5452,0.0552,0.8248,0.0
202010,41700,"San Antonio-New Braunfels, TX",25,295750.0,-0.0121,0.0447,5805,-0.038,-0.388,54.0,0.0189,-0.0769,3380,-0.0585,-0.1262,856,-0.2855,0.3333,0.0552,-0.0197,0.0187,1976.0,-0.012,-0.47,0.1257,0.0,-0.087,6286.0,-0.0357,0.4573,147.0,0.0082,0.1096,2149.0,-0.0169,-0.0413,408013.0,-0.0084,0.0932,12055,-0.0301,-0.1219,1.0829,0.0025,0.6281,0.0
202010,12420,"Austin-Round Rock-San Marcos, TX",26,420000.0,0.0108,0.1685,3880,-0.0705,-0.4764,45.0,-0.0722,-0.2035,3392,-0.0461,0.0593,1036,0.3282,1.0803,0.0771,0.0111,0.0402,1248.0,-0.093,-0.5834,0.0945,-0.0152,-0.1298,6273.0,0.2271,1.1949,212.0,0.0432,0.2623,2018.0,-0.0237,-0.0647,682490.0,0.0256,0.2204,10104,0.0912,-0.0136,1.6168,0.3922,1.2311,0.0
202010,21340,"El Paso, TX",76,225950.0,0.0475,0.1856,1413,0.0004,-0.4553,54.0,0.1739,-0.194,956,-0.0265,-0.0245,180,-0.4479,1.0,0.0601,-0.0471,0.037,228.0,0.2128,-0.5824,0.0785,0.0128,-0.0648,514.0,-0.0638,0.8035,117.0,0.0103,0.112,1937.0,0.0144,0.0192,256073.0,0.0179,0.1306,1945,-0.0092,-0.3261,0.3638,-0.0249,0.2539,0.0
202010,17820,"Colorado Springs, CO",81,439900.0,0.0113,0.07,1016,-0.132,-0.4945,29.0,-0.0169,-0.3333,1428,-0.1345,0.0259,120,-0.0909,1.1429,0.0322,-0.0002,0.0201,288.0,-0.2421,-0.6807,0.0801,-0.0159,-0.1181,1227.0,-0.0914,0.066,175.0,0.026,0.126,2700.0,-0.0276,-0.0465,578294.0,0.0113,0.1257,2231,-0.1074,-0.2911,1.2077,0.0539,0.635,0.0
202010,32580,"McAllen-Edinburg-Mission, TX",84,228200.0,0.0303,0.1703,1093,0.0306,-0.4547,52.0,-0.1938,-0.4057,572,0.1394,0.3302,16,-0.2,-0.4286,0.0092,-0.0037,-0.0021,160.0,0.1594,-0.4904,0.0921,0.0039,-0.0314,34.0,0.0794,-0.1282,107.0,0.0141,0.0957,2112.0,0.0058,0.0467,289883.0,0.0101,0.1215,1126,0.0302,-0.449,0.0311,0.0014,0.0117,0.0
202009,19100,"Dallas-Fort Worth-Arlington, TX",4,361750.0,0.0028,0.0489,13601,-0.0776,-0.4407,45.0,0.0227,-0.1509,9620,-0.1129,-0.0675,1262,0.0244,0.7875,0.0326,0.0032,0.0172,4816.0,-0.2375,-0.585,0.1257,-0.0272,-0.1271,15343.0,-0.0245,0.3589,158.0,0.0234,0.1018,2319.0,-0.0211,-0.0401,543102.0,0.0223,0.1362,28995,-0.0484,-0.1855,1.1281,0.0614,0.6638,0.0
202009,26420,"Houston-Pasadena-The Woodlands, TX",5,330000.0,0.003,0.0593,20478,-0.0661,-0.3161,58.0,0.1275,0.0,9182,-0.1065,0.0017,1966,-0.0071,0.5804,0.0432,0.0017,0.0184,6148.0,-0.1307,-0.4343,0.1353,-0.0143,-0.0814,15702.0,-0.0054,0.4185,142.0,0.0244,0.1116,2386.0,-0.0079,-0.0245,495011.0,0.0077,0.1207,36114,-0.0364,-0.1189,0.7668,0.0469,0.3971,0.0
202009,19740,"Denver-Aurora-Centennial, CO",18,522000.0,-0.0315,0.0512,5361,-0.0673,-0.3778,30.0,0.0,-0.2308,5358,-0.0986,0.1219,376,0.0108,0.8077,0.0202,0.0016,0.0096,2514.0,-0.0744,-0.5038,0.1325,-0.0052,-0.1254,7988.0,-0.0197,0.2713,249.0,0.0361,0.19,2134.0,-0.0553,-0.1258,749906.0,0.0038,0.1474,13290,-0.0364,-0.106,1.4901,0.0723,0.7608,0.0
202009,41700,"San Antonio-New Braunfels, TX",25,299363.0,-0.0062,0.0471,6034,-0.0373,-0.3613,53.0,0.0392,-0.0702,3590,-0.0223,-0.0543,1198,0.393,1.1241,0.0749,0.0236,0.043,2000.0,-0.0654,-0.4867,0.1258,-0.0036,-0.0945,6519.0,-0.0348,0.4411,146.0,0.0084,0.0987,2186.0,-0.0241,-0.0351,411455.0,0.0013,0.0867,12430,-0.0429,-0.1052,1.0804,0.0028,0.6015,0.0
202009,12420,"Austin-Round Rock-San Marcos, TX",26,415495.0,0.0387,0.1513,4175,-0.1475,-0.4534,49.0,0.1023,-0.1101,3556,-0.0759,0.0502,780,-0.1667,0.3978,0.066,-0.0091,0.0262,1376.0,-0.1443,-0.5651,0.1097,-0.0147,-0.1158,5112.0,0.3199,0.6863,203.0,0.0626,0.2114,2067.0,-0.0105,-0.0464,665438.0,0.0285,0.1901,9260,0.0577,-0.13,1.2246,0.4337,0.8277,0.0
202009,21340,"El Paso, TX",76,215700.0,-0.0017,0.1308,1413,-0.0443,-0.459,46.0,-0.193,-0.2868,982,-0.1263,-0.002,326,0.8953,1.0897,0.1072,0.0558,0.067,188.0,0.1463,-0.6342,0.0658,0.0112,-0.0666,549.0,0.0477,0.8898,116.0,0.0064,0.1074,1909.0,-0.022,0.0053,251572.0,0.0122,0.1193,1963,-0.0229,-0.323,0.3887,0.0341,0.2774,0.0
202009,17820,"Colorado Springs, CO",81,435000.0,-0.0333,0.063,1171,-0.1044,-0.4322,30.0,-0.0484,-0.2716,1650,-0.0429,0.1411,132,-0.1316,1.2759,0.0324,-0.0027,0.02,380.0,-0.291,-0.6282,0.096,-0.0243,-0.1226,1351.0,-0.0249,0.1392,171.0,0.0144,0.1043,2777.0,-0.0655,-0.0301,571837.0,-0.0184,0.1138,2500,-0.0722,-0.2262,1.1538,0.0941,0.5787,0.0
202009,32580,"McAllen-Edinburg-Mission, TX",84,221500.0,0.0302,0.1304,1061,-0.0928,-0.4733,65.0,-0.1042,-0.2586,502,0.1106,0.1461,20,0.0,-0.1667,0.0129,0.001,0.0032,138.0,-0.2813,-0.5548,0.0882,-0.0318,-0.0363,32.0,-0.0156,-0.125,105.0,0.0117,0.0838,2100.0,0.0385,0.036,286987.0,0.0268,0.1143,1093,-0.0892,-0.4664,0.0297,0.0023,0.0118,0.0
202008,19100,"Dallas-Fort Worth-Arlington, TX",4,360750.0,0.0021,0.0368,14746,-0.0702,-0.4031,44.0,-0.0222,-0.1373,10844,-0.0066,-0.0238,1232,0.2444,0.6831,0.0294,0.0064,0.0141,6316.0,-0.0345,-0.4836,0.1529,0.0032,-0.1018,15729.0,-0.0457,0.286,155.0,0.0116,0.0754,2369.0,-0.0113,-0.0286,531265.0,0.0155,0.103,30469,-0.0578,-0.1749,1.0667,0.0274,0.5716,0.0
202008,26420,"Houston-Pasadena-The Woodlands, TX",5,329000.0,0.0107,0.0491,21928,-0.0392,-0.2868,51.0,0.0,-0.0556,10276,-0.0512,0.0607,1980,0.8367,1.2398,0.0415,0.0198,0.0247,7072.0,0.0077,-0.3899,0.1496,0.0081,-0.0716,15786.0,-0.0115,0.3151,139.0,0.0146,0.085,2405.0,-0.0062,-0.0249,491230.0,0.0155,0.108,37477,-0.0303,-0.1229,0.7199,0.0201,0.3295,0.0
202008,19740,"Denver-Aurora-Centennial, CO",18,539000.0,-0.002,0.0811,5747,-0.0484,-0.3445,30.0,-0.0323,-0.2105,5944,-0.0444,0.1812,372,0.2237,0.5246,0.0186,0.0033,0.0066,2716.0,-0.1432,-0.4687,0.1377,-0.0157,-0.1142,8148.0,-0.021,0.2472,240.0,0.0245,0.1577,2259.0,-0.0628,-0.0876,747040.0,0.0096,0.1405,13792,-0.0371,-0.0964,1.4178,0.0398,0.6727,0.0
202008,41700,"San Antonio-New Braunfels, TX",25,301240.0,-0.0251,0.0447,6268,-0.0565,-0.3373,51.0,-0.0642,-0.0727,3672,-0.0265,-0.0054,860,0.1316,0.72,0.0513,0.0069,0.0234,2140.0,-0.0792,-0.4841,0.1293,-0.0057,-0.1019,6754.0,-0.0114,0.3889,145.0,0.0004,0.0887,2240.0,-0.0007,-0.0243,410920.0,-0.0033,0.0711,12987,-0.0285,-0.0886,1.0775,0.0492,0.5634,0.0
202008,12420,"Austin-Round Rock-San Marcos, TX",26,399999.0,0.0088,0.1044,4897,-0.0783,-0.3811,44.0,-0.0688,-0.12,3848,-0.0963,0.0514,936,0.4717,0.8871,0.0751,0.0275,0.0414,1608.0,-0.141,-0.5654,0.1244,-0.0145,-0.1272,3873.0,-0.0179,0.2249,191.0,0.0277,0.1418,2089.0,-0.0128,-0.0417,646974.0,0.0213,0.1577,8754,-0.0533,-0.2076,0.7909,0.0487,0.3913,0.0
202008,21340,"El Paso, TX",76,216066.0,-0.0047,0.1269,1478,0.0141,-0.4397,57.0,-0.1364,-0.05,1124,0.1354,0.1423,172,-0.1042,-0.1042,0.0514,-0.0154,0.0022,164.0,-0.1458,-0.6435,0.0545,-0.0095,-0.0633,524.0,-0.0047,0.8386,115.0,0.0025,0.1081,1952.0,0.0085,0.0231,248534.0,0.011,0.1118,2009,0.0131,-0.312,0.3545,-0.0067,0.2465,0.0
202008,17820,"Colorado Springs, CO",81,450000.0,-0.0164,0.0904,1307,-0.0627,-0.3855,31.0,0.0,-0.1389,1724,-0.026,0.1283,152,0.2881,1.1111,0.0351,0.0088,0.0203,536.0,-0.1546,-0.5055,0.1202,-0.022,-0.1021,1385.0,0.0025,0.1196,168.0,0.0169,0.0971,2971.0,-0.0206,0.0166,582547.0,0.0168,0.1336,2694,-0.0241,-0.1951,1.0597,0.069,0.4781,0.0
202008,32580,"McAllen-Edinburg-Mission, TX",84,215000.0,0.0066,0.0904,1169,-0.0856,-0.423,72.0,-0.1429,-0.1628,452,-0.0813,-0.0088,20,0.25,0.25,0.0119,0.003,0.0055,192.0,0.1707,-0.4,0.12,0.0292,-0.0071,32.0,-0.1111,-0.1111,104.0,0.0138,0.0742,2022.0,-0.0211,-0.0092,279508.0,0.0031,0.0885,1200,-0.0871,-0.418,0.0274,-0.0008,0.0096,0.0
202007,19100,"Dallas-Fort Worth-Arlington, TX",4,360000.0,0.0028,0.0138,15860,-0.0654,-0.3587,45.0,-0.011,-0.0722,10916,-0.0673,-0.0908,990,0.1758,0.1871,0.023,0.0043,0.0065,6542.0,-0.0886,-0.4765,0.1497,-0.0091,-0.0964,16482.0,-0.0024,0.2569,153.0,0.0149,0.0577,2396.0,-0.0029,-0.0378,523178.0,0.0162,0.0597,32339,-0.0314,-0.1458,1.0393,0.0657,0.509,0.0
202007,26420,"Houston-Pasadena-The Woodlands, TX",5,325510.0,0.0016,0.0277,22822,-0.0455,-0.2718,51.0,-0.1282,0.0,10830,-0.0122,0.048,1078,-0.1604,-0.0544,0.0218,-0.0035,0.0011,7018.0,-0.0394,-0.4168,0.1415,-0.0049,-0.0805,15970.0,0.0066,0.2687,137.0,0.0103,0.069,2420.0,-0.0004,-0.0281,483715.0,0.0146,0.0845,38649,-0.0241,-0.1201,0.6998,0.0362,0.2981,0.0
202007,19740,"Denver-Aurora-Centennial, CO",18,540075.0,-0.0127,0.0801,6040,-0.0741,-0.3208,31.0,0.0,-0.1389,6220,-0.0275,0.1359,304,-0.1264,0.1343,0.0153,-0.0013,0.0029,3170.0,-0.0822,-0.4023,0.1534,-0.0094,-0.0968,8323.0,0.0103,0.2348,234.0,0.0213,0.1308,2410.0,-0.0416,-0.0395,739959.0,0.0076,0.1263,14324,-0.0261,-0.0792,1.378,0.1151,0.62,0.0
202007,41700,"San Antonio-New Braunfels, TX",25,309000.0,0.0215,0.0526,6644,-0.0601,-0.2943,55.0,-0.1679,0.0381,3772,-0.0037,-0.0293,760,-0.2678,0.52,0.0444,-0.0143,0.0172,2324.0,-0.0413,-0.4397,0.135,-0.0049,-0.0906,6832.0,-0.0089,0.3324,145.0,0.0135,0.082,2242.0,-0.0013,-0.0351,412261.0,0.0182,0.0621,13369,-0.0364,-0.0763,1.0284,0.0531,0.4837,0.0
202007,12420,"Austin-Round Rock-San Marcos, TX",26,396495.0,0.0038,0.0892,5313,-0.0621,-0.3358,47.0,-0.0825,-0.0053,4258,0.0028,0.0571,636,-0.2109,-0.0124,0.0476,-0.0109,0.0064,1872.0,-0.0593,-0.4951,0.1389,-0.0081,-0.0988,3944.0,0.0164,0.206,186.0,0.0174,0.1138,2116.0,-0.0192,-0.0375,633499.0,-0.0089,0.1292,9247,-0.0242,-0.1774,0.7422,0.0573,0.3334,0.0
202007,21340,"El Paso, TX",76,217088.0,0.0314,0.1339,1458,-0.0879,-0.4507,66.0,-0.1258,0.1379,990,-0.0782,-0.0217,192,0.1566,0.3151,0.0668,0.0152,0.0299,192.0,0.0105,-0.6033,0.064,0.0058,-0.0598,527.0,-0.0322,1.025,115.0,0.002,0.1053,1936.0,0.0173,0.0195,245834.0,0.0099,0.1069,1983,-0.0736,-0.3215,0.3612,0.0208,0.2633,0.0
202007,17820,"Colorado Springs, CO",81,457500.0,-0.0077,0.0978,1395,-0.0533,-0.3534,31.0,0.0508,0.0333,1770,-0.08,-0.0178,118,0.1346,0.4048,0.0263,0.0048,0.0101,634.0,-0.0731,-0.4477,0.1422,0.0008,-0.0764,1382.0,-0.0007,0.0891,165.0,0.0165,0.0817,3034.0,-0.0127,0.0123,572922.0,0.0188,0.1094,2761,-0.0348,-0.1894,0.9907,0.0521,0.4025,0.0
202007,32580,"McAllen-Edinburg-Mission, TX",84,213599.0,0.019,0.0774,1279,-0.1183,-0.3699,84.0,-0.134,0.012,492,0.0123,0.0468,16,0.0,0.6,0.0089,0.0007,0.005,164.0,-0.287,-0.4907,0.0908,-0.0284,-0.0378,36.0,0.2632,0.0588,103.0,0.0021,0.0617,2066.0,0.0221,0.01,278648.0,0.0151,0.0878,1315,-0.1109,-0.3631,0.0282,0.0085,0.0114,0.0
202006,19100,"Dallas-Fort Worth-Arlington, TX",4,359000.0,0.0257,-0.0003,16970,-0.0974,-0.2906,46.0,-0.125,-0.0319,11704,0.0114,-0.1079,842,0.144,-0.0603,0.0188,0.002,0.0027,7178.0,0.1016,-0.3873,0.1588,0.0071,-0.0701,16522.0,0.2633,0.268,150.0,0.0133,0.0408,2403.0,0.0046,-0.0445,514859.0,0.0351,0.0229,33387,0.0475,-0.0961,0.9736,0.278,0.4289,0.0
202006,26420,"Houston-Pasadena-The Woodlands, TX",5,324999.0,0.0188,0.0097,23911,-0.0775,-0.2156,59.0,-0.0859,0.1471,10964,0.0745,-0.0674,1284,0.2113,0.2996,0.0253,0.0037,0.0074,7306.0,0.0503,-0.3518,0.1463,0.0025,-0.0597,15865.0,0.2785,0.2409,135.0,0.0189,0.0508,2421.0,0.0071,-0.0339,476774.0,0.0381,0.0512,39604,0.0341,-0.0842,0.6635,0.1848,0.2441,0.0
202006,19740,"Denver-Aurora-Centennial, CO",18,547000.0,0.0037,0.0621,6523,0.1164,-0.2213,31.0,-0.1622,0.0333,6396,0.1413,-0.0226,348,1.0233,0.45,0.0166,0.0065,0.0056,3454.0,0.1976,-0.3075,0.1628,-0.0067,-0.0589,8238.0,0.6724,0.1609,230.0,0.0471,0.1025,2515.0,-0.0683,-0.0181,734370.0,0.0079,0.0987,14708,0.3528,-0.0586,1.2629,0.4199,0.4158,0.0
202006,41700,"San Antonio-New Braunfels, TX",25,302500.0,0.0254,0.0254,7069,-0.1182,-0.2303,66.0,0.0234,0.2596,3786,0.0134,-0.0711,1038,0.1332,1.3591,0.0586,0.0067,0.0344,2424.0,-0.0319,-0.3484,0.1399,-0.0051,-0.065,6894.0,0.1744,0.2921,143.0,0.0167,0.0629,2245.0,0.0016,-0.0338,404885.0,0.037,0.038,13874,0.0068,-0.0334,0.9752,0.243,0.3943,0.0
202006,12420,"Austin-Round Rock-San Marcos, TX",26,395000.0,0.0395,0.0705,5665,-0.1093,-0.2668,52.0,0.0098,0.1705,4246,0.0236,-0.035,806,0.7522,0.562,0.0585,0.0242,0.0256,1990.0,-0.0129,-0.4372,0.1471,-0.0024,-0.0786,3880.0,0.2929,0.1456,183.0,0.0365,0.0913,2158.0,0.0035,-0.0233,639219.0,0.066,0.1277,9477,0.0149,-0.1426,0.6849,0.2131,0.2465,0.0
202006,21340,"El Paso, TX",76,210470.0,0.0371,0.0965,1598,-0.178,-0.3849,76.0,-0.0904,0.1797,1074,0.1828,-0.1282,166,1.5938,1.7667,0.0516,0.0311,0.0352,190.0,-0.181,-0.6289,0.0582,-0.0038,-0.0657,544.0,0.2252,1.2762,115.0,0.0291,0.1052,1903.0,0.0055,-0.0055,243421.0,0.0414,0.0947,2141,-0.1029,-0.2489,0.3404,0.112,0.2484,0.0
202006,17820,"Colorado Springs, CO",81,461038.0,0.008,0.1003,1473,-0.0101,-0.2438,30.0,-0.0484,0.1346,1924,0.0809,-0.038,104,0.3,0.1304,0.0215,0.0025,0.0031,684.0,0.0892,-0.2366,0.1415,-0.0022,-0.0253,1383.0,0.2074,0.0203,163.0,0.0,0.0643,3073.0,0.0024,0.03,562367.0,0.0086,0.0832,2860,0.0958,-0.1333,0.9386,0.1691,0.243,0.0
202006,32580,"McAllen-Edinburg-Mission, TX",84,209625.0,0.0513,0.0536,1450,-0.1511,-0.2786,97.0,0.1279,0.2278,486,0.0848,-0.1503,16,-0.2,1.0,0.0082,-0.0012,0.0052,230.0,-0.0417,-0.3072,0.1192,0.012,-0.0136,29.0,0.2391,-0.2297,102.0,0.0177,0.0622,2021.0,0.0134,-0.0181,274497.0,0.0364,0.087,1479,-0.1459,-0.2777,0.0197,0.0062,0.0012,0.0
202005,19100,"Dallas-Fort Worth-Arlington, TX",4,350000.0,0.0294,-0.0396,18801,0.0101,-0.1566,52.0,0.0612,0.1818,11572,0.3919,-0.0772,736,0.0544,-0.2069,0.0167,-0.0021,-0.0026,6516.0,0.2112,-0.3524,0.1517,0.01,-0.054,13078.0,0.2376,-0.0199,149.0,0.0193,0.0224,2392.0,0.0276,-0.0512,497400.0,0.0556,-0.0214,31872,0.0965,-0.1054,0.6956,0.1279,0.097,0.0
202005,26420,"Houston-Pasadena-The Woodlands, TX",5,319000.0,0.029,-0.0176,25919,-0.0251,-0.1096,64.0,0.113,0.28,10204,0.3133,-0.1139,1060,0.493,-0.209,0.0216,0.0057,-0.0033,6956.0,0.1706,-0.3069,0.1439,0.0112,-0.0431,12409.0,0.2235,-0.0438,133.0,0.012,0.0273,2404.0,0.0094,-0.0399,459258.0,0.0247,0.0044,38299,0.0452,-0.0895,0.4788,0.0973,0.0329,0.0
202005,19740,"Denver-Aurora-Centennial, CO",18,545000.0,0.0046,0.0583,5843,0.1846,-0.2198,37.0,0.1212,0.451,5604,0.8422,-0.1902,172,-0.0947,-0.4342,0.0101,-0.0043,-0.0043,2884.0,1.5796,-0.2536,0.1695,0.0762,-0.0143,4926.0,0.1659,-0.3179,219.0,0.0092,0.044,2699.0,0.0082,0.0509,728600.0,-0.0012,0.0768,10872,0.2003,-0.2635,0.8431,-0.0135,-0.1212,0.0
202005,41700,"San Antonio-New Braunfels, TX",25,295000.0,0.0208,-0.0024,8016,-0.0406,-0.095,64.0,0.0579,0.28,3736,0.1741,-0.1226,916,0.7283,0.0269,0.052,0.0197,0.0034,2504.0,0.1119,-0.2648,0.145,0.0072,-0.0384,5870.0,0.1788,0.0869,141.0,0.0115,0.0456,2241.0,0.0088,-0.037,390450.0,0.0413,0.003,13780,0.0393,-0.03,0.7323,0.1363,0.1226,0.0
202005,12420,"Austin-Round Rock-San Marcos, TX",26,379999.0,0.0277,0.0244,6360,0.047,-0.1314,51.0,0.186,0.1591,4148,0.1698,-0.0504,460,0.3218,-0.3931,0.0343,0.0054,-0.0161,2016.0,0.168,-0.3472,0.1495,0.0043,-0.0547,3001.0,0.1911,-0.0871,176.0,0.0132,0.0516,2150.0,0.0122,-0.0307,599651.0,0.0519,0.0496,9337,0.0965,-0.1171,0.4719,0.0571,0.0229,0.0
202005,21340,"El Paso, TX",76,202950.0,0.0464,0.0599,1944,-0.1356,-0.2589,83.0,0.0921,0.2769,908,0.1073,-0.1385,64,-0.0588,-0.3469,0.0205,0.0005,-0.0052,232.0,0.16,-0.489,0.062,0.0029,-0.052,444.0,0.2489,0.9821,111.0,0.0197,0.0769,1892.0,0.0202,-0.007,233740.0,0.0242,0.0516,2386,-0.0835,-0.1615,0.2284,0.0703,0.143,0.0
202005,17820,"Colorado Springs, CO",81,457400.0,0.0174,0.0957,1488,0.1675,-0.1124,31.0,0.0081,0.2653,1780,0.4735,-0.07,80,0.1111,-0.2857,0.0189,-0.0025,-0.0046,628.0,1.0658,-0.1582,0.1437,0.0573,-0.0051,1145.0,0.2938,-0.1496,163.0,0.0005,0.083,3065.0,0.0185,0.0404,557583.0,0.0018,0.073,2610,0.2123,-0.1326,0.7695,0.0751,-0.0337,0.0
202005,32580,"McAllen-Edinburg-Mission, TX",84,199400.0,0.0034,0.0109,1708,-0.082,-0.1432,86.0,0.1622,0.1026,448,0.3023,-0.1515,20,0.25,0.1111,0.0094,0.0022,0.0023,240.0,0.6,-0.1549,0.1071,0.0397,-0.0048,23.0,0.0455,-0.4177,101.0,0.005,0.0454,1994.0,-0.0065,-0.0149,264869.0,0.0069,0.0627,1731,-0.081,-0.1479,0.0135,0.0016,-0.0063,0.0
202004,19100,"Dallas-Fort Worth-Arlington, TX",4,339996.0,0.0328,-0.0556,18613,-0.0534,-0.1157,49.0,0.1395,0.1136,8314,-0.3047,-0.3346,698,-0.313,-0.4371,0.0188,-0.0039,-0.0082,5380.0,-0.1856,-0.3857,0.1417,-0.0151,-0.0478,10567.0,-0.156,-0.1825,146.0,0.0225,0.0048,2328.0,0.0099,-0.0715,471216.0,0.0482,-0.0739,29068,-0.0961,-0.1443,0.5677,-0.069,-0.0464,0.0
202004,26420,"Houston-Pasadena-The Woodlands, TX",5,310000.0,-0.0032,-0.0386,26587,0.0206,-0.0511,58.0,0.0952,0.15,7770,-0.2464,-0.3288,710,-0.3772,-0.3847,0.0159,-0.0077,-0.0063,5942.0,-0.2376,-0.3052,0.1327,-0.0284,-0.0331,10142.0,-0.1464,-0.1942,131.0,-0.0002,0.0145,2382.0,-0.0031,-0.0445,448202.0,-0.0091,-0.017,36643,-0.031,-0.0971,0.3815,-0.0746,-0.0677,0.0
202004,19740,"Denver-Aurora-Centennial, CO",18,542500.0,-0.0229,0.0358,4933,0.1494,-0.2386,33.0,0.4667,0.1786,3042,-0.4199,-0.5182,190,-0.3066,-0.3667,0.0145,-0.0046,-0.0011,1118.0,-0.2321,-0.6096,0.0933,-0.0067,-0.0544,4225.0,-0.1517,-0.3829,217.0,-0.009,0.033,2677.0,-0.0322,0.0373,729462.0,-0.0671,0.0583,9058,-0.0347,-0.3188,0.8566,-0.304,-0.2002,0.0
202004,41700,"San Antonio-New Braunfels, TX",25,289000.0,-0.0016,-0.022,8356,0.023,-0.026,61.0,0.0,0.198,3182,-0.1409,-0.2201,530,0.0729,0.1229,0.0322,0.0035,0.0057,2252.0,-0.0498,-0.2616,0.1379,0.0,-0.033,4980.0,-0.0684,-0.049,139.0,0.0042,0.0389,2222.0,-0.0016,-0.046,374953.0,-0.0132,-0.0268,13260,-0.0164,-0.0361,0.596,-0.0584,-0.0144,0.0
202004,12420,"Austin-Round Rock-San Marcos, TX",26,369745.0,-0.014,-0.0007,6075,0.1292,-0.1367,43.0,0.0,-0.0115,3546,-0.1688,-0.2109,348,-0.4837,-0.6226,0.029,-0.024,-0.0351,1726.0,0.1806,-0.3521,0.1452,0.0259,-0.0374,2520.0,-0.136,-0.2146,174.0,-0.0004,0.0444,2124.0,-0.0137,-0.0439,570066.0,-0.062,0.0193,8516,0.0336,-0.166,0.4148,-0.1273,-0.0411,0.0
202004,21340,"El Paso, TX",76,193950.0,-0.0103,0.0212,2249,-0.0256,-0.1418,76.0,0.1515,0.1429,820,-0.1546,-0.2572,68,-0.5641,-0.5,0.02,-0.0224,-0.0144,200.0,-0.3789,-0.537,0.0591,-0.0298,-0.05,356.0,0.0533,0.5356,109.0,0.001,0.0542,1855.0,-0.0154,-0.0175,228213.0,-0.0084,0.0429,2604,-0.0203,-0.0871,0.1581,0.0118,0.0697,0.0
202004,17820,"Colorado Springs, CO",81,449558.0,0.0091,0.1242,1275,0.0954,-0.1903,31.0,0.3667,0.0789,1208,-0.3033,-0.3708,72,0.0909,-0.25,0.0214,0.0042,0.001,304.0,-0.0675,-0.4916,0.0864,0.0032,-0.0401,885.0,-0.1002,-0.2886,163.0,0.0135,0.0778,3009.0,0.0152,0.0465,556576.0,-0.0037,0.1091,2153,0.0084,-0.2302,0.6944,-0.1509,-0.096,0.0
202004,32580,"McAllen-Edinburg-Mission, TX",84,198725.0,-0.0014,0.0191,1861,0.0057,-0.0889,74.0,0.2033,0.0725,344,-0.3965,-0.4452,16,-0.1111,-0.1111,0.0071,-0.0005,0.0004,150.0,-0.5614,-0.4485,0.0675,-0.0723,-0.0329,22.0,-0.1538,-0.4286,100.0,0.0021,0.0412,2007.0,-0.0133,-0.0037,263046.0,0.0017,0.0642,1884,0.0021,-0.0943,0.0118,-0.0022,-0.007,0.0
202003,19100,"Dallas-Fort Worth-Arlington, TX",4,329192.0,-0.0318,-0.0693,19663,0.1151,-0.0268,43.0,-0.14,-0.0652,11958,0.203,0.0995,1016,0.0,-0.2983,0.0227,-0.0039,-0.0113,6606.0,0.0387,-0.2881,0.1569,-0.0063,-0.0612,12521.0,0.1541,0.09,143.0,-0.0205,-0.0064,2305.0,-0.0137,-0.0683,449529.0,-0.0537,-0.0969,32159,0.1261,0.0152,0.6368,0.0215,0.0682,0.0
202003,26420,"Houston-Pasadena-The Woodlands, TX",5,310995.0,0.0332,-0.0176,26050,0.0322,-0.0386,53.0,-0.1393,-0.0094,10310,0.0452,0.0021,1140,0.0106,-0.1903,0.0235,-0.0023,-0.0055,7794.0,0.059,-0.2347,0.1611,0.0033,-0.0487,11881.0,0.1015,0.062,131.0,0.0116,0.0222,2389.0,0.0059,-0.0317,452319.0,0.0192,0.011,37814,0.0504,-0.0114,0.4561,0.0287,0.0432,0.0
202003,19740,"Denver-Aurora-Centennial, CO",18,555212.0,0.0095,0.077,4292,0.1908,-0.2753,23.0,-0.2969,-0.25,5244,0.478,0.0131,274,0.161,-0.0486,0.019,-0.001,0.0022,1456.0,0.1667,-0.4268,0.1,-0.0061,-0.0487,4981.0,0.097,-0.1718,219.0,0.0194,0.044,2766.0,-0.0325,0.0962,781941.0,0.0049,0.1444,9384,0.155,-0.2118,1.1605,-0.0992,0.145,0.0
202003,41700,"San Antonio-New Braunfels, TX",25,289450.0,0.0228,-0.0076,8168,-0.0317,0.0018,61.0,-0.1103,0.0614,3704,0.0595,0.0043,494,-0.4147,-0.0714,0.0287,-0.0248,-0.003,2370.0,-0.0728,-0.1667,0.1379,-0.0228,-0.0318,5345.0,0.1392,0.0671,138.0,0.0129,0.0399,2225.0,0.0137,-0.0401,379961.0,0.019,0.0066,13480,0.0337,0.0315,0.6544,0.0981,0.04,0.0
202003,12420,"Austin-Round Rock-San Marcos, TX",26,374996.0,0.0306,0.0458,5380,0.0544,-0.1936,43.0,-0.2712,-0.1042,4266,0.2819,0.0883,674,-0.1533,-0.289,0.053,-0.0211,-0.0175,1462.0,0.1177,-0.3836,0.1193,0.0045,-0.0571,2916.0,0.1012,0.0083,174.0,0.0272,0.0551,2154.0,0.0016,-0.0202,607750.0,0.023,0.1188,8239,0.0634,-0.1355,0.5421,0.023,0.1085,0.0
202003,21340,"El Paso, TX",76,195975.0,0.0157,0.0445,2308,-0.0415,-0.1426,66.0,-0.0571,-0.0435,970,-0.1117,-0.03,156,0.1471,0.1143,0.0424,0.0071,0.0066,322.0,-0.064,-0.2546,0.089,-0.0014,-0.0215,338.0,0.0852,0.5411,109.0,0.0102,0.0618,1884.0,0.0053,0.0079,230152.0,0.0069,0.0734,2658,-0.0223,-0.0868,0.1462,0.0171,0.0649,0.0
202003,17820,"Colorado Springs, CO",81,445520.0,0.0012,0.1219,1164,0.0987,-0.2365,23.0,-0.3478,-0.3919,1734,0.3421,0.1348,66,-0.34,-0.4677,0.0172,-0.0127,-0.0128,326.0,0.2164,-0.3826,0.0832,0.0016,-0.0444,984.0,0.0632,-0.1091,161.0,0.0003,0.068,2964.0,0.0019,0.028,558616.0,-0.0021,0.1256,2135,0.0799,-0.1823,0.8453,-0.0282,0.1209,0.0
202003,32580,"McAllen-Edinburg-Mission, TX",84,199000.0,0.0205,0.0372,1850,-0.017,-0.1228,62.0,-0.25,-0.1689,570,-0.0306,-0.242,18,0.125,0.125,0.0077,0.0012,0.0022,342.0,0.125,0.125,0.1398,0.0182,0.0344,26.0,-0.2973,-0.037,100.0,0.003,0.0427,2034.0,0.017,0.014,262597.0,0.0155,0.0839,1880,-0.0211,-0.1188,0.0141,-0.0056,0.0013,0.0
202002,19100,"Dallas-Fort Worth-Arlington, TX",4,340000.0,0.0112,-0.0215,17633,-0.0172,-0.0971,50.0,-0.2424,-0.115,9940,0.076,0.0415,1016,0.3475,-0.3736,0.0266,0.004,-0.0146,6360.0,0.0118,-0.3386,0.1632,-0.0109,-0.0813,10849.0,0.3061,0.1098,145.0,0.0118,0.0256,2337.0,0.0041,-0.0416,475039.0,0.0182,-0.0234,28557,0.0882,-0.025,0.6153,0.1523,0.1147,0.0
202002,26420,"Houston-Pasadena-The Woodlands, TX",5,301000.0,0.0037,-0.029,25238,0.0025,-0.0428,61.0,-0.1644,-0.0317,9864,0.1108,0.0609,1128,0.1874,-0.3457,0.0259,0.0035,-0.0122,7360.0,0.0328,-0.3139,0.1578,-0.0089,-0.0804,10786.0,0.346,0.1357,130.0,0.01,0.0204,2375.0,0.0008,-0.0292,443793.0,0.0117,0.0159,35999,0.0854,0.0045,0.4274,0.109,0.0672,0.0
202002,19740,"Denver-Aurora-Centennial, CO",18,550000.0,0.0427,0.1006,3604,-0.0699,-0.3441,32.0,-0.4711,0.0323,3548,0.0791,-0.1922,236,-0.0635,-0.2288,0.0201,-0.0029,-0.0001,1248.0,-0.0943,-0.4029,0.1061,-0.0203,-0.0363,4540.0,0.3118,-0.105,215.0,-0.0177,0.0334,2859.0,0.126,0.1545,778147.0,0.057,0.1582,8125,0.0819,-0.2297,1.2597,0.3666,0.3365,0.0
202002,41700,"San Antonio-New Braunfels, TX",25,282990.0,0.0143,-0.0096,8435,-0.0231,0.0556,68.0,-0.0685,0.0303,3496,0.0549,0.0492,844,-0.3701,0.2057,0.0536,-0.0353,0.0091,2556.0,0.0087,-0.0699,0.1607,-0.0083,-0.013,4692.0,0.2809,0.0682,137.0,0.0094,0.0376,2195.0,0.0046,-0.046,372894.0,0.0277,0.0076,13040,0.0621,0.0565,0.5563,0.132,0.0066,0.0
202002,12420,"Austin-Round Rock-San Marcos, TX",26,363845.0,0.0382,0.0397,5102,-0.0618,-0.2024,59.0,-0.1449,-0.0484,3328,0.1312,0.0097,796,0.0585,-0.1136,0.0741,-0.0024,-0.0003,1308.0,-0.1126,-0.2968,0.1147,-0.0249,-0.0393,2648.0,0.2777,0.0714,170.0,0.0181,0.0367,2150.0,0.0026,-0.0051,594072.0,0.0662,0.1334,7747,0.0252,-0.1254,0.519,0.1379,0.1326,0.0
202002,21340,"El Paso, TX",76,192950.0,0.0,0.0431,2408,0.0113,-0.1351,70.0,-0.1358,-0.0541,1092,0.3616,0.112,136,-0.3267,0.3878,0.0353,-0.0239,0.0105,344.0,0.0818,-0.2489,0.0904,0.001,-0.0267,311.0,0.2694,0.6765,108.0,0.0119,0.0578,1874.0,-0.0064,0.0179,228575.0,0.0077,0.0875,2718,0.0313,-0.0828,0.1292,0.0263,0.0625,0.0
202002,17820,"Colorado Springs, CO",81,445000.0,0.0471,0.1411,1059,-0.133,-0.3207,35.0,-0.4052,-0.1786,1292,0.1682,0.0386,100,-0.0196,-0.3827,0.0298,-0.0028,-0.0135,268.0,-0.2386,-0.4224,0.0816,-0.0317,-0.0444,925.0,0.2292,-0.0498,161.0,-0.0044,0.0785,2959.0,0.0411,0.0288,559799.0,0.0473,0.1545,1977,0.0061,-0.2111,0.8735,0.2574,0.249,0.0
202002,32580,"McAllen-Edinburg-Mission, TX",84,195000.0,-0.0006,0.0266,1882,0.0181,-0.0941,82.0,0.0123,-0.0939,588,0.0769,-0.1624,16,-0.5294,-0.1111,0.0064,-0.007,-0.0001,304.0,0.1783,-0.0675,0.1216,0.0198,0.0109,37.0,0.0725,1.8462,100.0,0.0022,0.0434,2000.0,-0.0061,-0.0109,258596.0,-0.0014,0.0705,1920,0.0196,-0.08,0.0197,0.001,0.0134,0.0
202001,19100,"Dallas-Fort Worth-Arlington, TX",4,336250.0,-0.0041,-0.0109,17941,-0.0856,-0.0555,66.0,0.0233,-0.0075,9238,0.41,-0.0135,754,-0.0258,-0.4305,0.0226,0.0013,-0.013,6286.0,0.1581,-0.3124,0.1741,0.0215,-0.073,8307.0,-0.1047,0.1271,144.0,0.0017,0.0253,2328.0,-0.0098,-0.0362,466533.0,-0.0069,-0.0119,26243,-0.0915,-0.0042,0.463,-0.0099,0.075,0.0
202001,26420,"Houston-Pasadena-The Woodlands, TX",5,299900.0,-0.0002,-0.0218,25174,-0.051,-0.0352,73.0,0.058,0.0069,8880,0.3611,0.0564,950,0.0771,-0.454,0.0224,0.002,-0.0187,7126.0,0.1798,-0.2227,0.1667,0.0235,-0.0493,8014.0,-0.1156,0.0972,128.0,0.0053,0.0187,2373.0,-0.0052,-0.0298,438646.0,0.0029,0.0181,33168,-0.0674,-0.0066,0.3183,-0.0233,0.0384,0.0
202001,19740,"Denver-Aurora-Centennial, CO",18,527480.0,0.0603,0.082,3875,-0.3666,-0.2893,61.0,0.0083,0.0804,3288,0.3215,-0.1772,252,0.115,-0.0156,0.023,0.0035,0.003,1378.0,0.0471,-0.3632,0.1264,0.0249,-0.0347,3461.0,-0.2059,-0.1156,219.0,-0.0071,0.0695,2539.0,0.1006,0.03,736167.0,0.0913,0.122,7510,-0.2648,-0.1991,0.8932,0.1807,0.1754,0.0
202001,41700,"San Antonio-New Braunfels, TX",25,279000.0,0.0001,-0.0211,8635,-0.0556,0.0881,73.0,0.0977,0.0104,3314,0.2688,0.0363,1340,1.0303,1.0242,0.0889,0.0462,0.0432,2534.0,0.2124,-0.0372,0.169,0.0347,-0.0065,3663.0,-0.0532,0.0687,135.0,0.0082,0.0347,2185.0,-0.0048,-0.0454,362856.0,-0.0011,-0.0222,12277,-0.0505,0.0852,0.4242,0.001,-0.0077,0.0
202001,12420,"Austin-Round Rock-San Marcos, TX",26,350466.0,0.0013,0.0057,5438,-0.1024,-0.1563,69.0,0.0376,-0.0861,2942,0.3397,-0.0329,752,0.1937,0.266,0.0765,0.0189,0.0258,1474.0,-0.0067,-0.2185,0.1396,-0.0014,-0.0367,2073.0,-0.0637,0.0914,167.0,0.0012,0.0238,2145.0,0.0022,0.0007,557167.0,0.01,0.081,7557,-0.0838,-0.0946,0.3811,0.0158,0.0865,0.0
202001,21340,"El Paso, TX",76,192950.0,-0.0026,0.0502,2381,-0.0248,-0.1486,81.0,0.0318,-0.0182,802,0.1691,-0.1395,202,1.525,0.2625,0.0592,0.0366,0.0186,318.0,0.1042,-0.2933,0.0894,0.006,-0.0219,245.0,-0.0081,0.0889,107.0,-0.0032,0.055,1886.0,-0.0034,0.0247,226825.0,0.0019,0.0854,2636,-0.0166,-0.1244,0.1029,0.0017,0.0224,0.0
202001,17820,"Colorado Springs, CO",81,425000.0,0.0004,0.1112,1222,-0.1567,-0.254,58.0,0.0087,-0.0569,1106,0.2921,-0.023,102,-0.0556,-0.378,0.0326,-0.0015,-0.0121,352.0,0.0414,-0.1776,0.1133,0.0063,-0.008,753.0,-0.1316,-0.0652,161.0,0.0089,0.1031,2842.0,-0.0188,-0.005,534515.0,0.0057,0.1177,1965,-0.1432,-0.1922,0.616,0.0178,0.1244,0.0
202001,32580,"McAllen-Edinburg-Mission, TX",84,195125.0,-0.012,0.0286,1849,-0.0337,-0.0819,81.0,0.0189,-0.105,546,0.4072,0.046,34,0.3077,1.125,0.0134,0.0018,0.0073,258.0,0.1622,0.0238,0.1018,0.0069,0.0043,35.0,-0.1266,2.0,99.0,0.0088,0.0486,2012.0,-0.017,-0.01,258965.0,-0.0033,0.0706,1883,-0.0341,-0.0694,0.0187,-0.002,0.013,0.0
201912,19100,"Dallas-Fort Worth-Arlington, TX",4,337646.0,-0.0153,-0.0069,19620,-0.1136,-0.0447,65.0,0.1121,-0.0077,6552,-0.181,-0.0156,774,0.3253,-0.5246,0.0213,0.007,-0.0257,5428.0,-0.4138,-0.4168,0.1525,-0.0763,-0.107,9278.0,-0.0888,0.069,144.0,-0.002,0.0253,2351.0,-0.0194,-0.0355,469782.0,-0.0137,-0.015,28886,-0.1104,-0.0112,0.4729,0.0129,0.0503,0.0
201912,26420,"Houston-Pasadena-The Woodlands, TX",5,299945.0,-0.0066,-0.0258,26526,-0.064,-0.024,69.0,0.0952,0.0299,6524,-0.1343,0.0043,882,0.1025,-0.6237,0.0204,0.0033,-0.0331,6040.0,-0.2782,-0.3389,0.1433,-0.0371,-0.0828,9061.0,-0.0998,0.0705,128.0,0.002,0.0208,2386.0,-0.0089,-0.0326,437381.0,-0.0051,0.012,35566,-0.0744,-0.0012,0.3416,-0.0136,0.0302,0.0
201912,19740,"Denver-Aurora-Centennial, CO",18,497495.0,-0.003,0.0386,6118,-0.1483,-0.0187,60.0,0.2,0.0526,2488,-0.2235,-0.0174,226,0.0865,-0.1172,0.0195,0.0076,0.0009,1316.0,-0.5938,-0.3524,0.1014,-0.1001,-0.0532,4359.0,-0.2241,-0.0076,220.0,0.0286,0.091,2307.0,-0.039,-0.0618,674594.0,0.0119,0.0416,10215,-0.2009,-0.0368,0.7125,-0.0695,0.0079,0.0
201912,41700,"San Antonio-New Braunfels, TX",25,278973.0,-0.0033,-0.0211,9143,-0.0224,0.0872,67.0,0.1271,-0.05,2612,-0.1628,0.0865,660,-0.012,0.375,0.0427,0.0034,0.0104,2090.0,-0.3033,-0.0306,0.1342,-0.0439,-0.0158,3869.0,-0.0849,0.0762,134.0,0.0102,0.0332,2196.0,-0.0177,-0.0467,363273.0,-0.0085,-0.026,12931,-0.0431,0.0805,0.4232,-0.0289,-0.0043,0.0
201912,12420,"Austin-Round Rock-San Marcos, TX",26,349996.0,-0.0141,0.0029,6059,-0.1207,-0.1454,67.0,0.1083,-0.05,2196,-0.2213,0.0339,630,0.4858,0.1496,0.0576,0.0214,0.0057,1484.0,-0.3491,-0.1167,0.141,-0.0444,-0.0171,2214.0,-0.1522,0.0387,166.0,-0.0085,0.0209,2140.0,-0.0045,-0.0112,551663.0,-0.0131,0.0718,8248,-0.1297,-0.1039,0.3654,-0.0136,0.0647,0.0
201912,21340,"El Paso, TX",76,193450.0,-0.0079,0.0753,2442,-0.0522,-0.1829,79.0,0.0903,0.0753,686,-0.2169,0.1065,80,0.0526,-0.2308,0.0226,0.0025,0.0014,288.0,-0.3143,-0.1325,0.0834,-0.0269,0.0156,247.0,-0.1424,-0.8093,107.0,0.0074,0.0673,1892.0,-0.011,0.0194,226399.0,-0.011,0.095,2680,-0.0682,-0.3716,0.1012,-0.0106,-0.3322,0.0
201912,17820,"Colorado Springs, CO",81,424830.0,0.0115,0.1329,1449,-0.1666,-0.2467,58.0,0.2234,-0.0574,856,-0.2161,0.07,108,0.2273,0.0385,0.0341,0.0112,0.0066,338.0,-0.4172,-0.313,0.107,-0.0448,-0.0231,867.0,-0.1596,-0.0457,160.0,0.0145,0.1073,2896.0,0.0106,0.0209,531509.0,0.0142,0.1189,2294,-0.1678,-0.1853,0.5982,0.005,0.126,0.0
201912,32580,"McAllen-Edinburg-Mission, TX",84,197500.0,0.0128,0.04,1913,-0.024,-0.0668,80.0,0.0192,-0.0647,388,-0.1101,-0.1491,26,1.1667,2.25,0.0116,0.0064,0.0084,222.0,-0.1716,0.0472,0.0949,-0.0155,0.0103,40.0,0.197,1.8214,99.0,0.0054,0.0452,2047.0,0.0154,-0.0017,259832.0,0.006,0.076,1950,-0.0213,-0.0555,0.0206,0.0038,0.0138,0.0
201911,19100,"Dallas-Fort Worth-Arlington, TX",4,342900.0,-0.0034,-0.0058,22134,-0.0702,-0.0104,58.0,0.0741,-0.0085,8000,-0.1411,-0.063,584,-0.1512,-0.6435,0.0143,-0.0012,-0.0262,9260.0,-0.1725,-0.2286,0.2288,-0.0226,-0.0675,10182.0,-0.0322,0.0733,144.0,0.0018,0.0282,2397.0,-0.0031,-0.0292,476302.0,-0.0021,-0.0135,32471,-0.0533,0.0208,0.46,0.0181,0.0359,0.0
201911,26420,"Houston-Pasadena-The Woodlands, TX",5,301950.0,-0.0241,-0.0259,28339,-0.0303,0.0021,63.0,0.0413,0.0244,7536,-0.1239,-0.0326,800,-0.3721,-0.4962,0.0171,-0.0092,-0.0178,8368.0,-0.1945,-0.3133,0.1804,-0.0332,-0.0873,10066.0,-0.0438,0.0659,127.0,-0.002,0.0206,2407.0,-0.0089,-0.0302,439613.0,-0.0023,0.0078,38425,-0.0303,0.0189,0.3552,-0.005,0.0213,0.0
201911,19740,"Denver-Aurora-Centennial, CO",18,499000.0,0.0076,0.0506,7183,-0.1488,-0.0696,50.0,0.2048,0.1494,3204,-0.2712,-0.1359,208,0.1064,0.0097,0.0119,0.0021,-0.0016,3240.0,-0.3431,-0.1451,0.2015,-0.0588,-0.0288,5617.0,-0.0761,0.1279,214.0,0.0173,0.0707,2401.0,-0.0074,-0.0269,666656.0,0.0209,0.0424,12783,-0.1181,0.0071,0.782,0.0616,0.1369,0.0
201911,41700,"San Antonio-New Braunfels, TX",25,279900.0,-0.0113,-0.0179,9352,-0.0141,0.0824,59.0,0.0085,-0.0781,3120,-0.1934,0.0751,668,0.0405,0.5905,0.0393,0.0027,0.0122,3000.0,-0.1953,-0.0548,0.1781,-0.0346,-0.0268,4228.0,-0.0198,0.0863,133.0,0.0011,0.0249,2235.0,-0.0029,-0.0329,366401.0,-0.0183,-0.0181,13513,-0.0157,0.0839,0.4521,-0.0026,0.0016,0.0
201911,12420,"Austin-Round Rock-San Marcos, TX",26,355000.0,-0.0124,0.0146,6890,-0.0702,-0.1285,60.0,0.0619,-0.04,2820,-0.1193,0.0483,424,-0.1486,-0.0619,0.0363,-0.0007,-0.0002,2280.0,-0.239,-0.224,0.1854,-0.0389,-0.0388,2611.0,-0.0864,0.1003,168.0,-0.0005,0.0275,2150.0,-0.0037,-0.0106,558977.0,-0.0005,0.0575,9477,-0.0748,-0.0767,0.379,-0.0067,0.0788,0.0
201911,21340,"El Paso, TX",76,195000.0,0.0232,0.0926,2576,-0.0069,-0.1809,72.0,0.0746,0.0286,876,-0.1061,0.1557,76,-0.1556,-0.1739,0.0201,-0.003,0.0021,420.0,-0.2308,-0.3046,0.1103,-0.033,-0.0041,288.0,0.0105,-0.7671,106.0,0.0095,0.0612,1913.0,0.0068,0.0302,228928.0,0.0108,0.1235,2876,-0.0035,-0.3422,0.1118,0.0019,-0.2814,0.0
201911,17820,"Colorado Springs, CO",81,420000.0,0.0216,0.1386,1738,-0.1353,-0.2554,47.0,0.0805,0.0,1092,-0.2155,-0.0267,88,0.5714,0.2222,0.0228,0.0107,0.0057,580.0,-0.357,-0.375,0.1518,-0.0464,-0.0563,1031.0,-0.1043,0.0585,158.0,0.0127,0.1074,2866.0,0.0121,0.0094,524080.0,0.0201,0.1235,2756,-0.1242,-0.1654,0.5932,0.0206,0.1759,0.0
201911,32580,"McAllen-Edinburg-Mission, TX",84,195000.0,0.0,0.0267,1960,-0.0222,-0.0595,78.0,-0.1086,-0.0064,436,0.014,-0.0136,12,-0.5714,-0.1429,0.0051,-0.0062,-0.0005,268.0,-0.1465,-0.1126,0.1104,-0.0131,-0.0086,33.0,-0.1538,1.8696,98.0,0.0058,0.048,2016.0,-0.0009,-0.0223,258292.0,-0.0007,0.061,1992,-0.0252,-0.0489,0.0168,-0.0026,0.0113,0.0
201910,19100,"Dallas-Fort Worth-Arlington, TX",4,344085.0,-0.0023,-0.0027,23804,-0.0211,0.0439,54.0,0.0189,-0.0357,9314,-0.0971,0.0917,688,-0.0255,-0.6309,0.0155,0.0001,-0.0305,11190.0,-0.0358,-0.2188,0.2515,-0.0013,-0.0959,10521.0,-0.0682,0.0697,144.0,0.0005,0.0287,2405.0,-0.0047,-0.0376,477297.0,-0.0014,-0.0111,34299,-0.0365,0.0505,0.442,-0.0224,0.0107,0.0
201910,26420,"Houston-Pasadena-The Woodlands, TX",5,309400.0,-0.0068,-0.0059,29223,-0.024,0.0133,61.0,0.0522,-0.0082,8602,-0.0615,0.0258,1274,0.0241,-0.2077,0.0263,0.0015,-0.0082,10388.0,-0.0442,-0.2197,0.2136,-0.0031,-0.0689,10527.0,-0.049,0.0727,128.0,-0.0003,0.026,2429.0,-0.0071,-0.0253,440614.0,-0.0025,0.0106,39626,-0.0332,0.0279,0.3602,-0.0095,0.02,0.0
201910,19740,"Denver-Aurora-Centennial, CO",18,495223.0,-0.0027,0.0319,8439,-0.0205,0.0422,42.0,0.0641,0.1216,4396,-0.0796,0.0209,188,-0.0962,-0.2879,0.0098,-0.0008,-0.0053,4932.0,-0.0265,0.0102,0.2603,0.0024,-0.0198,6080.0,-0.0324,0.1368,211.0,0.0076,0.0538,2418.0,-0.0093,-0.0303,652978.0,-0.0009,0.0109,14495,-0.025,0.0788,0.7204,-0.0088,0.0599,0.0
201910,41700,"San Antonio-New Braunfels, TX",25,283094.0,-0.0098,-0.0083,9486,0.0041,0.0909,59.0,0.0263,-0.0602,3868,0.019,0.3431,642,0.1383,0.7351,0.0365,0.0047,0.0127,3728.0,-0.0431,0.0881,0.2128,-0.0075,-0.0057,4314.0,-0.0464,0.0835,133.0,-0.0017,0.0244,2242.0,-0.0106,-0.0402,373233.0,-0.0142,-0.0135,13729,-0.0117,0.0876,0.4547,-0.0241,-0.0031,0.0
201910,12420,"Austin-Round Rock-San Marcos, TX",26,359450.0,-0.004,0.027,7410,-0.0298,-0.1117,57.0,0.0367,-0.0504,3202,-0.0543,0.0505,498,-0.1075,0.0,0.0369,-0.0028,0.0009,2996.0,-0.0531,-0.1622,0.2243,-0.0012,-0.0423,2858.0,-0.0572,0.1951,168.0,0.0012,0.0332,2158.0,-0.0046,-0.0108,559240.0,0.0002,0.0483,10244,-0.0375,-0.0449,0.3857,-0.0112,0.099,0.0
201910,21340,"El Paso, TX",76,190583.0,-0.0009,0.0769,2594,-0.0065,-0.1866,67.0,0.0388,0.0152,980,-0.0041,0.047,90,-0.4231,-0.3284,0.0231,-0.017,-0.0022,546.0,0.0623,-0.2642,0.1433,0.0109,0.0034,285.0,-0.0189,-0.774,105.0,0.0062,0.0541,1900.0,0.0005,0.0229,226490.0,0.0077,0.1173,2886,-0.0047,-0.3501,0.1099,-0.0014,-0.2856,0.0
201910,17820,"Colorado Springs, CO",81,411136.0,0.0047,0.118,2010,-0.025,-0.167,44.0,0.0741,-0.0333,1392,-0.0373,0.0161,56,-0.0345,-0.65,0.0121,-0.0003,-0.0196,902.0,-0.1174,-0.2291,0.1982,-0.0204,-0.0434,1151.0,-0.0291,0.0227,156.0,0.0062,0.0918,2832.0,-0.0108,0.0045,513736.0,0.0006,0.1066,3147,-0.0257,-0.1096,0.5726,-0.0024,0.1062,0.0
201910,32580,"McAllen-Edinburg-Mission, TX",84,195000.0,-0.0049,0.0156,2005,-0.0045,-0.0087,88.0,0.0057,0.1218,430,-0.0183,-0.2238,28,0.1667,1.8,0.0113,0.0017,0.0076,314.0,0.0129,-0.0188,0.1235,-0.001,0.0022,39.0,0.0833,1.6,97.0,0.0031,0.0454,2018.0,-0.0045,-0.0257,258477.0,0.0036,0.0602,2044,-0.0024,0.0039,0.0195,0.0016,0.012,0.0
201909,19100,"Dallas-Fort Worth-Arlington, TX",4,344883.0,-0.0088,-0.0073,24317,-0.0158,0.0739,53.0,0.0392,0.0192,10316,-0.0713,0.0864,706,-0.0355,-0.6695,0.0154,0.0001,-0.0349,11606.0,-0.0512,-0.1936,0.2528,-0.0019,-0.0835,11291.0,-0.0769,0.062,144.0,-0.0012,0.032,2416.0,-0.0094,-0.0398,477985.0,-0.0076,-0.0105,35597,-0.0361,0.0701,0.4643,-0.0307,-0.0052,0.0
201909,26420,"Houston-Pasadena-The Woodlands, TX",5,311523.0,-0.0067,-0.011,29942,-0.0262,0.0288,58.0,0.0648,-0.0086,9166,-0.0539,0.1189,1244,0.4072,-0.3043,0.0248,0.0079,-0.0127,10868.0,-0.0625,-0.2366,0.2167,-0.0045,-0.084,11069.0,-0.0779,0.0722,128.0,-0.0001,0.0252,2446.0,-0.0083,-0.0248,441707.0,-0.0037,0.0101,40987,-0.0407,0.0373,0.3697,-0.0207,0.015,0.0
201909,19740,"Denver-Aurora-Centennial, CO",18,496559.0,-0.004,0.0155,8616,-0.0173,0.092,39.0,0.0263,0.0833,4776,-0.0509,-0.0308,208,-0.1475,-0.3418,0.0106,-0.0014,-0.006,5066.0,-0.009,0.1228,0.2579,0.006,0.0199,6283.0,-0.0383,0.1004,209.0,0.008,0.052,2441.0,-0.014,-0.0582,653591.0,-0.0022,-0.0153,14866,-0.0261,0.1045,0.7292,-0.0159,0.0055,0.0
201909,41700,"San Antonio-New Braunfels, TX",25,285906.0,-0.0085,-0.0038,9447,-0.0012,0.085,57.0,0.0364,-0.0339,3796,0.0282,0.2877,564,0.128,0.3558,0.0319,0.004,0.0054,3896.0,-0.0608,0.1623,0.2203,-0.0109,0.0131,4524.0,-0.0698,0.0845,133.0,-0.0008,0.0287,2266.0,-0.0132,-0.0384,378612.0,-0.0132,-0.0021,13892,-0.0251,0.0785,0.4788,-0.0353,-0.0002,0.0
201909,12420,"Austin-Round Rock-San Marcos, TX",26,360901.0,-0.0036,0.0053,7638,-0.0348,-0.0869,55.0,0.09,-0.0439,3386,-0.0749,0.0742,558,0.125,-0.0245,0.0398,0.0061,-0.0007,3164.0,-0.1449,-0.1421,0.2255,-0.026,-0.0357,3032.0,-0.0413,0.1479,168.0,0.0015,0.0298,2168.0,-0.0056,-0.0205,559148.0,0.0006,0.0442,10643,-0.0367,-0.0296,0.3969,-0.0027,0.0812,0.0
201909,21340,"El Paso, TX",76,190755.0,-0.0051,0.075,2611,-0.0102,-0.1512,65.0,0.075,-0.0915,984,0.0,-0.012,156,-0.1875,-0.0488,0.0402,-0.009,0.0087,514.0,0.1174,-0.351,0.1324,0.0145,-0.0189,291.0,0.0193,-0.7816,105.0,0.007,0.0477,1899.0,-0.0047,0.0199,224757.0,0.0054,0.1032,2900,-0.007,-0.3416,0.1113,0.0032,-0.3211,0.0
201909,17820,"Colorado Springs, CO",81,409205.0,-0.0084,0.1214,2062,-0.0308,-0.1579,41.0,0.125,0.0385,1446,-0.0537,-0.0754,58,-0.1944,-0.6375,0.0124,-0.0024,-0.017,1022.0,-0.0572,-0.1705,0.2186,-0.0038,-0.0172,1186.0,-0.0416,-0.0004,155.0,0.0078,0.0842,2863.0,-0.0205,0.0321,513424.0,-0.0009,0.1178,3230,-0.035,-0.106,0.5751,-0.0065,0.0906,0.0
201909,32580,"McAllen-Edinburg-Mission, TX",84,195955.0,-0.0062,-0.0025,2014,-0.0062,0.0118,87.0,0.0116,0.0,438,-0.0395,-0.0045,24,0.5,0.5,0.0097,0.0033,0.0031,310.0,-0.0313,-0.0882,0.1245,-0.0026,-0.0167,36.0,0.0,0.8947,97.0,0.0028,0.0442,2027.0,-0.0068,-0.0489,257539.0,0.003,0.03,2049,-0.0065,0.0207,0.0179,0.0001,0.0083,0.0
201908,19100,"Dallas-Fort Worth-Arlington, TX",4,347947.0,-0.0201,-0.0059,24706,-0.001,0.0959,51.0,0.0515,0.0968,11108,-0.0748,0.0994,732,-0.1223,-0.7127,0.0153,-0.0012,-0.0418,12232.0,-0.0211,-0.1842,0.2546,0.0085,-0.0789,12231.0,-0.0673,0.0537,144.0,-0.0051,0.03,2439.0,-0.0207,-0.044,481665.0,-0.0244,-0.0102,36929,-0.0246,0.0816,0.4951,-0.0352,-0.0198,0.0
201908,26420,"Houston-Pasadena-The Woodlands, TX",5,313609.0,-0.0099,-0.0166,30746,-0.0189,0.0395,54.0,0.0588,0.0286,9688,-0.0625,0.0002,884,-0.2246,-0.5671,0.0169,-0.0038,-0.0237,11592.0,-0.0367,-0.2188,0.2212,-0.0008,-0.0747,12004.0,-0.0463,0.0607,128.0,-0.0004,0.0267,2466.0,-0.0095,-0.0273,443347.0,-0.006,0.0092,42727,-0.0273,0.044,0.3904,-0.0112,0.0078,0.0
201908,19740,"Denver-Aurora-Centennial, CO",18,498564.0,-0.0029,0.0072,8768,-0.0139,0.1799,38.0,0.0556,0.2063,5032,-0.0811,0.0008,244,-0.0896,-0.1408,0.012,-0.0004,-0.0032,5112.0,-0.0362,0.1983,0.2519,0.0017,0.0231,6533.0,-0.0307,0.0544,207.0,0.0007,0.0465,2476.0,-0.0134,-0.0577,655004.0,-0.003,-0.0269,15264,-0.0188,0.1215,0.7451,-0.0129,-0.0887,0.0
201908,41700,"San Antonio-New Braunfels, TX",25,288356.0,-0.0177,-0.0097,9458,0.0047,0.0639,55.0,0.0476,-0.0179,3692,-0.0499,0.0087,500,0.0,0.3812,0.0279,0.0007,0.0064,4148.0,0.0,0.1947,0.2312,0.0056,0.0269,4863.0,-0.0516,0.0845,133.0,-0.0057,0.0291,2296.0,-0.0117,-0.035,383658.0,-0.0116,0.0027,14249,-0.0154,0.0685,0.5142,-0.0305,0.0098,0.0
201908,12420,"Austin-Round Rock-San Marcos, TX",26,362187.0,-0.005,-0.0008,7913,-0.0108,-0.0544,50.0,0.0526,-0.0385,3660,-0.0914,0.0415,496,-0.2298,0.1589,0.0337,-0.0075,0.0045,3700.0,-0.0022,0.0022,0.2516,0.0139,-0.0004,3162.0,-0.033,0.0926,167.0,0.0025,0.0222,2180.0,-0.0085,-0.0251,558828.0,-0.0039,0.0378,11048,-0.0172,-0.015,0.3996,-0.0092,0.0538,0.0
201908,21340,"El Paso, TX",76,191727.0,0.0014,0.0817,2638,-0.0058,-0.1399,60.0,0.0345,-0.1489,984,-0.0277,0.0468,192,0.3151,0.1566,0.0492,0.0122,0.0184,460.0,-0.0496,-0.4614,0.1178,-0.006,-0.0411,285.0,0.0962,-0.7943,104.0,0.0,0.0382,1908.0,0.005,0.0255,223539.0,0.0065,0.0945,2920,-0.0009,-0.3437,0.108,0.0101,-0.3437,0.0
201908,17820,"Colorado Springs, CO",81,412682.0,-0.0098,0.1298,2127,-0.0137,-0.1373,36.0,0.2,-0.0137,1528,-0.1521,-0.1106,72,-0.1429,-0.4098,0.0148,-0.0014,-0.0083,1084.0,-0.0557,-0.1862,0.2224,0.0037,-0.0223,1237.0,-0.0248,0.0391,153.0,0.0025,0.0768,2923.0,-0.0247,0.0555,513892.0,-0.0049,0.1111,3347,-0.0172,-0.0764,0.5816,-0.0067,0.0987,0.0
201908,32580,"McAllen-Edinburg-Mission, TX",84,197182.0,-0.0054,0.0092,2026,-0.0015,0.0077,86.0,0.0361,0.0058,456,-0.0298,-0.1364,16,0.6,0.1429,0.0064,0.0024,0.0009,320.0,-0.0062,0.0738,0.1271,-0.0015,0.0106,36.0,0.0588,1.5714,97.0,0.002,0.044,2041.0,-0.0021,-0.0398,256777.0,0.0024,0.0294,2062,-0.001,0.0188,0.0178,0.001,0.0108,0.0
201907,19100,"Dallas-Fort Worth-Arlington, TX",4,355098.0,-0.0111,-0.0298,24732,0.0339,0.1216,49.0,0.0319,0.2125,12006,-0.0849,0.0354,834,-0.0692,-0.3402,0.0165,0.0005,-0.0107,12496.0,0.0666,0.0522,0.2461,0.0172,-0.0084,13113.0,0.0064,0.0474,144.0,-0.0013,0.0221,2490.0,-0.0098,-0.0519,493714.0,-0.0191,-0.0344,37859,0.025,0.0953,0.5302,-0.0145,-0.0375,0.0
201907,26420,"Houston-Pasadena-The Woodlands, TX",5,316750.0,-0.016,-0.0177,31339,0.0281,0.0748,51.0,0.0,0.0099,10334,-0.121,-0.005,1140,0.1538,-0.4929,0.0207,0.0027,-0.0229,12034.0,0.0676,-0.2353,0.2219,0.0159,-0.0814,12587.0,-0.0155,0.0698,128.0,-0.0069,0.0215,2490.0,-0.0064,-0.0264,446024.0,-0.0166,-0.0018,43926,0.0157,0.073,0.4016,-0.0178,-0.0019,0.0
201907,19740,"Denver-Aurora-Centennial, CO",18,500000.0,-0.0291,0.0001,8892,0.0614,0.2473,36.0,0.2,0.2,5476,-0.1632,-0.0054,268,0.1167,-0.2514,0.0124,0.0014,-0.0058,5304.0,0.0634,0.3287,0.2502,0.0285,0.047,6740.0,-0.0502,0.032,207.0,-0.0043,0.0495,2510.0,-0.0201,-0.0736,657002.0,-0.0171,-0.0557,15556,-0.0043,0.142,0.758,-0.0891,-0.1582,0.0
201907,41700,"San Antonio-New Braunfels, TX",25,293545.0,-0.0049,-0.0049,9414,0.0251,0.093,53.0,0.0096,0.0096,3886,-0.0466,0.0363,500,0.1364,-0.3421,0.0271,0.0029,-0.0171,4148.0,0.1151,0.0979,0.2256,0.0207,0.0061,5128.0,-0.0389,0.0545,134.0,-0.0044,0.0372,2323.0,0.0,-0.0282,388151.0,-0.0049,0.0029,14472,0.0083,0.0792,0.5447,-0.0363,-0.0199,0.0
201907,12420,"Austin-Round Rock-San Marcos, TX",26,364021.0,-0.0135,-0.0132,7999,0.0353,-0.0301,48.0,0.0795,-0.05,4028,-0.0845,0.0177,644,0.2481,0.0952,0.0413,0.0083,0.0035,3708.0,0.0486,-0.0541,0.2377,0.0121,-0.0122,3270.0,-0.0345,0.0111,167.0,-0.0032,0.0139,2199.0,-0.0048,-0.0331,561011.0,-0.0103,0.0187,11241,0.0171,-0.0191,0.4088,-0.0296,0.0167,0.0
201907,21340,"El Paso, TX",76,191450.0,-0.0026,0.0837,2654,0.0214,-0.1598,58.0,-0.0938,-0.2516,1012,-0.1786,0.1121,146,1.4333,-0.0875,0.037,0.0206,0.0085,484.0,-0.0547,-0.3858,0.1238,-0.0001,-0.0162,260.0,0.0879,-0.8211,104.0,0.0019,0.0347,1899.0,-0.0076,0.0276,222094.0,-0.0012,0.081,2923,0.0254,-0.3661,0.098,0.006,-0.3623,0.0
201907,17820,"Colorado Springs, CO",81,416750.0,-0.0054,0.1141,2157,0.107,-0.0739,30.0,0.1538,-0.0323,1802,-0.099,-0.0843,84,-0.087,-0.4324,0.0162,-0.0022,-0.0106,1148.0,0.2813,-0.0801,0.2186,0.0519,-0.0035,1269.0,-0.0638,0.0,153.0,0.0002,0.0805,2997.0,0.0045,0.0601,516421.0,-0.0053,0.0522,3406,0.032,-0.0475,0.5882,-0.1074,0.0435,0.0
201907,32580,"McAllen-Edinburg-Mission, TX",84,198250.0,-0.0036,0.0167,2029,0.0095,-0.015,83.0,0.0506,-0.0829,470,-0.1783,-0.1098,10,0.25,-0.1667,0.0039,0.0009,-0.0007,322.0,-0.0301,0.2385,0.1286,-0.0042,0.0268,34.0,-0.0811,0.8889,97.0,0.0025,0.0428,2045.0,-0.0063,-0.0559,256158.0,0.0144,0.0254,2064,0.0083,-0.007,0.0168,-0.0017,0.008,0.0
201906,19100,"Dallas-Fort Worth-Arlington, TX",4,359100.0,-0.0147,-0.0421,23921,0.0731,0.187,47.0,0.0682,0.2051,13120,0.0463,0.0212,896,-0.0345,-0.2,0.016,-0.0032,-0.0083,11716.0,0.1644,0.1401,0.2289,0.0232,0.0072,13030.0,-0.0235,-0.0027,145.0,-0.0046,0.0175,2515.0,-0.0024,-0.0588,503331.0,-0.0097,-0.0417,36935,0.0367,0.1089,0.5447,-0.0539,-0.1036,0.0
201906,26420,"Houston-Pasadena-The Woodlands, TX",5,321886.0,-0.0088,-0.0216,30482,0.0472,0.0957,51.0,0.02,0.1591,11756,0.0208,0.0641,988,-0.2627,-0.587,0.0179,-0.0069,-0.0283,11272.0,0.1232,-0.234,0.206,0.0191,-0.0821,12785.0,-0.0148,0.0116,129.0,-0.0039,0.0203,2506.0,0.0008,-0.0287,453532.0,-0.0082,-0.0038,43247,0.0282,0.0721,0.4194,-0.0264,-0.0349,0.0
201906,19740,"Denver-Aurora-Centennial, CO",18,515000.0,0.0,-0.0096,8377,0.1185,0.2967,30.0,0.1765,0.25,6544,-0.0543,0.0407,240,-0.2105,-0.1667,0.011,-0.0034,-0.0036,4988.0,0.2909,0.4187,0.2217,0.0378,0.0443,7096.0,-0.0174,0.034,208.0,-0.0085,0.0482,2561.0,-0.0028,-0.0751,668417.0,-0.0121,-0.069,15623,0.0583,0.1665,0.8471,-0.1172,-0.2153,0.0
201906,41700,"San Antonio-New Braunfels, TX",25,295000.0,-0.0024,-0.015,9183,0.0367,0.1123,52.0,0.04,0.04,4076,-0.0427,0.0615,440,-0.5067,-0.3678,0.0242,-0.0243,-0.0158,3720.0,0.0922,0.0915,0.2049,0.0215,0.0093,5335.0,-0.0121,0.0485,134.0,0.0002,0.037,2323.0,-0.0017,-0.0349,390066.0,0.002,-0.0005,14353,0.0103,0.083,0.581,-0.0287,-0.0353,0.0
201906,12420,"Austin-Round Rock-San Marcos, TX",26,369000.0,-0.0053,-0.0157,7726,0.0551,-0.0273,44.0,0.0,-0.0435,4400,0.0073,0.0721,516,-0.3193,0.0661,0.0329,-0.0175,0.0013,3536.0,0.1451,-0.0576,0.2256,0.0215,-0.0177,3387.0,0.0303,0.0406,168.0,-0.0012,0.0086,2209.0,-0.0041,-0.0387,566837.0,-0.0078,-0.0053,11052,0.0451,-0.0137,0.4384,-0.0106,0.0286,0.0
201906,21340,"El Paso, TX",76,191950.0,0.0025,0.0969,2598,-0.0095,-0.1784,64.0,-0.0154,-0.2,1232,0.1689,0.252,60,-0.3878,-0.7761,0.0164,-0.0093,-0.0302,512.0,0.1278,-0.3535,0.1239,0.0099,-0.0166,239.0,0.067,-0.8447,104.0,0.0027,0.0382,1913.0,0.0041,0.0374,222354.0,0.0004,0.0933,2850,0.0016,-0.3948,0.092,0.0066,-0.3947,0.0
201906,17820,"Colorado Springs, CO",81,419000.0,0.0037,0.0884,1948,0.1619,-0.0521,26.0,0.0612,0.0,2000,0.0449,0.0183,92,-0.1786,-0.2333,0.0183,-0.0052,-0.0046,896.0,0.2011,-0.0628,0.1668,0.018,-0.0114,1355.0,0.0063,0.0203,153.0,0.0175,0.0776,2983.0,0.0126,0.0184,519168.0,-0.0009,-0.007,3300,0.0967,-0.0208,0.6956,-0.1076,0.0494,0.0
201906,32580,"McAllen-Edinburg-Mission, TX",84,198970.0,0.0087,0.0049,2010,0.0083,-0.0341,79.0,0.0128,-0.092,572,0.0833,0.0438,8,-0.5556,-0.5,0.003,-0.004,-0.0029,332.0,0.169,-0.0879,0.1328,0.0209,-0.0075,37.0,-0.0633,0.85,96.0,0.0017,0.037,2058.0,0.0167,-0.0544,252527.0,0.0132,0.0052,2047,0.0076,-0.0252,0.0184,-0.0014,0.0088,0.0
201905,19100,"Dallas-Fort Worth-Arlington, TX",4,364445.0,0.0123,-0.0533,22293,0.0591,0.2234,44.0,0.0,0.1892,12540,0.0037,0.005,928,-0.2516,-0.0433,0.0193,-0.0077,-0.003,10062.0,0.1489,0.1888,0.2057,0.0162,0.0152,13344.0,0.0323,-0.005,145.0,0.0017,0.0141,2521.0,0.0056,-0.0735,508262.0,-0.0011,-0.0644,35629,0.0488,0.1265,0.5986,-0.0155,-0.1374,0.0
201905,26420,"Houston-Pasadena-The Woodlands, TX",5,324728.0,0.0071,-0.0145,29109,0.0389,0.1031,50.0,0.0,0.1905,11516,-0.0052,-0.0105,1340,0.1612,-0.3819,0.0248,0.0026,-0.0178,10036.0,0.1735,-0.2512,0.1869,0.0212,-0.0749,12977.0,0.0311,-0.0082,129.0,-0.0005,0.0209,2504.0,0.0046,-0.0289,457262.0,0.0029,-0.0018,42062,0.0364,0.0664,0.4458,-0.0034,-0.05,0.0
201905,19740,"Denver-Aurora-Centennial, CO",18,515000.0,-0.0167,-0.0328,7490,0.1561,0.3738,26.0,-0.0893,0.1333,6920,0.096,0.119,304,0.0133,-0.2124,0.0144,-0.0012,-0.0064,3864.0,0.3492,0.4977,0.1838,0.0361,0.0433,7222.0,0.0548,0.0147,210.0,-0.0014,0.0514,2568.0,-0.0048,-0.107,676607.0,-0.0184,-0.0882,14763,0.1101,0.1713,0.9643,-0.0925,-0.3413,0.0
201905,41700,"San Antonio-New Braunfels, TX",25,295700.0,0.0007,-0.0133,8858,0.0325,0.1386,50.0,-0.0099,0.0,4258,0.0436,0.0519,892,0.8898,0.9822,0.0486,0.0221,0.0221,3406.0,0.1167,0.2052,0.1834,0.0125,0.0186,5401.0,0.0314,0.033,134.0,0.005,0.0365,2327.0,-0.0006,-0.0379,389291.0,0.0105,0.0016,14207,0.0327,0.0978,0.6097,-0.0007,-0.0623,0.0
201905,12420,"Austin-Round Rock-San Marcos, TX",26,370956.0,0.0026,-0.0108,7323,0.0406,-0.0151,44.0,0.0115,0.0476,4368,-0.028,0.0111,758,-0.1779,0.3633,0.0504,-0.0137,0.0137,3088.0,0.1592,0.0212,0.2042,0.0216,0.0076,3288.0,0.0248,-0.0125,168.0,0.0063,0.0051,2218.0,-0.0016,-0.0408,571300.0,0.0215,-0.0106,10576,0.0357,-0.0163,0.449,-0.0069,0.0012,0.0
201905,21340,"El Paso, TX",76,191475.0,0.0082,0.1016,2623,0.001,-0.1836,65.0,-0.0226,-0.1772,1054,-0.0453,0.1309,98,-0.2794,-0.6899,0.0257,-0.0087,-0.029,454.0,0.0509,-0.4011,0.114,0.0049,-0.0182,224.0,-0.0324,-0.8622,103.0,-0.0017,0.036,1905.0,0.0094,0.0445,222261.0,0.0157,0.1042,2846,-0.0023,-0.4107,0.0854,-0.0029,-0.4207,0.0
201905,17820,"Colorado Springs, CO",81,417450.0,0.0439,0.0702,1677,0.0651,0.0,25.0,-0.1404,-0.1171,1914,-0.0031,-0.0314,112,0.1667,-0.3,0.0235,0.0031,-0.0088,746.0,0.2475,0.0247,0.1488,0.0223,0.004,1347.0,0.0824,-0.0306,150.0,-0.0042,0.0578,2946.0,0.0245,-0.0201,519650.0,0.0355,0.048,3009,0.0758,-0.0144,0.8032,0.0128,-0.0254,0.0
201905,32580,"McAllen-Edinburg-Mission, TX",84,197250.0,0.0115,0.0102,1994,-0.0238,-0.028,78.0,0.1304,-0.0189,528,-0.1484,-0.0897,18,0.0,0.0,0.007,0.0003,0.0002,284.0,0.0441,-0.1341,0.1119,0.0116,-0.012,40.0,0.026,1.2571,96.0,0.001,0.0396,2024.0,0.0048,-0.0676,249232.0,0.0083,-0.0129,2032,-0.0231,-0.0181,0.0198,0.001,0.0113,0.0
201904,19100,"Dallas-Fort Worth-Arlington, TX",4,360000.0,0.0178,-0.0494,21049,0.0418,0.2658,44.0,-0.0435,0.1429,12494,0.1488,0.0156,1240,-0.1436,-0.5048,0.027,-0.007,-0.0333,8758.0,-0.0563,-0.0428,0.1895,-0.0286,-0.0307,12927.0,0.1253,0.0253,145.0,0.0111,0.0214,2507.0,0.0133,-0.0629,508841.0,0.0222,-0.0526,33970,0.0723,0.162,0.6141,0.0456,-0.1441,0.0
201904,26420,"Houston-Pasadena-The Woodlands, TX",5,322450.0,0.0186,-0.0184,28019,0.034,0.1226,50.0,-0.0566,0.1494,11576,0.1252,0.0149,1154,-0.1804,-0.4562,0.0222,-0.0068,-0.0211,8552.0,-0.1603,-0.2892,0.1657,-0.0441,-0.0802,12586.0,0.1251,0.0383,129.0,0.0074,0.0206,2493.0,0.0102,-0.0278,455947.0,0.0192,0.0004,40584,0.061,0.0952,0.4492,0.0363,-0.0365,0.0
201904,19740,"Denver-Aurora-Centennial, CO",18,523729.0,0.0159,-0.039,6479,0.094,0.3287,28.0,-0.0667,0.2174,6314,0.2199,0.0569,300,0.0417,-0.0909,0.0156,-0.0013,-0.0035,2864.0,0.1276,0.3984,0.1477,-0.001,0.0301,6847.0,0.1384,0.0393,210.0,0.0015,0.0456,2581.0,0.0228,-0.1161,689273.0,0.0088,-0.0925,13298,0.117,0.1618,1.0568,0.0413,-0.2942,0.0
201904,41700,"San Antonio-New Braunfels, TX",25,295500.0,0.0131,-0.0117,8579,0.0522,0.1531,51.0,-0.114,0.01,4080,0.1063,0.0619,472,-0.1128,-0.1748,0.0265,-0.0052,-0.0084,3050.0,0.0724,0.273,0.1709,0.0012,0.0245,5236.0,0.0453,0.0235,134.0,0.0051,0.0318,2329.0,0.0045,-0.033,385260.0,0.0206,-0.0001,13756,0.0526,0.1004,0.6104,-0.004,-0.0773,0.0
201904,12420,"Austin-Round Rock-San Marcos, TX",26,369995.0,0.0319,-0.0166,7037,0.0548,0.0166,44.0,-0.0938,0.0741,4494,0.1464,0.0113,922,-0.0274,0.8816,0.0641,-0.0064,0.0302,2664.0,0.1231,0.0278,0.1826,0.0062,0.0048,3208.0,0.1093,0.0347,167.0,0.0098,0.002,2222.0,0.0108,-0.0453,559294.0,0.0296,-0.039,10211,0.0714,0.0217,0.4559,0.0224,0.008,0.0
201904,21340,"El Paso, TX",76,189925.0,0.0122,0.1028,2621,-0.0266,-0.1955,67.0,-0.0362,-0.1609,1104,0.104,0.2185,136,-0.0286,-0.1707,0.0344,-0.0014,0.0061,432.0,0.0,-0.4146,0.1091,-0.0014,-0.0175,232.0,0.0571,-0.8582,104.0,0.0082,0.0394,1888.0,0.0101,0.0351,218823.0,0.0205,0.0896,2852,-0.0199,-0.4178,0.0883,0.007,-0.4128,0.0
201904,17820,"Colorado Springs, CO",81,399900.0,0.0071,-0.0007,1574,0.0328,0.0465,29.0,-0.2297,0.0962,1920,0.2565,-0.0254,96,-0.2258,-0.3043,0.0204,-0.0096,-0.0092,598.0,0.1326,0.1912,0.1265,-0.0011,0.0186,1244.0,0.1268,0.026,151.0,0.0042,0.0712,2876.0,-0.0027,-0.072,501819.0,0.0112,-0.006,2797,0.0712,0.035,0.7903,0.0659,-0.0158,0.0
201904,32580,"McAllen-Edinburg-Mission, TX",84,195000.0,0.0164,0.0,2042,-0.0318,-0.0022,69.0,-0.0676,-0.1429,620,-0.1755,0.1742,18,0.125,0.2857,0.0067,0.0013,0.0013,272.0,-0.1053,-0.1905,0.1003,-0.005,-0.0297,39.0,0.4259,1.2647,96.0,0.0035,0.0355,2015.0,0.0042,-0.0653,247171.0,0.0202,-0.0178,2080,-0.0251,0.0078,0.0189,0.0061,0.0105,0.0
201903,19100,"Dallas-Fort Worth-Arlington, TX",4,353714.0,0.018,-0.0551,20204,0.0346,0.3231,46.0,-0.1858,0.0698,10876,0.1396,0.0264,1448,-0.1073,-0.4007,0.034,-0.0072,-0.0312,9280.0,-0.0349,0.1519,0.2181,-0.0263,0.0001,11487.0,0.175,0.0352,143.0,0.011,0.0215,2474.0,0.0146,-0.0643,497774.0,0.0233,-0.0579,31679,0.0816,0.2017,0.5686,0.0679,-0.1581,0.0
201903,26420,"Houston-Pasadena-The Woodlands, TX",5,316551.0,0.0211,-0.026,27096,0.0276,0.1777,53.0,-0.1587,0.1277,10288,0.1065,0.0384,1408,-0.1833,-0.1678,0.029,-0.0091,-0.0092,10184.0,-0.0507,0.0051,0.2098,-0.0284,-0.018,11187.0,0.1779,0.0431,128.0,0.0098,0.018,2467.0,0.0085,-0.034,447379.0,0.0241,-0.0036,38251,0.0674,0.1346,0.4129,0.0527,-0.0533,0.0
201903,19740,"Denver-Aurora-Centennial, CO",18,515529.0,0.0316,-0.0086,5922,0.0778,0.3782,30.0,-0.0323,0.25,5176,0.1785,-0.0777,288,-0.0588,0.3091,0.0169,-0.0033,-0.0038,2540.0,0.2153,0.83,0.1487,0.0063,0.0176,6014.0,0.1856,14.3418,210.0,0.0091,0.0509,2523.0,0.0189,-0.0897,683268.0,0.017,-0.0417,11905,0.1287,1.5111,1.0155,0.0923,0.9243,0.0
201903,41700,"San Antonio-New Braunfels, TX",25,291667.0,0.0208,0.0023,8153,0.0203,0.1021,57.0,-0.1364,0.0755,3688,0.1068,0.0325,532,-0.24,-0.348,0.0318,-0.0127,-0.0208,2844.0,0.0349,0.3046,0.1697,-0.0039,0.0293,5009.0,0.1404,0.131,133.0,0.0107,0.035,2318.0,0.0075,-0.0256,377466.0,0.02,-0.0097,13068,0.0587,0.1091,0.6144,0.0647,0.0157,0.0
201903,12420,"Austin-Round Rock-San Marcos, TX",26,358571.0,0.0246,-0.0385,6671,0.0429,0.053,48.0,-0.2258,0.0909,3920,0.1893,0.0177,948,0.0557,0.705,0.0705,-0.0039,0.0273,2372.0,0.2753,0.1404,0.1764,0.0223,0.0201,2892.0,0.1701,0.0695,165.0,0.0092,0.0004,2198.0,0.0171,-0.0469,543203.0,0.0363,-0.0502,9530,0.0759,0.0561,0.4335,0.0471,0.0067,0.0
201903,21340,"El Paso, TX",76,187629.0,0.0143,0.105,2692,-0.033,-0.2193,69.0,-0.0676,-0.1977,1000,0.0183,0.0331,140,0.4286,-0.4615,0.0358,0.011,-0.0082,432.0,-0.0568,-0.4433,0.1105,-0.0066,-0.0197,219.0,0.1806,-0.8536,103.0,0.0064,0.0342,1869.0,0.0153,0.0359,214423.0,0.0201,0.0785,2910,-0.0181,-0.4108,0.0814,0.0147,-0.3525,0.0
201903,17820,"Colorado Springs, CO",81,397100.0,0.0183,-0.0358,1524,-0.0225,0.1607,37.0,-0.119,0.1563,1528,0.2283,-0.0329,124,-0.2346,-0.1143,0.03,-0.0134,-0.0089,528.0,0.1379,0.4667,0.1276,0.0015,0.0296,1104.0,0.1341,0.3004,150.0,0.0101,0.0637,2883.0,0.0027,-0.0734,496269.0,0.0235,-0.0388,2611,0.0419,0.2161,0.7244,0.1,0.0778,0.0
201903,32580,"McAllen-Edinburg-Mission, TX",84,191857.0,0.01,0.0103,2109,0.0152,0.0019,74.0,-0.1823,-0.1494,752,0.0712,0.3623,16,-0.1111,0.0,0.0054,-0.0011,-0.0004,304.0,-0.0675,-0.0732,0.1054,-0.0053,-0.0178,27.0,1.0769,0.9286,96.0,0.0037,0.0316,2006.0,-0.0079,-0.0531,242273.0,0.0029,-0.0201,2133,0.022,0.0066,0.0128,0.0065,0.0062,0.0
201902,19100,"Dallas-Fort Worth-Arlington, TX",4,347465.0,0.0221,-0.0595,19529,0.0281,0.3664,57.0,-0.1504,0.1771,9544,0.0192,0.0203,1622,0.2251,-0.1758,0.0412,0.0057,-0.0179,9616.0,0.0518,0.4104,0.2444,-0.0026,0.0395,9776.0,0.3265,-0.0451,142.0,0.0115,0.0198,2439.0,0.0097,-0.0745,486417.0,0.0302,-0.0645,29290,0.1113,0.1893,0.5006,0.1126,-0.2157,0.0
201902,26420,"Houston-Pasadena-The Woodlands, TX",5,310000.0,0.0112,-0.0325,26367,0.0105,0.1879,63.0,-0.131,0.0161,9298,0.1061,0.0936,1724,-0.0092,-0.0315,0.0381,-0.0029,-0.0055,10728.0,0.1702,0.2654,0.2382,0.0221,0.0295,9498.0,0.3004,0.0053,127.0,0.0085,0.0163,2447.0,0.0002,-0.032,436863.0,0.014,-0.0098,35836,0.0733,0.1333,0.3602,0.0803,-0.0654,0.0
201902,19740,"Denver-Aurora-Centennial, CO",18,499750.0,0.0251,-0.0397,5495,0.0078,0.3984,31.0,-0.4464,0.0,4392,0.0991,-0.0223,306,0.1953,0.1769,0.0202,0.0002,-0.0099,2090.0,-0.0342,0.8795,0.1424,-0.0187,0.0161,5073.0,0.2962,13.3697,208.0,0.0167,0.0538,2477.0,0.0047,-0.1101,671855.0,0.024,-0.0542,10548,0.1248,1.4595,0.9232,0.2054,0.8334,0.0
201902,41700,"San Antonio-New Braunfels, TX",25,285725.0,0.0025,0.0026,7991,0.007,0.0958,66.0,-0.0865,-0.0075,3332,0.0419,0.1234,700,0.0574,0.1745,0.0445,-0.0012,0.0023,2748.0,0.0441,0.2841,0.1736,-0.0019,0.0216,4393.0,0.2815,0.1523,132.0,0.0066,0.0367,2301.0,0.0051,-0.0218,370081.0,-0.0027,-0.0138,12343,0.091,0.1151,0.5497,0.1178,0.027,0.0
201902,12420,"Austin-Round Rock-San Marcos, TX",26,349950.0,0.0042,-0.0425,6397,-0.0076,0.0874,62.0,-0.1788,0.042,3296,0.0835,0.0274,898,0.5118,0.3052,0.0744,0.0236,0.0154,1860.0,-0.0138,0.1328,0.154,-0.0223,0.0105,2472.0,0.3015,0.0365,164.0,0.0054,-0.0018,2161.0,0.0084,-0.0508,524155.0,0.0169,-0.0719,8858,0.0613,0.074,0.3864,0.0918,-0.019,0.0
201902,21340,"El Paso, TX",76,184975.0,0.0068,0.0995,2784,-0.0045,-0.2113,74.0,-0.103,-0.26,982,0.0536,0.0447,98,-0.3875,-0.2344,0.0248,-0.0158,0.003,458.0,0.0178,-0.3958,0.1171,0.0058,-0.015,186.0,-0.1756,-0.8521,102.0,0.0092,0.0385,1841.0,0.0003,0.0225,210193.0,0.0058,0.0686,2964,-0.0154,-0.3802,0.0666,-0.0138,-0.2886,0.0
201902,17820,"Colorado Springs, CO",81,389971.0,0.0196,-0.0188,1559,-0.0479,0.2623,42.0,-0.3171,-0.0118,1244,0.0989,0.0114,162,-0.0122,0.3279,0.0434,-0.0013,0.0059,464.0,0.0841,0.6812,0.1261,0.0047,0.0414,974.0,0.2093,0.1886,149.0,0.0183,0.0548,2876.0,0.0069,-0.0688,484873.0,0.0139,-0.0321,2506,0.0302,0.2257,0.6244,0.1328,-0.0387,0.0
201902,32580,"McAllen-Edinburg-Mission, TX",84,189950.0,0.0013,0.0003,2078,0.0318,-0.0135,91.0,0.0,-0.0573,702,0.3448,0.2581,18,0.125,0.5,0.0065,0.0004,0.0019,326.0,0.2937,0.0584,0.1107,0.0132,-0.0038,13.0,0.1304,-0.2571,95.0,0.0073,0.0316,2022.0,-0.0052,-0.0427,241573.0,-0.0013,-0.0079,2087,0.0314,-0.0177,0.0063,0.0005,-0.0021,0.0
201901,19100,"Dallas-Fort Worth-Arlington, TX",4,339945.0,-0.0001,-0.0423,18995,-0.0751,0.3281,67.0,0.0231,0.0391,9364,0.4069,0.1293,1324,-0.1867,-0.1946,0.0356,-0.0114,-0.0168,9142.0,-0.0178,0.3261,0.2471,-0.0124,0.0246,7370.0,-0.1508,-0.1098,140.0,0.0017,0.0251,2415.0,-0.009,-0.0674,472167.0,-0.01,-0.0497,26355,-0.0978,0.1621,0.388,-0.0346,-0.1909,0.0
201901,26420,"Houston-Pasadena-The Woodlands, TX",5,306578.0,-0.0043,-0.0337,26094,-0.0399,0.1719,73.0,0.0821,0.0,8406,0.294,0.0982,1740,-0.2577,0.3222,0.041,-0.0125,0.0064,9168.0,0.0035,0.2,0.2161,-0.01,0.0139,7304.0,-0.1371,-0.0402,126.0,0.0073,0.0214,2446.0,-0.0081,-0.0317,430842.0,-0.0031,-0.0075,33388,-0.0624,0.1156,0.2799,-0.0315,-0.0619,0.0
201901,19740,"Denver-Aurora-Centennial, CO",18,487500.0,0.0177,-0.0659,5452,-0.1254,0.4364,56.0,-0.0175,0.037,3996,0.5782,0.0315,256,0.0,-0.0376,0.02,0.0014,-0.0168,2164.0,0.065,1.3021,0.1611,0.0064,0.0408,3914.0,-0.1089,14.0809,205.0,0.0129,0.042,2465.0,0.0024,-0.1079,656098.0,0.0131,-0.0779,9378,-0.1157,1.3009,0.7178,0.0133,0.6494,0.0
201901,41700,"San Antonio-New Braunfels, TX",25,285000.0,0.0,0.0038,7936,-0.0563,0.0964,72.0,0.0321,-0.0103,3198,0.3303,0.1324,662,0.3792,-0.115,0.0457,0.0135,-0.0052,2632.0,0.2208,0.2902,0.1755,0.0255,0.0165,3428.0,-0.0466,0.0914,131.0,0.0066,0.0411,2289.0,-0.0061,-0.0201,371097.0,-0.005,-0.0075,11314,-0.0546,0.0906,0.4319,0.0044,-0.002,0.0
201901,12420,"Austin-Round Rock-San Marcos, TX",26,348495.0,-0.0014,-0.0317,6446,-0.0908,0.0909,76.0,0.0786,0.0486,3042,0.4322,0.1368,594,0.0839,0.0034,0.0508,-0.0012,-0.0051,1886.0,0.1226,0.1055,0.1763,0.0183,0.0161,1899.0,-0.1089,-0.0199,163.0,-0.0017,0.001,2143.0,-0.0097,-0.0488,515425.0,0.0014,-0.071,8346,-0.0932,0.0643,0.2946,-0.006,-0.0333,0.0
201901,21340,"El Paso, TX",76,183725.0,0.0213,0.0939,2797,-0.0641,-0.2018,83.0,0.1301,-0.1495,932,0.5032,0.0737,160,0.5385,-0.3701,0.0406,0.0194,-0.0043,450.0,0.3554,-0.3098,0.1113,0.0435,-0.0047,225.0,-0.8263,-0.8003,101.0,0.0084,0.0317,1840.0,-0.0086,0.0222,208978.0,0.0108,0.0602,3010,-0.2943,-0.3492,0.0805,-0.3529,-0.2411,0.0
201901,17820,"Colorado Springs, CO",81,382475.0,0.0199,-0.0147,1638,-0.1485,0.2514,62.0,0.0082,0.1389,1132,0.415,-0.0018,164,0.5769,0.4643,0.0447,0.0172,0.0097,428.0,-0.1301,0.3049,0.1213,-0.0087,0.0198,805.0,-0.1134,0.0641,146.0,0.0128,0.0548,2856.0,0.0067,-0.0674,478212.0,0.0067,-0.0161,2433,-0.1359,0.1823,0.4916,0.0194,-0.0865,0.0
201901,32580,"McAllen-Edinburg-Mission, TX",84,189700.0,-0.0011,0.0037,2014,-0.0178,-0.0426,91.0,0.0647,-0.1084,522,0.1447,-0.1242,16,1.0,0.3333,0.0062,0.003,0.0015,252.0,0.1887,-0.131,0.0974,0.0128,-0.0156,12.0,-0.1786,-0.303,95.0,0.0055,0.0344,2033.0,-0.0088,-0.0418,241879.0,0.0017,-0.0058,2024,-0.0196,-0.0453,0.0057,-0.0011,-0.0021,0.0
201812,19100,"Dallas-Fort Worth-Arlington, TX",4,339990.0,-0.0142,-0.0286,20538,-0.0818,0.3073,65.0,0.1111,0.0833,6656,-0.2204,-0.0136,1628,-0.0061,-0.2277,0.0469,0.0065,-0.0226,9308.0,-0.2246,0.2267,0.2595,-0.0368,0.0221,8679.0,-0.0851,-0.1157,140.0,0.0009,0.0318,2437.0,-0.013,-0.0518,476952.0,-0.0122,-0.0336,29213,-0.0816,0.1448,0.4226,-0.0016,-0.2021,0.0
201812,26420,"Houston-Pasadena-The Woodlands, TX",5,307900.0,-0.0067,-0.0225,27179,-0.039,0.1281,67.0,0.0894,0.0,6496,-0.1661,0.0741,2344,0.4761,0.4505,0.0535,0.0186,0.0134,9136.0,-0.2503,0.1044,0.226,-0.0417,0.013,8464.0,-0.1037,-0.052,125.0,0.0018,0.0214,2466.0,-0.0064,-0.0268,432185.0,-0.0093,0.0025,35608,-0.0558,0.0792,0.3114,-0.0225,-0.0591,0.0
201812,19740,"Denver-Aurora-Centennial, CO",18,479000.0,0.0085,-0.078,6234,-0.1925,0.5124,57.0,0.3103,-0.0339,2532,-0.3172,-0.0495,256,0.2427,0.2308,0.0186,0.0051,-0.0086,2032.0,-0.4639,1.2578,0.1547,-0.0756,0.029,4392.0,-0.1181,10.6499,202.0,0.0094,0.0426,2459.0,-0.0031,-0.1177,647629.0,0.0127,-0.0796,10605,-0.1645,1.3588,0.7045,0.0594,0.6131,0.0
201812,41700,"San Antonio-New Braunfels, TX",25,285000.0,0.0,0.0137,8409,-0.0267,0.0931,70.0,0.0938,0.0,2404,-0.1716,0.113,480,0.1429,0.2371,0.0322,0.0052,0.0031,2156.0,-0.3207,-0.0577,0.15,-0.0549,-0.013,3595.0,-0.0763,0.0213,130.0,0.0021,0.0398,2303.0,-0.0035,-0.0225,372954.0,-0.0005,0.0025,11967,-0.0401,0.0715,0.4275,-0.0229,-0.03,0.0
201812,12420,"Austin-Round Rock-San Marcos, TX",26,348967.0,-0.0027,-0.0369,7089,-0.1033,0.0899,70.0,0.12,0.0,2124,-0.2104,0.0114,548,0.2124,0.2685,0.0519,0.0154,0.0132,1680.0,-0.4282,0.123,0.158,-0.0662,0.0239,2131.0,-0.102,-0.0504,163.0,-0.0021,0.005,2164.0,-0.0039,-0.0425,514686.0,-0.0263,-0.0706,9204,-0.1033,0.0542,0.3006,0.0004,-0.0444,0.0
201812,21340,"El Paso, TX",76,179900.0,0.008,0.068,2988,-0.0499,-0.1778,73.0,0.0429,-0.131,620,-0.1821,0.0065,104,0.1304,-0.5738,0.0212,0.0033,-0.0224,332.0,-0.4503,-0.3942,0.0678,-0.0465,-0.0303,1295.0,0.0473,0.0774,100.0,0.0017,0.0308,1856.0,-0.0005,0.026,206749.0,0.0146,0.0446,4265,-0.0245,-0.1164,0.4334,0.0402,0.1026,0.0
201812,17820,"Colorado Springs, CO",81,375000.0,0.0166,-0.0119,1923,-0.1761,0.2455,61.0,0.2979,0.0893,800,-0.287,-0.0868,104,0.4444,0.3,0.0275,0.0104,0.0023,492.0,-0.4698,0.23,0.1301,-0.078,0.0139,908.0,-0.0678,0.1155,144.0,0.0145,0.0576,2837.0,-0.0008,-0.0637,475012.0,0.0183,-0.0196,2815,-0.1475,0.1994,0.4722,0.0549,-0.055,0.0
201812,32580,"McAllen-Edinburg-Mission, TX",84,189900.0,-0.0002,-0.0003,2050,-0.0163,-0.0443,85.0,0.0828,-0.1414,456,0.0317,0.0556,8,-0.4286,-0.3333,0.0032,-0.0024,-0.0015,212.0,-0.298,-0.1719,0.0846,-0.0344,-0.0132,14.0,0.2174,-0.0667,94.0,0.008,0.0294,2051.0,-0.0056,-0.0389,241472.0,-0.0081,-0.0164,2064,-0.0146,-0.0453,0.0068,0.0013,-0.0002,0.0
201811,19100,"Dallas-Fort Worth-Arlington, TX",4,344900.0,-0.0003,-0.0146,22367,-0.0191,0.2353,59.0,0.0446,0.0833,8538,0.0007,0.0525,1638,-0.1212,-0.181,0.0405,-0.0055,-0.014,12004.0,-0.162,0.1428,0.2963,-0.051,0.0103,9487.0,-0.0354,-0.097,140.0,0.0023,0.0345,2469.0,-0.0118,-0.0487,482839.0,0.0004,-0.0291,31809,-0.0258,0.1121,0.4241,-0.0072,-0.1561,0.0
201811,26420,"Houston-Pasadena-The Woodlands, TX",5,309975.0,-0.0041,-0.0158,28281,-0.0194,0.1103,62.0,0.0082,-0.0315,7790,-0.0711,0.0417,1588,-0.0124,-0.0536,0.0349,0.0004,-0.0044,12186.0,-0.0846,0.144,0.2677,-0.0148,0.018,9444.0,-0.0377,-0.026,125.0,0.0032,0.0257,2482.0,-0.0038,-0.0228,436231.0,0.0005,0.0066,37714,-0.0217,0.0722,0.3339,-0.0064,-0.0467,0.0
201811,19740,"Denver-Aurora-Centennial, CO",18,474955.0,-0.0103,-0.0386,7720,-0.0466,0.4302,44.0,0.1757,-0.0645,3708,-0.1389,-0.0237,206,-0.2197,-0.0636,0.0135,-0.0016,-0.0102,3790.0,-0.2237,0.9278,0.2303,-0.0498,0.0283,4980.0,-0.0688,9.9211,200.0,0.0012,0.0477,2467.0,-0.0109,-0.0912,639519.0,-0.01,-0.0535,12693,-0.0553,1.1696,0.6451,-0.0154,0.5606,0.0
201811,41700,"San Antonio-New Braunfels, TX",25,285000.0,-0.0016,0.018,8640,-0.0064,0.0661,64.0,0.0281,-0.0229,2902,0.0076,0.1162,420,0.1351,-0.2075,0.0271,0.0032,-0.0089,3174.0,-0.0736,0.218,0.2049,-0.0136,0.0267,3892.0,-0.0224,-0.0065,130.0,0.0006,0.0496,2311.0,-0.0105,-0.0288,373157.0,-0.0137,0.0019,12467,-0.0124,0.0407,0.4505,-0.0074,-0.0329,0.0
201811,12420,"Austin-Round Rock-San Marcos, TX",26,349900.0,-0.0003,-0.0414,7906,-0.0523,0.0596,63.0,0.0504,-0.0234,2690,-0.1175,0.0075,452,-0.0924,0.527,0.0365,0.0005,0.0136,2938.0,-0.1784,0.1414,0.2242,-0.0424,0.023,2373.0,-0.0077,-0.0765,163.0,0.005,0.0094,2173.0,-0.0039,-0.0482,528593.0,-0.0092,-0.0436,10264,-0.043,0.0272,0.3002,0.0135,-0.0442,0.0
201811,21340,"El Paso, TX",76,178475.0,0.0085,0.06,3145,-0.0138,-0.2238,70.0,0.0606,-0.0345,758,-0.1902,-0.2186,92,-0.3134,-0.3784,0.018,-0.0073,-0.0052,604.0,-0.186,-0.1246,0.1144,-0.0256,0.005,1237.0,-0.0194,-0.0332,100.0,0.0028,0.0453,1857.0,-0.0003,0.0187,203765.0,0.0052,-0.0329,4372,-0.0155,-0.1787,0.3932,-0.0023,0.0775,0.0
201811,17820,"Colorado Springs, CO",81,368871.0,0.0031,-0.0032,2334,-0.0327,0.2304,47.0,0.0444,-0.0962,1122,-0.181,0.0275,72,-0.55,0.2857,0.0171,-0.0146,0.002,928.0,-0.2068,0.5213,0.2081,-0.0335,0.0509,974.0,-0.1346,0.057,142.0,-0.0015,0.0503,2839.0,0.0072,-0.0559,466477.0,0.0048,-0.0331,3302,-0.0658,0.1829,0.4173,-0.0491,-0.0685,0.0
201811,32580,"McAllen-Edinburg-Mission, TX",84,189935.0,-0.0108,-0.0232,2084,0.0307,-0.0407,79.0,0.0064,-0.1278,442,-0.2022,-0.009,14,0.4,2.5,0.0056,0.0018,0.0041,302.0,-0.0563,0.1797,0.119,-0.0024,0.0242,12.0,-0.2333,-0.3947,94.0,0.0034,0.0219,2062.0,-0.0043,-0.0379,243436.0,-0.0015,-0.0245,2095,0.029,-0.0443,0.0055,-0.0019,-0.0032,0.0
201810,19100,"Dallas-Fort Worth-Arlington, TX",4,345000.0,-0.007,-0.0155,22803,0.0071,0.2192,56.0,0.0769,0.0769,8532,-0.1015,-0.0469,1864,-0.1273,-0.1796,0.0459,-0.0044,-0.0131,14324.0,-0.0047,0.2732,0.3474,0.0111,0.0565,9835.0,-0.0749,-0.0969,140.0,0.0037,0.035,2499.0,-0.007,-0.0445,482652.0,-0.0009,-0.0328,32650,-0.0185,0.1039,0.4313,-0.0382,-0.1509,0.0
201810,26420,"Houston-Pasadena-The Woodlands, TX",5,311239.0,-0.0119,0.004,28840,-0.0091,0.0941,61.0,0.0517,-0.0896,8386,0.0237,-0.0002,1608,-0.1007,-0.1804,0.0345,-0.0029,-0.0092,13312.0,-0.0649,0.1602,0.2825,-0.0182,0.0245,9814.0,-0.0494,-0.0293,124.0,-0.001,0.0283,2492.0,-0.0066,-0.0187,436000.0,-0.0029,0.0159,38550,-0.0243,0.06,0.3403,-0.0144,-0.0433,0.0
201810,19740,"Denver-Aurora-Centennial, CO",18,479900.0,-0.0186,-0.0104,8097,0.0262,0.2469,37.0,0.0278,-0.0976,4306,-0.1262,-0.0659,264,-0.1646,0.0313,0.0151,-0.0015,-0.0084,4882.0,0.082,0.6482,0.2801,0.0421,0.0232,5348.0,-0.0634,9.2159,200.0,0.0059,0.059,2494.0,-0.0378,-0.0723,645947.0,-0.0268,-0.0183,13436,-0.0017,0.9156,0.6605,-0.0632,0.5799,0.0
201810,41700,"San Antonio-New Braunfels, TX",25,285450.0,-0.0054,0.0195,8696,-0.0013,0.0365,62.0,0.0551,-0.0349,2880,-0.0231,-0.0083,370,-0.1106,-0.4127,0.0238,-0.0027,-0.0172,3426.0,0.0221,0.1559,0.2185,0.0113,0.0252,3981.0,-0.0456,-0.0222,130.0,0.0025,0.0506,2336.0,-0.0087,-0.0249,378349.0,-0.0028,0.0149,12623,-0.02,0.018,0.4578,-0.0212,-0.0275,0.0
201810,12420,"Austin-Round Rock-San Marcos, TX",26,349995.0,-0.0251,-0.0411,8342,-0.0027,0.0387,60.0,0.0439,-0.0846,3048,-0.033,0.0431,498,-0.1294,0.0596,0.0361,-0.0044,0.0004,3576.0,-0.0304,0.0599,0.2666,0.0054,0.0132,2392.0,-0.0945,-0.0655,163.0,-0.002,0.006,2181.0,-0.0145,-0.0528,533497.0,-0.0037,-0.0401,10726,-0.0221,0.0158,0.2867,-0.0291,-0.032,0.0
201810,21340,"El Paso, TX",76,176975.0,-0.0027,0.0551,3189,0.0367,-0.217,66.0,-0.0704,-0.1484,936,-0.0602,-0.0769,134,-0.1829,-0.5411,0.0253,-0.0062,-0.0207,742.0,-0.0631,-0.0536,0.1399,-0.0113,0.0177,1261.0,-0.0519,-0.0255,100.0,0.0,0.0464,1858.0,-0.0024,0.0195,202715.0,-0.005,-0.0317,4441,0.0084,-0.171,0.3954,-0.037,0.0777,0.0
201810,17820,"Colorado Springs, CO",81,367748.0,0.0078,0.0029,2413,-0.0143,0.1688,45.0,0.1538,-0.1262,1370,-0.124,0.0555,160,0.0,0.5385,0.0317,0.0023,0.0079,1170.0,-0.0503,0.448,0.2416,0.0058,0.0585,1126.0,-0.051,0.0938,142.0,-0.0007,0.0719,2819.0,0.0164,-0.0645,464228.0,0.0107,-0.0083,3535,-0.0217,0.1502,0.4664,-0.018,-0.032,0.0
201810,32580,"McAllen-Edinburg-Mission, TX",84,192000.0,-0.0226,-0.0007,2022,0.0161,-0.0752,78.0,-0.1034,-0.0877,554,0.2591,0.1036,10,-0.375,0.25,0.0037,-0.0028,0.0007,320.0,-0.0588,-0.0643,0.1214,-0.0198,-0.0058,15.0,-0.2105,-0.2105,93.0,0.0019,0.02,2071.0,-0.0282,-0.0258,243792.0,-0.025,-0.0203,2036,0.0142,-0.0771,0.0074,-0.0021,-0.0013,0.0
201809,19100,"Dallas-Fort Worth-Arlington, TX",4,347436.0,-0.0073,-0.0073,22643,0.0044,0.1962,52.0,0.1183,0.0612,9496,-0.0602,0.0542,2136,-0.1617,-0.1429,0.0503,-0.0067,-0.012,14392.0,-0.0401,0.1318,0.3363,0.0027,0.0212,10631.0,-0.0841,-0.0589,139.0,-0.0032,0.0347,2516.0,-0.0137,-0.0404,483076.0,-0.0073,-0.028,33266,-0.0257,0.0979,0.4695,-0.0454,-0.1273,0.0
201809,26420,"Houston-Pasadena-The Woodlands, TX",5,315000.0,-0.0122,0.0274,29104,-0.016,0.0517,58.0,0.1048,-0.0794,8192,-0.1542,0.0819,1788,-0.1244,-0.0745,0.0375,-0.0031,-0.004,14236.0,-0.0406,0.272,0.3007,0.0049,0.0568,10324.0,-0.0877,0.0143,125.0,0.0014,0.0417,2508.0,-0.0108,-0.0083,437281.0,-0.0046,0.0334,39512,-0.0345,0.0444,0.3547,-0.0279,-0.0131,0.0
201809,19740,"Denver-Aurora-Centennial, CO",18,489000.0,-0.0121,0.0085,7890,0.0618,0.1236,36.0,0.1429,-0.027,4928,-0.0199,-0.0276,316,0.1127,0.0,0.0166,0.0014,-0.0064,4512.0,0.0577,0.3193,0.2381,0.0093,-0.0178,5710.0,-0.0784,9.8969,199.0,0.0027,0.0619,2592.0,-0.0135,-0.0404,663764.0,-0.0139,0.0129,13459,-0.0111,0.7798,0.7237,-0.1101,0.6491,0.0
201809,41700,"San Antonio-New Braunfels, TX",25,287000.0,-0.0143,0.0136,8707,-0.0206,0.0192,59.0,0.0536,0.0,2948,-0.1945,0.0014,416,0.1492,-0.35,0.0265,0.005,-0.0103,3352.0,-0.0346,0.0423,0.2072,0.0029,-0.0026,4171.0,-0.0698,0.0191,129.0,-0.0004,0.0533,2356.0,-0.0097,-0.0196,379427.0,-0.0083,0.0073,12880,-0.0342,0.0152,0.479,-0.0253,-0.0001,0.0
201809,12420,"Austin-Round Rock-San Marcos, TX",26,359000.0,-0.0096,-0.0319,8364,-0.0005,0.0048,57.0,0.0962,-0.05,3152,-0.103,0.0975,572,0.3364,0.2222,0.0405,0.0113,0.0061,3688.0,-0.0011,0.0406,0.2612,0.0092,0.004,2641.0,-0.0874,0.0177,163.0,-0.0059,0.0072,2213.0,-0.0103,-0.0467,535475.0,-0.0055,-0.0434,10968,-0.0222,0.0027,0.3158,-0.0301,0.004,0.0
201809,21340,"El Paso, TX",76,177450.0,0.0011,0.0566,3076,0.0029,-0.2084,71.0,0.0071,-0.1647,996,0.0596,0.0,164,-0.012,-0.0682,0.0315,0.0007,0.0023,792.0,-0.0726,-0.005,0.1512,-0.0077,0.0201,1330.0,-0.0401,0.0215,100.0,-0.0021,0.0624,1862.0,0.0008,0.0103,203739.0,-0.0024,-0.0388,4404,-0.0101,-0.1506,0.4324,-0.0194,0.0973,0.0
201809,17820,"Colorado Springs, CO",81,364900.0,-0.001,-0.0003,2448,-0.0071,0.0987,39.0,0.0685,-0.2041,1564,-0.0896,0.0983,160,0.3115,1.3529,0.0294,0.0063,0.0149,1232.0,-0.0751,0.2996,0.2357,-0.0089,0.0481,1186.0,-0.0038,0.0154,143.0,0.0009,0.0776,2774.0,0.0016,-0.0807,459296.0,-0.007,-0.0056,3613,-0.003,0.0708,0.4845,0.0016,-0.0398,0.0
201809,32580,"McAllen-Edinburg-Mission, TX",84,196450.0,0.0055,0.0345,1990,-0.0102,-0.0892,87.0,0.0175,0.061,440,-0.1667,-0.1339,16,0.1429,0.0,0.0065,0.0011,0.0006,340.0,0.1409,-0.023,0.1412,0.0247,0.0114,19.0,0.3571,0.1176,93.0,0.0026,0.0201,2131.0,0.0027,-0.0014,250037.0,0.0023,0.0022,2007,-0.0084,-0.0886,0.0095,0.0026,0.0018,0.0
201808,19100,"Dallas-Fort Worth-Arlington, TX",4,350000.0,-0.0437,-0.0196,22543,0.0223,0.1775,47.0,0.1625,0.0568,10104,-0.1287,-0.0511,2548,1.0158,-0.1812,0.0571,0.0299,-0.0186,14994.0,0.2625,0.1661,0.3336,0.079,0.0235,11608.0,-0.0728,-0.0671,139.0,-0.0127,0.0389,2551.0,-0.0287,-0.0408,486626.0,-0.0482,-0.0227,34144,-0.0121,0.0846,0.5149,-0.0528,-0.135,0.0
201808,26420,"Houston-Pasadena-The Woodlands, TX",5,318900.0,-0.011,0.0405,29577,0.0144,-0.027,53.0,0.0396,0.0096,9686,-0.0674,0.0033,2042,-0.0916,0.2054,0.0406,-0.003,0.007,14838.0,-0.0571,-0.0426,0.2958,-0.0075,-0.0069,11317.0,-0.0382,0.0291,124.0,-0.0055,0.0448,2536.0,-0.0086,-0.0018,439322.0,-0.0168,0.0472,40925,-0.0003,-0.0107,0.3826,-0.0209,0.0209,0.0
201808,19740,"Denver-Aurora-Centennial, CO",18,495000.0,-0.0099,0.0221,7431,0.0424,0.0517,32.0,0.05,-0.087,5028,-0.0868,-0.1044,284,-0.2067,-0.1598,0.0152,-0.003,-0.0108,4266.0,0.0686,0.158,0.2287,0.0256,-0.0462,6196.0,-0.0513,9.1741,198.0,0.0035,0.0698,2628.0,-0.0301,-0.0368,673101.0,-0.0325,0.0289,13610,-0.0008,0.774,0.8338,-0.0824,0.7476,0.0
201808,41700,"San Antonio-New Braunfels, TX",25,291175.0,-0.013,0.0186,8890,0.0322,0.0301,56.0,0.0769,0.0667,3660,-0.024,0.0184,362,-0.5237,-0.4532,0.0215,-0.0228,-0.0194,3472.0,-0.081,0.0352,0.2043,-0.0152,0.005,4484.0,-0.0778,-0.0174,129.0,0.0021,0.053,2379.0,-0.0048,-0.0204,382621.0,-0.0114,0.0051,13336,-0.0056,0.0121,0.5044,-0.0602,-0.0244,0.0
201808,12420,"Austin-Round Rock-San Marcos, TX",26,362481.0,-0.0174,-0.0376,8369,0.0147,-0.0288,52.0,0.04,0.0097,3514,-0.1122,0.0597,428,-0.2721,0.1955,0.0292,-0.0086,0.0043,3692.0,-0.0582,-0.0752,0.252,0.0021,-0.0107,2894.0,-0.1051,-0.0211,164.0,-0.0056,0.0074,2236.0,-0.0166,-0.0434,538457.0,-0.0223,-0.0356,11217,-0.0212,-0.0291,0.3458,-0.0463,0.0027,0.0
201808,21340,"El Paso, TX",76,177250.0,0.0033,0.0554,3067,-0.0288,-0.2168,71.0,-0.0903,-0.135,940,0.033,0.0562,166,0.0375,0.0779,0.0308,0.0023,0.0057,854.0,0.0838,0.0921,0.159,0.0189,0.0318,1386.0,-0.0468,0.0309,100.0,-0.0033,0.0667,1861.0,0.007,0.0095,204237.0,-0.0059,-0.0354,4449,-0.0349,-0.1531,0.4517,-0.0085,0.1085,0.0
201808,17820,"Colorado Springs, CO",81,365276.0,-0.0235,0.0219,2466,0.0588,0.0199,37.0,0.1774,-0.0988,1718,-0.127,0.0214,122,-0.1757,0.0,0.0231,-0.0036,-0.0001,1332.0,0.0673,0.1082,0.2446,0.0224,0.0156,1191.0,-0.0615,-0.0484,142.0,0.006,0.0917,2769.0,-0.0204,-0.0822,462516.0,-0.0576,0.0095,3624,0.0136,-0.0052,0.4829,-0.0619,-0.0346,0.0
201808,32580,"McAllen-Edinburg-Mission, TX",84,195375.0,0.0019,0.0337,2011,-0.024,-0.0857,86.0,-0.0552,0.125,528,0.0,-0.1456,14,0.1667,-0.125,0.0054,0.0008,-0.0002,298.0,0.1462,-0.0859,0.1165,0.0147,0.0024,14.0,-0.2222,0.0,93.0,0.0009,0.0197,2125.0,-0.0188,0.0096,249455.0,-0.0015,0.0093,2024,-0.0262,-0.0852,0.007,-0.0018,0.0006,0.0
201807,19100,"Dallas-Fort Worth-Arlington, TX",4,366000.0,-0.0237,-0.0076,22051,0.0942,0.207,40.0,0.0256,-0.0698,11596,-0.0974,0.0204,1264,0.1286,-0.6251,0.0272,0.0028,-0.0505,11876.0,0.1557,-0.0748,0.2546,0.0328,-0.0411,12519.0,-0.0418,-0.0473,141.0,-0.0058,0.0388,2627.0,-0.017,-0.0315,511291.0,-0.0266,-0.0233,34564,0.0377,0.0972,0.5677,-0.0806,-0.1515,0.0
201807,26420,"Houston-Pasadena-The Woodlands, TX",5,322450.0,-0.0199,0.0241,29158,0.0481,-0.026,51.0,0.1477,-0.0098,10386,-0.0599,-0.0101,2248,-0.0602,0.2112,0.0436,-0.0026,0.0072,15736.0,0.0693,-0.0393,0.3034,0.0152,-0.0078,11766.0,-0.0691,0.0194,125.0,-0.0081,0.0426,2558.0,-0.0087,-0.0014,446843.0,-0.0184,0.0467,40937,0.0148,-0.0131,0.4035,-0.0508,0.018,0.0
201807,19740,"Denver-Aurora-Centennial, CO",18,499950.0,-0.0386,0.01,7129,0.1035,0.0416,30.0,0.25,0.0,5506,-0.1244,-0.1027,358,0.2431,0.0287,0.0182,0.0037,-0.0081,3992.0,0.1354,0.1591,0.2032,0.0258,-0.0449,6531.0,-0.0484,9.6023,198.0,-0.0055,0.0681,2709.0,-0.0217,-0.0347,695731.0,-0.0309,0.0514,13622,0.0171,0.8289,0.9162,-0.1462,0.8262,0.0
201807,41700,"San Antonio-New Braunfels, TX",25,295000.0,-0.015,0.0085,8613,0.0432,0.0221,52.0,0.04,0.04,3750,-0.0234,0.0146,760,0.092,0.2667,0.0443,0.0043,0.0085,3778.0,0.1086,0.1851,0.2194,0.0238,0.0293,4863.0,-0.0443,-0.0216,129.0,-0.0046,0.0434,2391.0,-0.0069,-0.0306,387041.0,-0.0083,-0.0026,13411,0.0119,0.012,0.5646,-0.0517,-0.0253,0.0
201807,12420,"Austin-Round Rock-San Marcos, TX",26,368900.0,-0.016,-0.0418,8247,0.0383,-0.0191,50.0,0.087,0.0638,3958,-0.0356,-0.0346,588,0.2149,0.1221,0.0378,0.0062,0.0044,3920.0,0.0448,-0.0258,0.2498,0.0066,-0.0061,3234.0,-0.0065,-0.0015,165.0,-0.0084,0.0068,2274.0,-0.0106,-0.0386,550738.0,-0.0336,-0.0469,11460,0.0228,-0.0139,0.3921,-0.0177,0.0069,0.0
201807,21340,"El Paso, TX",76,176663.0,0.0095,0.0519,3158,-0.0013,-0.2123,78.0,-0.0313,-0.0064,910,-0.0752,-0.1043,160,-0.403,0.0,0.0285,-0.0181,0.0029,788.0,-0.0051,0.0,0.1401,-0.0005,0.0197,1454.0,-0.0556,0.092,100.0,0.0053,0.0705,1848.0,0.0019,-0.0003,205447.0,0.0102,-0.0363,4610,-0.021,-0.1323,0.4603,-0.0265,0.1283,0.0
201807,17820,"Colorado Springs, CO",81,374083.0,-0.0283,0.0252,2329,0.1331,-0.0338,31.0,0.1923,-0.1389,1968,0.002,0.0082,148,0.2333,0.0278,0.0268,0.0038,0.0014,1248.0,0.3054,0.023,0.2222,0.044,0.0077,1269.0,-0.0448,-0.0167,142.0,-0.0025,0.0859,2827.0,-0.0349,-0.0624,490802.0,-0.0613,0.0678,3576,0.061,-0.0191,0.5448,-0.1015,0.0095,0.0
201807,32580,"McAllen-Edinburg-Mission, TX",84,195000.0,-0.0152,0.0263,2060,-0.0101,-0.0214,91.0,0.0402,0.1313,528,-0.0365,-0.1592,12,-0.25,0.5,0.0046,-0.0014,0.0017,260.0,-0.2857,-0.1875,0.1018,-0.0386,-0.0152,18.0,-0.1,0.2,93.0,-0.0031,0.0179,2166.0,-0.0048,0.0081,249817.0,-0.0056,0.0011,2079,-0.0102,-0.0191,0.0087,-0.0009,0.0016,0.0
201806,19100,"Dallas-Fort Worth-Arlington, TX",4,374900.0,-0.0261,-0.0003,20153,0.106,0.1942,39.0,0.0541,-0.025,12848,0.0297,0.1043,1120,0.1546,-0.6304,0.0243,0.0021,-0.0474,10276.0,0.2141,-0.0155,0.2217,0.0313,-0.0311,13065.0,-0.0258,-0.0344,142.0,-0.008,0.0385,2672.0,-0.018,-0.0299,525258.0,-0.0331,-0.0286,33307,0.0531,0.0944,0.6483,-0.0877,-0.1535,0.0
201806,26420,"Houston-Pasadena-The Woodlands, TX",5,328993.0,-0.0015,0.0298,27819,0.0543,-0.0309,44.0,0.0476,-0.0737,11048,-0.0507,0.0226,2392,0.1033,0.2629,0.0462,0.0035,0.0098,14716.0,0.098,-0.0213,0.2882,0.0263,-0.0051,12639.0,-0.034,0.045,126.0,-0.0033,0.0398,2580.0,0.0006,0.0002,455241.0,-0.0062,0.049,40339,0.0227,-0.0105,0.4543,-0.0415,0.033,0.0
201806,19740,"Denver-Aurora-Centennial, CO",18,520000.0,-0.0234,0.0452,6460,0.185,0.0333,24.0,0.0667,-0.1111,6288,0.0168,-0.0612,288,-0.2539,-0.1325,0.0145,-0.0063,-0.0097,3516.0,0.3628,0.1959,0.1773,0.0368,-0.0386,6863.0,-0.0358,10.7216,199.0,-0.0054,0.0814,2769.0,-0.0372,-0.0214,717923.0,-0.0325,0.0799,13393,0.0627,0.9613,1.0624,-0.2432,0.9687,0.0
201806,41700,"San Antonio-New Braunfels, TX",25,299500.0,-0.0007,0.0118,8256,0.0613,0.0513,50.0,0.0,0.0,3840,-0.0514,-0.0129,696,0.5467,0.3647,0.04,0.0135,0.0099,3408.0,0.2059,0.176,0.1956,0.0308,0.0233,5088.0,-0.0268,-0.0073,130.0,-0.0003,0.0428,2407.0,-0.0049,-0.0287,390279.0,0.0041,-0.0074,13253,0.0241,0.0255,0.6163,-0.0557,-0.0364,0.0
201806,12420,"Austin-Round Rock-San Marcos, TX",26,374900.0,-0.0003,-0.0462,7943,0.0684,-0.0053,46.0,0.0952,0.0575,4104,-0.05,0.0353,484,-0.1295,-0.0435,0.0316,-0.0051,-0.0017,3752.0,0.2407,0.0411,0.2433,0.0467,0.0127,3255.0,-0.0222,-0.0538,166.0,-0.0047,0.0055,2298.0,-0.0062,-0.0404,569858.0,-0.0131,-0.0319,11205,0.0423,-0.0156,0.4098,-0.038,-0.021,0.0
201806,21340,"El Paso, TX",76,175000.0,0.0068,0.0419,3162,-0.0159,-0.184,80.0,0.0127,0.0458,984,0.0558,-0.0611,268,-0.1519,0.6543,0.0466,-0.0081,0.021,792.0,0.0449,0.0286,0.1406,0.0084,0.0183,1539.0,-0.0535,0.1013,100.0,0.0006,0.0646,1844.0,0.011,-0.0071,203373.0,0.0104,-0.0455,4709,-0.0248,-0.1063,0.4867,-0.0194,0.1261,0.0
201806,17820,"Colorado Springs, CO",81,384975.0,-0.013,0.0449,2055,0.2258,-0.0291,26.0,-0.0631,-0.2,1964,-0.0061,-0.0857,120,-0.25,0.1538,0.023,-0.0094,0.004,956.0,0.3132,-0.0343,0.1782,0.0334,-0.0026,1328.0,-0.0439,0.0836,142.0,-0.0012,0.0925,2929.0,-0.0258,-0.0441,522832.0,0.0544,0.1324,3370,0.1038,0.0122,0.6462,-0.1823,0.0672,0.0
201806,32580,"McAllen-Edinburg-Mission, TX",84,198000.0,0.0141,0.0424,2081,0.0146,0.0186,87.0,0.0943,0.0875,548,-0.0552,-0.0774,16,-0.1111,0.6,0.006,-0.0008,0.0022,364.0,0.1098,0.0225,0.1403,0.0164,0.0058,20.0,0.1429,0.5385,93.0,0.0042,0.0282,2177.0,0.0025,0.01,251226.0,-0.005,0.0212,2100,0.015,0.0216,0.0096,0.0011,0.0032,0.0
201805,19100,"Dallas-Fort Worth-Arlington, TX",4,384950.0,0.0165,0.008,18222,0.0958,0.1674,37.0,-0.039,-0.0633,12478,0.0143,0.0444,970,-0.6126,-0.6694,0.0222,-0.038,-0.0487,8464.0,-0.075,0.0297,0.1905,-0.0297,-0.0082,13411.0,0.0637,-0.0227,143.0,0.0089,0.0419,2721.0,0.0171,-0.0165,543255.0,0.0115,-0.0175,31628,0.0819,0.0812,0.736,-0.0222,-0.1431,0.0
201805,26420,"Houston-Pasadena-The Woodlands, TX",5,329495.0,0.003,0.0297,26387,0.0573,-0.0319,42.0,-0.0345,-0.087,11638,0.0203,0.0314,2168,0.0217,-0.0252,0.0426,-0.0007,-0.0008,13402.0,0.1139,-0.046,0.2619,0.0159,-0.0124,13084.0,0.0794,0.0552,126.0,-0.0008,0.0384,2579.0,0.0058,-0.0012,458070.0,0.005,0.0459,39445,0.0645,-0.0034,0.4959,0.0102,0.041,0.0
201805,19740,"Denver-Aurora-Centennial, CO",18,532450.0,-0.023,0.0651,5452,0.118,-0.0255,23.0,-0.0217,-0.0816,6184,0.0352,-0.0264,386,0.1697,0.0843,0.0208,0.0017,-0.0076,2580.0,0.2598,0.1102,0.1406,0.023,-0.0454,7118.0,0.0805,11.1149,200.0,-0.007,-0.0459,2876.0,-0.015,0.1801,742072.0,-0.023,0.1003,12603,0.101,1.0398,1.3056,-0.0454,1.2006,0.0
201805,41700,"San Antonio-New Braunfels, TX",25,299700.0,0.0023,0.0159,7780,0.0457,0.0376,50.0,0.0,0.0204,4048,0.0536,-0.0988,450,-0.2133,-0.2321,0.0265,-0.0085,-0.0092,2826.0,0.1795,0.134,0.1648,0.0184,0.0144,5228.0,0.0219,0.0536,130.0,0.0003,0.0481,2419.0,0.0045,-0.023,388670.0,0.0088,-0.0091,12941,0.0352,0.044,0.672,-0.0157,0.0102,0.0
201805,12420,"Austin-Round Rock-San Marcos, TX",26,375000.0,-0.0033,-0.0588,7435,0.0741,-0.0064,42.0,0.037,-0.0118,4320,-0.0279,-0.0514,556,0.1347,-0.208,0.0367,0.0028,-0.0092,3024.0,0.1667,-0.0251,0.1966,0.0188,-0.0021,3329.0,0.0737,-0.0033,167.0,0.0032,0.0006,2312.0,-0.0063,-0.038,577404.0,-0.0079,-0.0309,10751,0.0757,-0.0033,0.4478,-0.0002,0.0014,0.0
201805,21340,"El Paso, TX",76,173823.0,0.0093,0.041,3213,-0.0137,-0.162,79.0,-0.0032,-0.0125,932,0.0287,-0.0969,316,0.9268,1.2899,0.0547,0.0264,0.0328,758.0,0.0271,-0.0642,0.1322,0.0055,0.0021,1626.0,-0.004,0.1363,100.0,0.0015,0.0637,1824.0,0.0003,-0.016,201283.0,0.0023,-0.0326,4829,-0.0142,-0.0857,0.5061,0.0049,0.1328,0.0
201805,17820,"Colorado Springs, CO",81,390060.0,-0.0252,0.0368,1677,0.1147,-0.0694,28.0,0.0673,-0.0902,1976,0.003,-0.0509,160,0.1594,0.194,0.0323,0.0028,0.0059,728.0,0.4502,-0.0055,0.1448,0.0369,0.0026,1389.0,0.1456,0.1037,142.0,0.0085,0.0768,3007.0,-0.0297,-0.0317,495851.0,-0.0178,0.0516,3053,0.1297,-0.0072,0.8285,0.0223,0.1299,0.0
201805,32580,"McAllen-Edinburg-Mission, TX",84,195250.0,0.0013,0.0306,2051,0.0022,0.027,80.0,-0.0124,0.0127,580,0.0985,0.0247,18,0.2857,0.8,0.0068,0.0014,0.0029,328.0,-0.0238,-0.0061,0.124,-0.0061,-0.0036,18.0,0.0294,0.0606,93.0,-0.0029,0.0258,2171.0,0.0073,0.0125,252491.0,0.0033,0.0279,2069,0.0027,0.0265,0.0085,0.0002,0.0003,0.0
201804,19100,"Dallas-Fort Worth-Arlington, TX",4,378700.0,0.0117,-0.0032,16629,0.089,0.1815,39.0,-0.1047,-0.0375,12302,0.161,0.1307,2504,0.0364,-0.1245,0.0603,-0.005,-0.0176,9150.0,0.1358,0.1695,0.2202,0.0022,0.0092,12608.0,0.1363,-0.0412,142.0,0.0112,0.028,2675.0,0.0118,-0.0286,537065.0,0.0165,-0.0298,29235,0.109,0.0753,0.7582,0.0315,-0.1761,0.0
201804,26420,"Houston-Pasadena-The Woodlands, TX",5,328498.0,0.0108,0.0269,24958,0.0847,-0.0209,44.0,-0.0745,-0.0745,11406,0.1512,0.0581,2122,0.2541,0.1311,0.0433,0.0051,0.0031,12032.0,0.1875,-0.0189,0.2459,0.0182,-0.0054,12122.0,0.1302,0.025,127.0,0.0048,0.0378,2564.0,0.0038,-0.0055,455783.0,0.0152,0.0396,37056,0.0991,-0.0065,0.4857,0.0195,0.0217,0.0
201804,19740,"Denver-Aurora-Centennial, CO",18,545000.0,0.0481,0.09,4876,0.1347,-0.0201,23.0,-0.0417,-0.0417,5974,0.0645,0.0195,330,0.5,0.1458,0.0191,-0.0016,-0.006,2048.0,0.4755,0.3095,0.1176,-0.0135,-0.0343,6588.0,15.8048,12.0188,201.0,0.0067,-0.0294,2920.0,0.0533,0.1893,759514.0,0.0652,0.1142,11447,1.4144,1.1092,1.351,1.2598,1.2493,0.0
201804,41700,"San Antonio-New Braunfels, TX",25,299000.0,0.0275,0.0153,7440,0.0056,0.0173,50.0,-0.0566,-0.0196,3842,0.0756,0.0532,572,-0.299,0.007,0.0349,-0.0176,-0.0009,2396.0,0.0991,0.0991,0.1464,0.006,0.0079,5116.0,0.1551,0.0365,130.0,0.0083,0.0589,2408.0,0.0122,-0.0298,385285.0,0.0108,-0.0161,12501,0.061,0.0233,0.6877,0.089,0.0127,0.0
201804,12420,"Austin-Round Rock-San Marcos, TX",26,376249.0,0.0089,-0.057,6922,0.0926,0.0275,41.0,-0.0795,-0.0122,4444,0.1537,0.136,490,-0.1187,-0.0858,0.0339,-0.0093,-0.0064,2592.0,0.2462,0.0909,0.1778,0.0215,0.0097,3101.0,0.1466,-0.0082,166.0,0.0083,-0.0029,2327.0,0.0091,-0.0352,581998.0,0.0177,-0.0394,9994,0.1074,0.0151,0.448,0.0211,-0.0161,0.0
201804,21340,"El Paso, TX",76,172225.0,0.0143,0.0378,3258,-0.0552,-0.1641,79.0,-0.0785,0.016,906,-0.064,-0.142,164,-0.3692,0.3667,0.0283,-0.0158,0.0093,738.0,-0.049,0.0789,0.1267,-0.0035,0.0187,1633.0,0.0912,0.1677,100.0,0.0032,0.0636,1824.0,0.0108,-0.0057,200820.0,0.0101,-0.0357,4899,-0.0082,-0.0815,0.5012,0.0673,0.1424,0.0
201804,17820,"Colorado Springs, CO",81,400163.0,-0.0284,0.0818,1504,0.1455,-0.0535,26.0,-0.1875,-0.2121,1970,0.2468,0.0707,138,-0.0143,0.0147,0.0295,-0.0093,0.0006,502.0,0.3944,-0.0704,0.1079,0.01,-0.0068,1213.0,0.4282,-0.0142,141.0,-0.0029,0.0661,3099.0,-0.0043,0.0024,504855.0,-0.0222,0.0628,2703,0.2587,-0.0386,0.8062,0.1596,0.0321,0.0
201804,32580,"McAllen-Edinburg-Mission, TX",84,195000.0,0.0269,0.0428,2047,-0.0278,0.0294,81.0,-0.0747,0.0455,528,-0.0435,-0.0504,14,-0.125,-0.3,0.0054,-0.0004,-0.0025,336.0,0.0244,-0.0667,0.1301,0.0069,-0.009,17.0,0.2143,-0.15,93.0,-0.0003,0.0331,2155.0,0.0173,0.0142,251653.0,0.0178,0.0319,2064,-0.0262,0.0292,0.0083,0.0017,-0.0018,0.0
201803,19100,"Dallas-Fort Worth-Arlington, TX",4,374330.0,0.0132,0.0001,15270,0.0684,0.1263,43.0,-0.1042,0.0488,10596,0.1328,0.0437,2416,0.2276,-0.0835,0.0653,0.0061,-0.0087,8056.0,0.1816,0.0462,0.218,0.013,0.0028,11096.0,0.0838,-0.0491,140.0,0.0094,0.0284,2644.0,0.0035,-0.0286,528371.0,0.0162,-0.0258,26362,0.0705,0.0453,0.7267,0.0103,-0.1341,0.0
201803,26420,"Houston-Pasadena-The Woodlands, TX",5,325000.0,0.0143,0.0277,23008,0.0366,-0.0462,47.0,-0.2419,-0.0208,9908,0.1654,-0.0334,1692,-0.0494,-0.0932,0.0382,-0.0055,-0.0032,10132.0,0.1951,-0.0931,0.2278,0.0191,-0.0175,10725.0,0.1352,-0.0036,126.0,0.0082,0.0374,2554.0,0.0105,0.0039,448975.0,0.0177,0.0353,33713,0.0662,-0.0332,0.4661,0.0405,0.0199,0.0
201803,19740,"Denver-Aurora-Centennial, CO",18,520000.0,-0.0008,0.04,4297,0.0937,-0.0107,24.0,-0.2258,0.1163,5612,0.2493,-0.0011,220,-0.1538,-0.0179,0.0207,-0.0094,-0.0009,1388.0,0.2482,0.0029,0.1311,0.0048,-0.0026,392.0,0.1105,0.1313,200.0,0.0118,0.0881,2772.0,-0.004,-0.0306,713013.0,0.0038,0.0316,4741,0.1055,0.0115,0.0912,0.0014,0.0115,0.0
201803,41700,"San Antonio-New Braunfels, TX",25,291000.0,0.0211,-0.0029,7398,0.0145,0.0531,53.0,-0.203,-0.0364,3572,0.2043,0.0188,816,0.3691,-0.0169,0.0525,0.0104,0.002,2180.0,0.0187,0.1474,0.1404,-0.0116,0.0152,4429.0,0.1619,0.0513,129.0,0.0123,0.0544,2379.0,0.0115,-0.0307,381155.0,0.0157,-0.0009,11782,0.0645,0.0509,0.5987,0.0759,-0.001,0.0
201803,12420,"Austin-Round Rock-San Marcos, TX",26,372943.0,0.0204,-0.0499,6335,0.0769,0.0229,44.0,-0.2605,0.0233,3852,0.2007,-0.0336,556,-0.1919,0.1488,0.0432,-0.0158,0.0056,2080.0,0.2667,0.0029,0.1563,0.0128,-0.0046,2704.0,0.134,0.0164,165.0,0.007,-0.0034,2306.0,0.0128,-0.0333,571884.0,0.0126,-0.0438,9024,0.0941,0.0219,0.4268,0.0215,-0.0028,0.0
201803,21340,"El Paso, TX",76,169800.0,0.0093,0.0232,3448,-0.0232,-0.1064,86.0,-0.14,-0.0678,968,0.0298,0.0126,260,1.0313,0.6456,0.044,0.0222,0.018,776.0,0.0237,0.2201,0.1302,-0.0019,0.0261,1496.0,0.193,0.1574,99.0,0.0106,0.0616,1804.0,0.0022,-0.0177,198811.0,0.0108,-0.0296,4939,0.033,-0.0388,0.4339,0.0786,0.0989,0.0
201803,17820,"Colorado Springs, CO",81,411850.0,0.0362,0.1095,1313,0.0632,-0.0982,32.0,-0.2471,-0.0078,1580,0.2846,-0.0573,140,0.1475,0.0606,0.0388,0.0014,0.007,360.0,0.3043,-0.1262,0.098,0.0133,-0.0003,849.0,0.0366,-0.2338,141.0,0.0017,0.0903,3112.0,0.0077,-0.0014,516326.0,0.0307,0.0892,2147,0.0501,-0.167,0.6466,-0.0165,-0.1144,0.0
201803,32580,"McAllen-Edinburg-Mission, TX",84,189900.0,0.0,0.0048,2105,-0.0005,0.0639,87.0,-0.0938,0.1154,552,-0.0108,-0.045,16,0.3333,0.3333,0.0058,0.0012,0.0011,328.0,0.0649,-0.0734,0.1232,0.0087,-0.0113,14.0,-0.2,0.1667,93.0,0.0037,0.0307,2119.0,0.003,-0.0082,247255.0,0.0154,0.0062,2119,-0.0026,0.0648,0.0067,-0.0017,0.0006,0.0
201802,19100,"Dallas-Fort Worth-Arlington, TX",4,369450.0,0.0409,0.0067,14292,-0.0007,0.0849,48.0,-0.25,0.0549,9354,0.1281,0.0379,1968,0.1971,-0.1399,0.0591,0.0068,-0.0092,6818.0,-0.011,0.0158,0.2049,-0.0175,0.0045,10238.0,0.2365,-0.0241,139.0,0.0168,0.0309,2635.0,0.0175,-0.0156,519942.0,0.0464,-0.0078,24627,0.0858,0.0403,0.7163,0.1374,-0.0801,0.0
201802,26420,"Houston-Pasadena-The Woodlands, TX",5,320412.0,0.0099,0.0317,22196,-0.0031,-0.0395,62.0,-0.1448,0.0973,8502,0.1108,-0.0606,1780,0.3526,0.25,0.0436,0.009,0.0098,8478.0,0.1097,-0.1029,0.2087,0.0065,-0.0128,9448.0,0.2415,-0.0141,125.0,0.0135,0.0372,2528.0,0.0006,0.0006,441180.0,0.0163,0.0362,31621,0.0566,-0.0321,0.4256,0.0839,0.011,0.0
201802,19740,"Denver-Aurora-Centennial, CO",18,520428.0,-0.0028,0.0409,3929,0.0352,-0.0306,31.0,-0.4259,0.0508,4492,0.1595,0.0228,260,-0.0226,0.0744,0.0301,-0.0067,0.0026,1112.0,0.183,0.0239,0.1263,0.006,-0.0023,353.0,0.3603,0.1405,197.0,0.0053,0.0831,2783.0,0.0071,-0.0298,710319.0,-0.0017,0.0303,4289,0.0523,-0.012,0.0898,0.0215,0.0135,0.0
201802,41700,"San Antonio-New Braunfels, TX",25,284990.0,0.0038,-0.0087,7293,0.0076,0.1375,67.0,-0.089,0.0076,2966,0.0503,0.0349,596,-0.2032,-0.1836,0.0422,-0.0088,-0.0075,2140.0,0.049,-0.1083,0.152,-0.007,-0.0388,3812.0,0.2138,0.035,127.0,0.0109,0.0486,2352.0,0.0068,-0.0323,375261.0,0.0037,-0.0029,11069,0.0669,0.1003,0.5227,0.0888,-0.0518,0.0
201802,12420,"Austin-Round Rock-San Marcos, TX",26,365500.0,0.0155,-0.0723,5883,-0.0044,0.0495,60.0,-0.1736,0.0917,3208,0.1988,0.0456,688,0.1622,0.1505,0.059,0.0031,0.0052,1642.0,-0.0375,-0.0765,0.1435,-0.0168,-0.0167,2385.0,0.2307,-0.0116,164.0,0.0082,-0.0175,2277.0,0.0105,-0.0396,564789.0,0.0179,-0.0506,8248,0.0518,0.0307,0.4054,0.0774,-0.0251,0.0
201802,21340,"El Paso, TX",76,168238.0,0.0017,0.0203,3530,0.0076,-0.0946,100.0,0.0309,0.0204,940,0.0829,-0.0856,128,-0.4961,-0.4336,0.0218,-0.0232,-0.0153,758.0,0.1626,0.1734,0.1321,0.016,0.0258,1254.0,0.1132,0.1181,98.0,0.0026,0.058,1800.0,0.0,-0.018,196696.0,-0.0021,-0.0366,4781,0.0337,-0.0474,0.3552,0.0337,0.0676,0.0
201802,17820,"Colorado Springs, CO",81,397450.0,0.0239,0.1173,1235,-0.0562,-0.1222,43.0,-0.213,-0.1748,1230,0.0847,-0.1176,122,0.0893,0.3556,0.0374,0.0025,0.0141,276.0,-0.1585,-0.2418,0.0847,-0.0169,-0.0105,819.0,0.0826,-0.1552,141.0,0.0183,0.0901,3088.0,0.0084,0.011,500971.0,0.0307,0.0636,2045,-0.0063,-0.1384,0.6632,0.085,-0.0259,0.0
201802,32580,"McAllen-Edinburg-Mission, TX",84,189900.0,0.0048,0.0265,2106,0.0014,0.0562,96.0,-0.0542,0.0213,558,-0.0638,0.0182,12,0.0,-0.4,0.0046,-0.0001,-0.0032,308.0,0.0621,-0.0253,0.1144,0.0014,-0.0095,18.0,0.0606,2.5,93.0,0.01,0.0275,2112.0,-0.0042,0.0017,243498.0,0.0008,-0.0087,2125,0.0024,0.062,0.0083,0.0005,0.0058,0.0
201801,19100,"Dallas-Fort Worth-Arlington, TX",4,354950.0,0.0142,0.0,14302,-0.0896,0.1009,64.0,0.0667,0.0,8292,0.2288,0.0433,1644,-0.2201,-0.1161,0.0523,-0.0172,-0.0104,6894.0,-0.0915,0.0836,0.2225,-0.0149,0.0067,8280.0,-0.1564,-0.0192,137.0,0.0082,0.0321,2590.0,0.0076,-0.0239,496877.0,0.0068,-0.0246,22680,-0.1113,0.0583,0.5789,-0.0458,-0.0709,0.0
201801,26420,"Houston-Pasadena-The Woodlands, TX",5,317265.0,0.0073,0.0267,22266,-0.0759,-0.0195,73.0,0.0821,0.0211,7654,0.2655,-0.025,1316,-0.1856,-0.0874,0.0346,-0.0055,-0.0035,7640.0,-0.0764,-0.0324,0.2022,-0.0109,-0.0097,7610.0,-0.1477,-0.0027,123.0,0.0073,0.0297,2526.0,-0.0032,0.0054,434100.0,0.0069,0.0293,29929,-0.093,-0.0127,0.3418,-0.0288,0.0057,0.0
201801,19740,"Denver-Aurora-Centennial, CO",18,521911.0,0.0046,0.0448,3796,-0.0792,-0.0793,54.0,-0.0847,-0.0314,3874,0.4542,0.0493,266,0.2788,0.33,0.0368,0.0096,0.0125,940.0,0.0444,-0.1516,0.1203,-0.0054,-0.0149,260.0,-0.3117,-0.0598,196.0,0.0134,0.0893,2763.0,-0.0085,-0.028,711549.0,0.0113,0.0409,4076,-0.0935,-0.0732,0.0684,-0.0231,0.0014,0.0
201801,41700,"San Antonio-New Braunfels, TX",25,283925.0,0.0099,-0.0019,7238,-0.0592,0.0618,73.0,0.0429,0.0139,2824,0.3074,0.0232,748,0.9278,0.0841,0.0509,0.0218,-0.0023,2040.0,-0.1084,-0.2267,0.159,-0.004,-0.0524,3141.0,-0.1078,-0.047,126.0,0.0054,0.0349,2336.0,-0.0085,-0.0375,373893.0,0.005,0.0045,10374,-0.0711,0.0271,0.4339,-0.0236,-0.0496,0.0
201801,12420,"Austin-Round Rock-San Marcos, TX",26,359920.0,-0.0066,-0.0748,5909,-0.0916,0.081,72.0,0.0286,-0.027,2676,0.2743,-0.0191,592,0.3704,0.1935,0.0559,0.0172,0.0054,1706.0,0.1404,0.1798,0.1602,0.0261,0.0135,1938.0,-0.1366,0.0163,163.0,0.0023,-0.0186,2253.0,-0.0031,-0.0392,554842.0,0.0019,-0.0512,7842,-0.1018,0.0639,0.3279,-0.0171,-0.0209,0.0
201801,21340,"El Paso, TX",76,167950.0,-0.003,0.0217,3504,-0.0359,-0.0931,97.0,0.1548,-0.0443,868,0.4091,-0.0503,254,0.041,1.3519,0.045,0.0013,0.0262,652.0,0.1898,0.0031,0.116,0.0179,0.0039,1127.0,-0.0628,0.1513,98.0,0.0075,0.0687,1800.0,-0.005,-0.0225,197104.0,-0.0041,-0.0317,4625,-0.0418,-0.0445,0.3215,-0.0092,0.0682,0.0
201801,17820,"Colorado Springs, CO",81,388187.0,0.0229,0.1192,1309,-0.1525,-0.1282,54.0,-0.0357,-0.2174,1134,0.2945,0.1272,112,0.4,-0.2432,0.035,0.0098,-0.0084,328.0,-0.18,0.0061,0.1015,-0.0147,0.0059,757.0,-0.0706,-0.1269,139.0,0.0154,0.0922,3063.0,0.0107,0.0099,486036.0,0.0031,0.0648,2058,-0.1233,-0.1297,0.5781,0.0509,0.0009,0.0
201801,32580,"McAllen-Edinburg-Mission, TX",84,189000.0,-0.005,0.0216,2103,-0.0196,0.0771,102.0,0.0253,0.0253,596,0.3796,0.2263,12,0.0,0.2,0.0047,0.0001,0.0007,290.0,0.1328,0.1789,0.113,0.0152,0.0133,17.0,0.1,2.6667,92.0,0.0007,0.018,2121.0,-0.0057,0.0012,243293.0,-0.009,-0.0099,2120,-0.0197,0.0836,0.0078,0.0009,0.0055,0.0
201712,19100,"Dallas-Fort Worth-Arlington, TX",4,349990.0,0.0,-0.0113,15710,-0.1323,0.1318,60.0,0.1111,-0.0164,6748,-0.1681,0.2332,2108,0.054,-0.1648,0.0696,0.0151,-0.0133,7588.0,-0.2776,0.1225,0.2374,-0.0487,0.0099,9814.0,-0.0658,0.0272,136.0,0.0035,0.0292,2570.0,-0.0098,-0.0331,493526.0,-0.0076,-0.0234,25519,-0.1078,0.0893,0.6247,0.0445,-0.0636,0.0
201712,26420,"Houston-Pasadena-The Woodlands, TX",5,314977.0,0.0001,0.026,24093,-0.0542,0.0192,67.0,0.0551,-0.0147,6048,-0.1912,0.0746,1616,-0.0369,0.1038,0.0401,0.0008,-0.0021,8272.0,-0.2234,0.0248,0.213,-0.0367,-0.0011,8928.0,-0.0792,0.0552,122.0,0.006,0.0283,2534.0,-0.0024,0.0028,431114.0,-0.0052,0.0236,32996,-0.0619,0.0286,0.3706,-0.0101,0.0126,0.0
201712,19740,"Denver-Aurora-Centennial, CO",18,519500.0,0.0516,0.0604,4122,-0.2364,-0.122,59.0,0.2688,0.0351,2664,-0.2986,0.0423,208,-0.0545,0.1304,0.0272,0.0035,0.0009,900.0,-0.5422,-0.1176,0.1257,-0.0764,-0.0087,377.0,-0.1732,0.1088,194.0,0.0144,0.1071,2787.0,0.0268,-0.0296,703617.0,0.0414,0.0577,4496,-0.2315,-0.1071,0.0915,0.007,0.019,0.0
201712,41700,"San Antonio-New Braunfels, TX",25,281142.0,0.0043,0.0044,7693,-0.0508,0.0723,70.0,0.0687,0.0294,2160,-0.1692,-0.0323,388,-0.2679,-0.5467,0.0291,-0.0069,-0.0458,2288.0,-0.122,-0.1173,0.163,-0.0152,-0.0441,3520.0,-0.1015,-0.0165,125.0,0.0115,0.0397,2356.0,-0.0099,-0.026,372021.0,-0.0011,0.0113,11168,-0.0677,0.0407,0.4576,-0.0258,-0.0413,0.0
201712,12420,"Austin-Round Rock-San Marcos, TX",26,362328.0,-0.0073,-0.0655,6504,-0.1282,0.1212,70.0,0.0938,-0.0411,2100,-0.2135,0.0585,432,0.4595,0.8947,0.0387,0.0158,0.0158,1496.0,-0.4188,0.1508,0.1341,-0.0671,0.0034,2244.0,-0.1267,0.0336,162.0,0.0023,-0.0236,2260.0,-0.0099,-0.0371,553768.0,0.0019,-0.0562,8731,-0.1262,0.0971,0.345,0.0006,-0.0292,0.0
201712,21340,"El Paso, TX",76,168450.0,0.0004,0.0303,3634,-0.1032,-0.0951,84.0,0.1586,-0.0968,616,-0.3649,-0.1809,244,0.6486,1.1786,0.0437,0.0205,0.0249,548.0,-0.2058,-0.1046,0.0981,-0.0112,-0.0046,1202.0,-0.0602,0.0572,97.0,0.0158,0.0669,1809.0,-0.0077,-0.0195,197915.0,-0.0606,-0.0212,4827,-0.0933,-0.0665,0.3308,0.0151,0.0476,0.0
201712,17820,"Colorado Springs, CO",81,379500.0,0.0255,0.0874,1544,-0.1861,-0.1374,56.0,0.0769,-0.1318,876,-0.1978,0.095,80,0.4286,0.1765,0.0252,0.0101,0.0079,400.0,-0.3443,0.0101,0.1162,-0.041,0.0074,814.0,-0.1167,-0.2328,136.0,0.0075,0.0918,3030.0,0.0075,0.002,484529.0,0.0043,0.0474,2347,-0.1592,-0.1736,0.5272,0.0414,-0.0655,0.0
201712,32580,"McAllen-Edinburg-Mission, TX",84,189950.0,-0.0231,0.005,2145,-0.0127,0.0855,99.0,0.1,0.0421,432,-0.0314,0.125,12,2.0,0.0,0.0046,0.0031,-0.0004,256.0,0.0,0.2549,0.0978,0.003,0.0157,15.0,-0.2105,1.1429,92.0,0.0007,0.0145,2134.0,-0.0045,-0.015,245498.0,-0.0163,-0.0136,2162,-0.0135,0.0903,0.007,-0.0018,0.0035,0.0
201711,19100,"Dallas-Fort Worth-Arlington, TX",4,350000.0,-0.0012,-0.0285,18106,-0.0319,0.1679,54.0,0.0385,0.0286,8112,-0.0938,0.073,2000,-0.1197,0.0941,0.0545,-0.0045,0.0008,10504.0,-0.0663,0.4338,0.2861,-0.0048,0.0708,10505.0,-0.0354,-0.0415,135.0,0.0028,0.0235,2596.0,-0.0074,-0.0401,497314.0,-0.0034,-0.0489,28604,-0.0329,0.0809,0.5802,-0.002,-0.1267,0.0
201711,26420,"Houston-Pasadena-The Woodlands, TX",5,314950.0,0.016,0.0184,25473,-0.0337,0.009,64.0,-0.0522,0.0496,7478,-0.1085,0.0479,1678,-0.1448,0.0371,0.0393,-0.0044,0.001,10652.0,-0.0716,0.0453,0.2497,-0.0083,0.0082,9696.0,-0.041,-0.0093,122.0,0.0058,0.0252,2540.0,0.0004,0.0008,433350.0,0.0097,0.0186,35173,-0.0329,0.0036,0.3806,-0.0029,-0.007,0.0
201711,19740,"Denver-Aurora-Centennial, CO",18,494010.0,0.0187,0.0402,5398,-0.1687,-0.1173,47.0,0.1341,0.069,3798,-0.1761,-0.0557,220,-0.1406,-0.0435,0.0237,0.0002,0.0013,1966.0,-0.3363,-0.1569,0.2021,-0.0549,-0.0191,456.0,-0.1289,0.1232,191.0,0.0119,0.1068,2714.0,0.0096,-0.0199,675639.0,0.0269,0.0587,5851,-0.1659,-0.1027,0.0845,0.0039,0.0181,0.0
201711,41700,"San Antonio-New Braunfels, TX",25,279950.0,-0.0002,-0.0044,8105,-0.0339,0.0699,66.0,0.0155,-0.0076,2600,-0.1047,0.0771,530,-0.1587,-0.3537,0.036,-0.005,-0.0236,2606.0,-0.1208,-0.2031,0.1782,-0.0151,-0.0578,3918.0,-0.0378,0.0386,124.0,0.0015,0.0354,2380.0,-0.0066,-0.0214,372444.0,-0.0009,0.0098,11979,-0.0339,0.059,0.4834,-0.002,-0.0146,0.0
201711,12420,"Austin-Round Rock-San Marcos, TX",26,365000.0,0.0,-0.0599,7461,-0.071,0.1526,64.0,-0.0154,-0.0078,2670,-0.0862,0.1589,296,-0.3702,-0.0807,0.0229,-0.0127,-0.0066,2574.0,-0.2371,0.1574,0.2012,-0.0522,0.0063,2570.0,0.0041,0.0651,162.0,0.0016,-0.0197,2283.0,-0.0087,-0.0363,552711.0,-0.0055,-0.0553,9992,-0.0537,0.1262,0.3444,0.0258,-0.0283,0.0
201711,21340,"El Paso, TX",76,168375.0,0.0039,0.0333,4052,-0.0052,-0.0017,73.0,-0.0645,-0.1159,970,-0.0434,0.2663,148,-0.4932,0.0423,0.0232,-0.0228,0.0,690.0,-0.1199,0.1093,0.1094,-0.0128,0.0077,1279.0,-0.0116,-0.0229,96.0,0.0039,0.0461,1823.0,0.0005,-0.0063,210691.0,0.0064,0.0507,5324,-0.0063,-0.0073,0.3156,-0.0021,-0.0068,0.0
201711,17820,"Colorado Springs, CO",81,370049.0,0.0091,0.0901,1897,-0.0811,-0.1268,52.0,0.0097,-0.1186,1092,-0.1587,-0.0421,56,-0.4615,-0.3636,0.0151,-0.0087,-0.0061,610.0,-0.245,-0.0701,0.1572,-0.0259,0.0139,922.0,-0.1045,-0.2601,135.0,0.019,0.0921,3008.0,-0.002,0.0038,482456.0,0.0307,0.0693,2792,-0.0916,-0.1817,0.4858,-0.0127,-0.0875,0.0
201711,32580,"McAllen-Edinburg-Mission, TX",84,194438.0,0.012,0.051,2173,-0.0064,0.0731,90.0,0.0526,0.0286,446,-0.1116,0.0469,4,-0.5,-0.5,0.0015,-0.0015,-0.0018,256.0,-0.2515,0.0,0.0948,-0.0323,-0.0071,19.0,0.0,2.1667,92.0,0.0016,0.0213,2143.0,0.0082,0.0164,249555.0,0.0029,0.0158,2192,-0.0063,0.0796,0.0087,0.0001,0.0058,0.0
201710,19100,"Dallas-Fort Worth-Arlington, TX",4,350417.0,0.0012,-0.0266,18704,-0.0119,0.1645,52.0,0.0612,0.04,8952,-0.0062,0.0443,2272,-0.0883,0.2294,0.059,-0.0034,0.007,11250.0,-0.1153,0.4013,0.2909,-0.0241,0.071,10890.0,-0.0359,-0.0397,135.0,0.0033,0.0231,2615.0,-0.0028,-0.0369,499022.0,0.0041,-0.048,29576,-0.0239,0.0791,0.5822,-0.0145,-0.1238,0.0
201710,26420,"Houston-Pasadena-The Woodlands, TX",5,310000.0,0.0111,-0.0061,26360,-0.0475,0.0231,67.0,0.0635,0.1167,8388,0.1078,0.0748,1962,0.0155,0.2171,0.0437,0.0022,0.0065,11474.0,0.0252,-0.0074,0.258,0.014,-0.0092,10110.0,-0.0067,-0.0112,121.0,0.0119,0.0194,2539.0,0.004,-0.0082,429177.0,0.0142,0.0033,36369,-0.0387,0.0111,0.3835,0.0158,-0.0133,0.0
201710,19740,"Denver-Aurora-Centennial, CO",18,484950.0,0.0001,0.0429,6494,-0.0753,-0.0853,41.0,0.1081,0.1081,4610,-0.0904,-0.1148,256,-0.1899,0.2549,0.0235,0.0004,0.0069,2962.0,-0.1339,-0.0603,0.2569,0.0011,0.0091,524.0,-0.001,0.2231,189.0,0.0087,0.1011,2689.0,-0.0046,-0.0211,657960.0,0.004,0.0471,7014,-0.0725,-0.0654,0.0806,0.006,0.0203,0.0
201710,41700,"San Antonio-New Braunfels, TX",25,280000.0,-0.0112,-0.004,8389,-0.018,0.0908,65.0,0.0932,-0.0077,2904,-0.0136,0.063,630,-0.0156,-0.2969,0.041,0.0042,-0.0207,2964.0,-0.0784,-0.2159,0.1933,-0.0164,-0.0687,4072.0,-0.0053,0.0016,123.0,0.0051,0.037,2395.0,-0.0032,-0.0167,372779.0,-0.0103,0.0037,12400,-0.0227,0.0565,0.4853,0.0062,-0.0432,0.0
201710,12420,"Austin-Round Rock-San Marcos, TX",26,365000.0,-0.0157,-0.0754,8031,-0.0353,0.1566,65.0,0.0833,0.0656,2922,0.0174,0.0618,470,0.0043,-0.2007,0.0356,0.0013,-0.0118,3374.0,-0.048,0.2368,0.2534,-0.0038,0.0261,2559.0,-0.0139,-0.0008,162.0,-0.0008,-0.0212,2303.0,-0.0082,-0.0432,555778.0,-0.0072,-0.0746,10559,-0.0347,0.1133,0.3187,0.0069,-0.0502,0.0
201710,21340,"El Paso, TX",76,167725.0,-0.0013,0.0258,4073,0.0481,-0.001,78.0,-0.0882,-0.0549,1014,0.0181,0.0927,292,0.6591,1.3548,0.046,0.0169,0.0267,784.0,-0.0151,0.095,0.1222,-0.009,0.0127,1294.0,-0.0061,-0.0562,95.0,0.0153,0.0451,1822.0,-0.0114,-0.0087,209348.0,-0.0123,0.0465,5357,0.0332,-0.0169,0.3177,-0.0173,-0.0186,0.0
201710,17820,"Colorado Springs, CO",81,366697.0,0.0046,0.1015,2065,-0.0734,-0.1742,52.0,0.051,-0.0463,1298,-0.0885,-0.0046,104,0.5294,-0.0714,0.0238,0.0093,0.002,808.0,-0.1477,-0.0381,0.1831,-0.0046,0.0185,1029.0,-0.119,-0.2199,133.0,0.0046,0.0919,3014.0,-0.0012,0.0058,468094.0,0.0134,0.0715,3073,-0.0892,-0.1909,0.4984,-0.0258,-0.0292,0.0
201710,32580,"McAllen-Edinburg-Mission, TX",84,192125.0,0.0117,0.0385,2187,0.0007,0.1093,86.0,0.0427,0.0059,502,-0.0118,0.004,8,-0.5,-0.3333,0.003,-0.003,-0.0018,342.0,-0.0172,0.0962,0.1271,-0.0026,0.0028,19.0,0.1176,2.8,91.0,0.002,0.0243,2126.0,-0.0039,0.0123,248840.0,-0.0026,0.0148,2206,0.0016,0.1167,0.0087,0.0009,0.0062,0.0
201709,19100,"Dallas-Fort Worth-Arlington, TX",4,350000.0,-0.0196,-0.0196,18929,-0.0112,0.1742,49.0,0.1136,0.0316,9008,-0.154,0.0563,2492,-0.1992,0.0723,0.0624,-0.0133,-0.0014,12716.0,-0.011,0.4007,0.3151,0.005,0.0677,11296.0,-0.0921,-0.0757,134.0,0.0009,0.0302,2622.0,-0.0141,-0.031,496999.0,-0.0019,-0.0449,30299,-0.0375,0.0681,0.5968,-0.0532,-0.1613,0.0
201709,26420,"Houston-Pasadena-The Woodlands, TX",5,306593.0,0.0003,-0.0306,27674,-0.0896,0.051,63.0,0.2115,0.1053,7572,-0.2157,-0.0718,1932,0.1405,0.0866,0.0415,0.0079,0.0017,11192.0,-0.2778,-0.1304,0.2439,-0.0588,-0.0427,10178.0,-0.0744,-0.0523,120.0,0.0044,0.0042,2529.0,-0.0043,-0.0184,423162.0,0.0087,-0.0169,37832,-0.0855,0.0224,0.3678,0.006,-0.0401,0.0
201709,19740,"Denver-Aurora-Centennial, CO",18,484900.0,0.0013,0.0363,7022,-0.0062,-0.0513,37.0,0.0725,0.0571,5068,-0.0973,-0.0855,316,-0.0651,0.2742,0.0231,-0.003,0.0046,3420.0,-0.0717,-0.0018,0.2559,-0.0191,-0.0073,524.0,-0.1396,0.1815,187.0,0.0101,0.0939,2701.0,-0.0098,-0.0276,655308.0,0.0017,0.0453,7562,-0.0143,-0.0356,0.0746,-0.0116,0.0147,0.0
201709,41700,"San Antonio-New Braunfels, TX",25,283159.0,-0.0095,-0.0063,8543,-0.0101,0.0718,59.0,0.1238,-0.0248,2944,-0.1809,0.092,640,-0.0332,-0.1837,0.0368,-0.0041,-0.0155,3216.0,-0.0411,-0.2047,0.2098,0.0105,-0.0627,4093.0,-0.1031,-0.0637,123.0,-0.0007,0.0283,2403.0,-0.0105,-0.023,376669.0,-0.0106,0.0071,12687,-0.0371,0.0308,0.4791,-0.0497,-0.0694,0.0
201709,12420,"Austin-Round Rock-San Marcos, TX",26,370839.0,-0.0154,-0.0491,8324,-0.034,0.163,60.0,0.165,0.0435,2872,-0.1339,-0.0164,468,0.3073,0.2124,0.0344,0.0095,0.0042,3544.0,-0.1122,0.2435,0.2571,-0.0055,0.0283,2595.0,-0.1223,-0.0639,162.0,-0.0057,-0.0142,2322.0,-0.0068,-0.0326,559792.0,0.0026,-0.0668,10939,-0.0531,0.1079,0.3117,-0.0314,-0.0755,0.0
201709,21340,"El Paso, TX",76,167950.0,0.0,0.0323,3886,-0.0077,-0.0212,85.0,0.0429,0.0334,996,0.1191,0.1475,176,0.1429,0.3968,0.0292,0.0041,0.0089,796.0,0.0179,0.1148,0.1312,0.004,0.0164,1302.0,-0.0313,-0.0802,94.0,0.002,0.0307,1843.0,0.0,0.0049,211965.0,0.0011,0.0657,5185,-0.013,-0.0372,0.335,-0.0082,-0.0215,0.0
201709,17820,"Colorado Springs, CO",81,365000.0,0.0211,0.1242,2228,-0.0784,-0.1751,49.0,0.2099,0.0316,1424,-0.1534,-0.0273,68,-0.4426,-0.2917,0.0145,-0.0087,-0.0023,948.0,-0.2113,-0.0832,0.1877,-0.0414,0.0045,1168.0,-0.0663,-0.2097,132.0,0.014,0.0953,3017.0,0.0,0.0528,461890.0,0.0082,0.0794,3374,-0.0738,-0.1936,0.5242,0.0068,-0.023,0.0
201709,32580,"McAllen-Edinburg-Mission, TX",84,189900.0,0.0048,0.0268,2185,-0.0064,0.1295,82.0,0.0789,-0.0353,508,-0.178,0.012,16,0.0,0.0,0.006,0.0004,-0.0006,348.0,0.0675,0.1447,0.1298,0.0156,0.0046,17.0,0.2143,3.25,91.0,0.0021,0.0238,2134.0,0.0138,-0.0028,249483.0,0.0094,0.0107,2202,-0.0047,0.1359,0.0078,0.0014,0.0057,0.0
201708,19100,"Dallas-Fort Worth-Arlington, TX",4,357000.0,-0.032,0.0079,19144,0.0478,0.1616,44.0,0.0233,0.0233,10648,-0.063,0.1039,3112,-0.0771,0.2291,0.0756,-0.0021,0.0116,12858.0,0.0017,0.4019,0.3101,0.0144,0.0777,12442.0,-0.0531,-0.058,134.0,-0.0128,0.038,2660.0,-0.0194,-0.0179,497954.0,-0.0488,-0.0341,31480,-0.0007,0.062,0.6499,-0.0693,-0.1515,0.0
201708,26420,"Houston-Pasadena-The Woodlands, TX",5,306500.0,-0.0266,-0.0419,30397,0.0154,0.1416,52.0,0.0196,-0.0189,9654,-0.0799,0.113,1694,-0.0873,-0.0912,0.0335,-0.0028,-0.0062,15498.0,-0.0538,0.1663,0.3027,-0.0084,0.037,10997.0,-0.0473,-0.0955,119.0,-0.0076,-0.0028,2540.0,-0.0082,-0.0199,419526.0,-0.0173,-0.0329,41369,-0.0027,0.0672,0.3618,-0.0238,-0.0948,0.0
201708,19740,"Denver-Aurora-Centennial, CO",18,484275.0,-0.0217,0.0412,7066,0.0324,-0.0334,35.0,0.15,0.1311,5614,-0.0851,-0.1032,338,-0.0287,0.4569,0.026,-0.0003,0.0096,3684.0,0.0697,0.0691,0.275,0.0269,0.0291,609.0,-0.0114,0.3225,185.0,0.002,0.0898,2728.0,-0.0281,-0.0285,654219.0,-0.0114,0.0401,7672,0.0301,-0.0132,0.0862,-0.0038,0.0232,0.0
201708,41700,"San Antonio-New Braunfels, TX",25,285863.0,-0.0227,0.0066,8631,0.0243,0.0572,53.0,0.05,-0.0541,3594,-0.0276,0.149,662,0.1033,-0.2477,0.0408,0.0051,-0.0143,3354.0,0.0521,-0.2211,0.1993,0.0092,-0.0708,4564.0,-0.0818,-0.0276,123.0,-0.007,0.0349,2429.0,-0.0152,-0.0139,380694.0,-0.019,0.0194,13177,-0.0057,0.0289,0.5288,-0.0611,-0.0461,0.0
201708,12420,"Austin-Round Rock-San Marcos, TX",26,376630.0,-0.0217,-0.0268,8617,0.0249,0.1923,52.0,0.0957,0.0098,3316,-0.1912,0.0794,358,-0.3168,0.0113,0.0249,-0.0085,-0.0019,3992.0,-0.008,0.3459,0.2627,0.0067,0.041,2957.0,-0.0872,-0.0463,163.0,-0.0062,0.0015,2338.0,-0.0116,-0.0256,558332.0,-0.0338,-0.0623,11553,-0.0059,0.1207,0.3431,-0.0421,-0.0858,0.0
201708,21340,"El Paso, TX",76,167950.0,0.0,0.0339,3916,-0.0232,-0.029,82.0,0.0449,-0.0181,890,-0.124,0.0621,154,-0.0375,0.7111,0.025,-0.0006,0.0108,782.0,-0.0076,0.0427,0.1272,0.0068,0.0122,1344.0,0.0098,-0.0995,94.0,0.0002,0.0284,1843.0,-0.0027,0.0033,211730.0,-0.0069,0.0648,5254,-0.0112,-0.0493,0.3432,0.0112,-0.0269,0.0
201708,17820,"Colorado Springs, CO",81,357450.0,-0.0204,0.0998,2418,0.0031,-0.161,41.0,0.125,-0.069,1682,-0.1383,0.0,122,-0.1528,0.1961,0.0232,-0.0021,0.0065,1202.0,-0.0148,-0.0962,0.2291,0.0146,0.0132,1251.0,-0.0302,-0.1734,130.0,0.0006,0.0792,3017.0,0.0007,0.0481,458156.0,-0.0033,0.0665,3643,-0.0005,-0.1708,0.5175,-0.0178,-0.0078,0.0
201708,32580,"McAllen-Edinburg-Mission, TX",84,189000.0,-0.0053,0.0216,2199,0.0447,0.1583,76.0,-0.05,-0.1264,618,-0.0159,0.1487,16,1.0,0.0,0.0056,0.0027,-0.001,326.0,0.0188,0.0724,0.1141,-0.0029,-0.0095,14.0,-0.0667,1.1538,91.0,-0.0009,0.0157,2105.0,-0.0202,-0.0117,247152.0,-0.0096,-0.0003,2213,0.0441,0.1614,0.0064,-0.0008,0.0029,0.0
201707,19100,"Dallas-Fort Worth-Arlington, TX",4,368820.0,-0.0165,0.0245,18270,0.0826,0.1613,43.0,0.075,0.0,11364,-0.0232,0.026,3372,0.1129,0.262,0.0777,0.0059,0.0134,12836.0,0.2297,0.385,0.2957,0.0428,0.0708,13140.0,-0.0289,-0.0285,136.0,-0.0061,0.0479,2712.0,-0.0153,-0.0102,523494.0,-0.0319,-0.0254,31502,0.0351,0.074,0.7192,-0.0825,-0.1404,0.0
201707,26420,"Houston-Pasadena-The Woodlands, TX",5,314875.0,-0.0144,-0.04,29937,0.0429,0.1211,51.0,0.0737,0.0,10492,-0.0289,0.0602,1856,-0.0201,-0.0472,0.0364,0.0,-0.0032,16380.0,0.0894,0.174,0.3111,0.0179,0.0281,11542.0,-0.0457,-0.0549,120.0,-0.0109,-0.0152,2561.0,-0.0072,-0.0184,426895.0,-0.0164,-0.0626,41481,0.0176,0.0635,0.3855,-0.0358,-0.0718,0.0
201707,19740,"Denver-Aurora-Centennial, CO",18,495000.0,-0.005,0.0543,6844,0.0947,-0.0309,30.0,0.1111,0.0714,6136,-0.0839,-0.0248,348,0.0482,0.1757,0.0263,0.0021,0.0049,3444.0,0.1714,0.0411,0.2481,0.0321,0.0084,616.0,0.0521,0.4667,185.0,0.0069,0.0957,2807.0,-0.0081,-0.0265,661742.0,-0.0046,0.0434,7448,0.0907,-0.0032,0.09,-0.0036,0.0305,0.0
201707,41700,"San Antonio-New Braunfels, TX",25,292500.0,-0.0118,0.0158,8426,0.0729,0.0514,50.0,0.0,-0.1071,3696,-0.0499,0.0464,600,0.1765,-0.3056,0.0358,0.0057,-0.0188,3188.0,0.1001,-0.2813,0.1901,0.0178,-0.0813,4970.0,-0.0303,0.0044,124.0,-0.0052,0.035,2466.0,-0.0048,-0.0052,388060.0,-0.013,0.0197,13252,0.0254,0.0266,0.5898,-0.0628,-0.0276,0.0
201707,12420,"Austin-Round Rock-San Marcos, TX",26,385000.0,-0.0205,-0.0351,8408,0.053,0.1901,47.0,0.0805,0.0444,4100,0.0343,0.119,524,0.0356,0.4396,0.0333,0.0001,0.007,4024.0,0.1165,0.3082,0.2559,0.0254,0.0329,3239.0,-0.0584,-0.0095,164.0,-0.0096,-0.0031,2365.0,-0.0124,-0.0303,577836.0,-0.0183,-0.0596,11622,0.021,0.1265,0.3852,-0.0456,-0.0776,0.0
201707,21340,"El Paso, TX",76,167950.0,-0.0001,0.0272,4009,0.0346,-0.0101,78.0,0.0196,-0.0127,1016,-0.0305,0.016,160,-0.0123,0.3793,0.0256,0.0001,0.0082,788.0,0.0234,0.0591,0.1204,-0.0019,0.0062,1331.0,-0.0476,-0.1312,94.0,-0.0002,0.0166,1848.0,-0.005,0.006,213194.0,0.0006,0.0539,5313,0.0084,-0.0494,0.332,-0.0286,-0.0463,0.0
201707,17820,"Colorado Springs, CO",81,364900.0,-0.0096,0.1061,2410,0.1387,-0.1687,36.0,0.1077,-0.027,1952,-0.0912,-0.0469,144,0.3846,0.0909,0.0253,0.0064,0.0056,1220.0,0.2323,-0.0785,0.2145,0.0337,0.0027,1290.0,0.0526,-0.1547,130.0,0.0035,0.0792,3015.0,-0.016,0.007,459659.0,-0.0044,0.0577,3645,0.0948,-0.1744,0.5353,-0.0438,0.0089,0.0
201707,32580,"McAllen-Edinburg-Mission, TX",84,190000.0,0.0003,0.0026,2105,0.0303,0.1287,80.0,0.0,-0.1011,628,0.0572,0.246,8,-0.2,0.0,0.0029,-0.0008,-0.0006,320.0,-0.1011,0.1594,0.117,-0.0175,0.0024,15.0,0.1538,0.875,91.0,0.007,0.0097,2149.0,-0.003,0.0059,249546.0,0.0143,-0.0013,2119,0.0309,0.1313,0.0071,0.0008,0.0028,0.0
201706,19100,"Dallas-Fort Worth-Arlington, TX",4,375000.0,,,16876,,,40.0,,,11634,,,3030,,,0.0717,,,10438.0,,,0.2529,,,13531.0,,,137.0,,,2754.0,,,540720.0,,,30435,,,0.8018,,,
201706,26420,"Houston-Pasadena-The Woodlands, TX",5,319470.0,,,28706,,,48.0,,,10804,,,1894,,,0.0363,,,15036.0,,,0.2933,,,12095.0,,,121.0,,,2580.0,,,433997.0,,,40766,,,0.4213,,,
201706,19740,"Denver-Aurora-Centennial, CO",18,497500.0,,,6252,,,27.0,,,6698,,,332,,,0.0242,,,2940.0,,,0.216,,,586.0,,,184.0,,,2830.0,,,664824.0,,,6829,,,0.0937,,,
201706,41700,"San Antonio-New Braunfels, TX",25,296000.0,,,7854,,,50.0,,,3890,,,510,,,0.0301,,,2898.0,,,0.1724,,,5126.0,,,124.0,,,2478.0,,,393182.0,,,12924,,,0.6526,,,
201706,12420,"Austin-Round Rock-San Marcos, TX",26,393044.0,,,7985,,,44.0,,,3964,,,506,,,0.0333,,,3604.0,,,0.2305,,,3440.0,,,165.0,,,2395.0,,,588618.0,,,11383,,,0.4308,,,
201706,21340,"El Paso, TX",76,167970.0,,,3875,,,77.0,,,1048,,,162,,,0.0256,,,770.0,,,0.1223,,,1398.0,,,94.0,,,1857.0,,,213076.0,,,5269,,,0.3606,,,
201706,17820,"Colorado Springs, CO",81,368450.0,,,2117,,,33.0,,,2148,,,104,,,0.019,,,990.0,,,0.1808,,,1226.0,,,130.0,,,3064.0,,,461695.0,,,3330,,,0.579,,,
201706,32580,"McAllen-Edinburg-Mission, TX",84,189950.0,,,2043,,,80.0,,,594,,,10,,,0.0037,,,356.0,,,0.1345,,,13.0,,,90.0,,,2155.0,,,246016.0,,,2056,,,0.0064,,,
201705,19100,"Dallas-Fort Worth-Arlington, TX",4,381898.0,,,15609,,,40.0,,,11948,,,2934,,,0.0709,,,8220.0,,,0.1987,,,13722.0,,,137.0,,,2767.0,,,552910.0,,,29252,,,0.8791,,,
201705,26420,"Houston-Pasadena-The Woodlands, TX",5,320000.0,,,27258,,,46.0,,,11284,,,2224,,,0.0434,,,14048.0,,,0.2743,,,12399.0,,,122.0,,,2582.0,,,437973.0,,,39580,,,0.4549,,,
201705,19740,"Denver-Aurora-Centennial, CO",18,499900.0,,,5594,,,25.0,,,6352,,,356,,,0.0284,,,2324.0,,,0.186,,,588.0,,,209.0,,,2437.0,,,674446.0,,,6179,,,0.105,,,
201705,41700,"San Antonio-New Braunfels, TX",25,295000.0,,,7498,,,49.0,,,4492,,,586,,,0.0357,,,2492.0,,,0.1504,,,4962.0,,,124.0,,,2476.0,,,392254.0,,,12396,,,0.6618,,,
201705,12420,"Austin-Round Rock-San Marcos, TX",26,398417.0,,,7483,,,43.0,,,4554,,,702,,,0.0459,,,3102.0,,,0.1987,,,3340.0,,,167.0,,,2404.0,,,595836.0,,,10787,,,0.4464,,,
201705,21340,"El Paso, TX",76,166975.0,,,3834,,,80.0,,,1032,,,138,,,0.0219,,,810.0,,,0.13,,,1431.0,,,94.0,,,1854.0,,,208057.0,,,5282,,,0.3732,,,
201705,17820,"Colorado Springs, CO",81,376203.0,,,1802,,,31.0,,,2082,,,134,,,0.0264,,,732.0,,,0.1422,,,1259.0,,,132.0,,,3105.0,,,471538.0,,,3075,,,0.6986,,,
201705,32580,"McAllen-Edinburg-Mission, TX",84,189450.0,,,1997,,,79.0,,,566,,,10,,,0.0039,,,330.0,,,0.1276,,,17.0,,,90.0,,,2144.0,,,245639.0,,,2016,,,0.0083,,,
201704,19100,"Dallas-Fort Worth-Arlington, TX",4,379925.0,,,14075,,,40.0,,,10880,,,2860,,,0.0778,,,7824.0,,,0.211,,,13150.0,,,138.0,,,2754.0,,,553576.0,,,27187,,,0.9343,,,
201704,26420,"Houston-Pasadena-The Woodlands, TX",5,319900.0,,,25490,,,47.0,,,10780,,,1876,,,0.0401,,,12264.0,,,0.2513,,,11826.0,,,122.0,,,2578.0,,,438423.0,,,37298,,,0.4639,,,
201704,19740,"Denver-Aurora-Centennial, CO",18,499990.0,,,4976,,,24.0,,,5860,,,288,,,0.0251,,,1564.0,,,0.1519,,,506.0,,,207.0,,,2455.0,,,681649.0,,,5427,,,0.1017,,,
201704,41700,"San Antonio-New Braunfels, TX",25,294500.0,,,7313,,,51.0,,,3648,,,568,,,0.0358,,,2180.0,,,0.1385,,,4936.0,,,122.0,,,2482.0,,,391587.0,,,12216,,,0.675,,,
201704,12420,"Austin-Round Rock-San Marcos, TX",26,399000.0,,,6736,,,41.0,,,3912,,,536,,,0.0403,,,2376.0,,,0.168,,,3126.0,,,167.0,,,2412.0,,,605847.0,,,9845,,,0.4641,,,
201704,21340,"El Paso, TX",76,165950.0,,,3897,,,78.0,,,1056,,,120,,,0.0189,,,684.0,,,0.108,,,1398.0,,,94.0,,,1834.0,,,208245.0,,,5333,,,0.3587,,,
201704,17820,"Colorado Springs, CO",81,369900.0,,,1589,,,33.0,,,1840,,,136,,,0.0289,,,540.0,,,0.1147,,,1230.0,,,132.0,,,3091.0,,,475021.0,,,2811,,,0.7741,,,
201704,32580,"McAllen-Edinburg-Mission, TX",84,187000.0,,,1988,,,77.0,,,556,,,20,,,0.0079,,,360.0,,,0.1391,,,20.0,,,90.0,,,2125.0,,,243878.0,,,2005,,,0.0101,,,
201703,19100,"Dallas-Fort Worth-Arlington, TX",4,374310.0,,,13558,,,41.0,,,10152,,,2636,,,0.0739,,,7700.0,,,0.2152,,,11670.0,,,137.0,,,2722.0,,,542350.0,,,25221,,,0.8607,,,
201703,26420,"Houston-Pasadena-The Woodlands, TX",5,316250.0,,,24122,,,48.0,,,10250,,,1866,,,0.0413,,,11172.0,,,0.2452,,,10764.0,,,121.0,,,2544.0,,,433657.0,,,34869,,,0.4462,,,
201703,19740,"Denver-Aurora-Centennial, CO",18,500000.0,,,4344,,,22.0,,,5618,,,224,,,0.0216,,,1384.0,,,0.1336,,,347.0,,,184.0,,,2860.0,,,691155.0,,,4687,,,0.0798,,,
201703,41700,"San Antonio-New Braunfels, TX",25,291860.0,,,7025,,,55.0,,,3506,,,830,,,0.0505,,,1900.0,,,0.1251,,,4213.0,,,122.0,,,2454.0,,,381482.0,,,11212,,,0.5997,,,
201703,12420,"Austin-Round Rock-San Marcos, TX",26,392543.0,,,6193,,,43.0,,,3986,,,484,,,0.0376,,,2074.0,,,0.1609,,,2661.0,,,166.0,,,2386.0,,,598081.0,,,8831,,,0.4296,,,
201703,21340,"El Paso, TX",76,165950.0,,,3859,,,92.0,,,956,,,158,,,0.026,,,636.0,,,0.1041,,,1293.0,,,94.0,,,1837.0,,,204881.0,,,5139,,,0.335,,,
201703,17820,"Colorado Springs, CO",81,371189.0,,,1456,,,32.0,,,1676,,,132,,,0.0318,,,412.0,,,0.0982,,,1108.0,,,130.0,,,3116.0,,,474049.0,,,2578,,,0.761,,,
201703,32580,"McAllen-Edinburg-Mission, TX",84,189000.0,,,1979,,,78.0,,,578,,,12,,,0.0047,,,354.0,,,0.1345,,,12.0,,,90.0,,,2136.0,,,245735.0,,,1990,,,0.0061,,,
201702,19100,"Dallas-Fort Worth-Arlington, TX",4,367000.0,,,13173,,,46.0,,,9012,,,2288,,,0.0683,,,6712.0,,,0.2004,,,10491.0,,,135.0,,,2677.0,,,524004.0,,,23674,,,0.7964,,,
201702,26420,"Houston-Pasadena-The Woodlands, TX",5,310554.0,,,23109,,,57.0,,,9050,,,1424,,,0.0338,,,9450.0,,,0.2215,,,9583.0,,,120.0,,,2526.0,,,425780.0,,,32671,,,0.4147,,,
201702,19740,"Denver-Aurora-Centennial, CO",18,499998.0,,,4053,,,30.0,,,4392,,,242,,,0.0275,,,1086.0,,,0.1286,,,310.0,,,182.0,,,2869.0,,,689434.0,,,4341,,,0.0764,,,
201702,41700,"San Antonio-New Braunfels, TX",25,287500.0,,,6411,,,66.0,,,2866,,,730,,,0.0497,,,2400.0,,,0.1909,,,3683.0,,,121.0,,,2431.0,,,376346.0,,,10060,,,0.5745,,,
201702,12420,"Austin-Round Rock-San Marcos, TX",26,394000.0,,,5605,,,55.0,,,3068,,,598,,,0.0538,,,1778.0,,,0.1601,,,2413.0,,,167.0,,,2371.0,,,594911.0,,,8003,,,0.4304,,,
201702,21340,"El Paso, TX",76,164895.0,,,3899,,,98.0,,,1028,,,226,,,0.0371,,,646.0,,,0.1062,,,1122.0,,,93.0,,,1833.0,,,204176.0,,,5019,,,0.2876,,,
201702,17820,"Colorado Springs, CO",81,355737.0,,,1407,,,52.0,,,1394,,,90,,,0.0233,,,364.0,,,0.0952,,,970.0,,,129.0,,,3055.0,,,471027.0,,,2373,,,0.6891,,,
201702,32580,"McAllen-Edinburg-Mission, TX",84,185000.0,,,1994,,,94.0,,,548,,,20,,,0.0078,,,316.0,,,0.1239,,,5.0,,,90.0,,,2109.0,,,245633.0,,,2001,,,0.0025,,,
201701,19100,"Dallas-Fort Worth-Arlington, TX",4,354950.0,,,12991,,,64.0,,,7948,,,1860,,,0.0627,,,6362.0,,,0.2157,,,8442.0,,,133.0,,,2653.0,,,509411.0,,,21431,,,0.6498,,,
201701,26420,"Houston-Pasadena-The Woodlands, TX",5,309000.0,,,22708,,,71.0,,,7850,,,1442,,,0.0382,,,7896.0,,,0.2118,,,7630.0,,,120.0,,,2513.0,,,421742.0,,,30312,,,0.336,,,
201701,19740,"Denver-Aurora-Centennial, CO",18,499529.0,,,4123,,,56.0,,,3692,,,200,,,0.0243,,,1108.0,,,0.1352,,,276.0,,,180.0,,,2843.0,,,683607.0,,,4398,,,0.0669,,,
201701,41700,"San Antonio-New Braunfels, TX",25,284454.0,,,6816,,,72.0,,,2760,,,690,,,0.0533,,,2638.0,,,0.2114,,,3296.0,,,121.0,,,2427.0,,,372213.0,,,10100,,,0.4835,,,
201701,12420,"Austin-Round Rock-San Marcos, TX",26,389000.0,,,5466,,,74.0,,,2728,,,496,,,0.0505,,,1446.0,,,0.1467,,,1907.0,,,166.0,,,2345.0,,,584812.0,,,7371,,,0.3488,,,
201701,21340,"El Paso, TX",76,164375.0,,,3863,,,102.0,,,914,,,108,,,0.0188,,,650.0,,,0.1121,,,979.0,,,92.0,,,1842.0,,,203565.0,,,4841,,,0.2533,,,
201701,17820,"Colorado Springs, CO",81,346838.0,,,1501,,,69.0,,,1006,,,148,,,0.0434,,,326.0,,,0.0956,,,867.0,,,127.0,,,3033.0,,,456471.0,,,2364,,,0.5773,,,
201701,32580,"McAllen-Edinburg-Mission, TX",84,185000.0,,,1953,,,99.0,,,486,,,10,,,0.004,,,246.0,,,0.0997,,,5.0,,,90.0,,,2119.0,,,245736.0,,,1956,,,0.0023,,,
201612,19100,"Dallas-Fort Worth-Arlington, TX",4,354000.0,,,13880,,,61.0,,,5472,,,2524,,,0.0829,,,6760.0,,,0.2274,,,9554.0,,,132.0,,,2658.0,,,505350.0,,,23428,,,0.6883,,,
201612,26420,"Houston-Pasadena-The Woodlands, TX",5,307000.0,,,23638,,,68.0,,,5628,,,1464,,,0.0422,,,8072.0,,,0.2141,,,8461.0,,,119.0,,,2527.0,,,421190.0,,,32077,,,0.3579,,,
201612,19740,"Denver-Aurora-Centennial, CO",18,489900.0,,,4695,,,57.0,,,2556,,,184,,,0.0263,,,1020.0,,,0.1344,,,340.0,,,175.0,,,2872.0,,,665237.0,,,5035,,,0.0724,,,
201612,41700,"San Antonio-New Braunfels, TX",25,279900.0,,,7174,,,68.0,,,2232,,,856,,,0.0749,,,2592.0,,,0.2072,,,3579.0,,,120.0,,,2419.0,,,367858.0,,,10731,,,0.4989,,,
201612,12420,"Austin-Round Rock-San Marcos, TX",26,387725.0,,,5801,,,73.0,,,1984,,,228,,,0.0229,,,1300.0,,,0.1308,,,2171.0,,,166.0,,,2347.0,,,586739.0,,,7958,,,0.3742,,,
201612,21340,"El Paso, TX",76,163500.0,,,4016,,,93.0,,,752,,,112,,,0.0188,,,612.0,,,0.1027,,,1137.0,,,91.0,,,1845.0,,,202201.0,,,5171,,,0.2831,,,
201612,17820,"Colorado Springs, CO",81,349000.0,,,1790,,,65.0,,,800,,,68,,,0.0173,,,396.0,,,0.1088,,,1061.0,,,125.0,,,3024.0,,,462582.0,,,2840,,,0.5927,,,
201612,32580,"McAllen-Edinburg-Mission, TX",84,189000.0,,,1976,,,95.0,,,384,,,12,,,0.0051,,,204.0,,,0.0821,,,7.0,,,90.0,,,2166.0,,,248882.0,,,1983,,,0.0035,,,
201611,19100,"Dallas-Fort Worth-Arlington, TX",4,360275.0,,,15504,,,53.0,,,7560,,,1828,,,0.0537,,,7326.0,,,0.2153,,,10960.0,,,132.0,,,2704.0,,,522890.0,,,26462,,,0.7069,,,
201611,26420,"Houston-Pasadena-The Woodlands, TX",5,309250.0,,,25247,,,61.0,,,7136,,,1618,,,0.0383,,,10190.0,,,0.2415,,,9787.0,,,119.0,,,2538.0,,,425430.0,,,35047,,,0.3876,,,
201611,19740,"Denver-Aurora-Centennial, CO",18,474900.0,,,6115,,,44.0,,,4022,,,230,,,0.0225,,,2332.0,,,0.2212,,,406.0,,,173.0,,,2769.0,,,638194.0,,,6520,,,0.0664,,,
201611,41700,"San Antonio-New Braunfels, TX",25,281200.0,,,7575,,,66.0,,,2414,,,820,,,0.0596,,,3270.0,,,0.236,,,3772.0,,,119.0,,,2432.0,,,368814.0,,,11312,,,0.498,,,
201611,12420,"Austin-Round Rock-San Marcos, TX",26,388250.0,,,6473,,,65.0,,,2304,,,322,,,0.0295,,,2224.0,,,0.1949,,,2413.0,,,165.0,,,2369.0,,,585092.0,,,8873,,,0.3727,,,
201611,21340,"El Paso, TX",76,162950.0,,,4059,,,82.0,,,766,,,142,,,0.0232,,,622.0,,,0.1017,,,1309.0,,,92.0,,,1835.0,,,200518.0,,,5363,,,0.3225,,,
201611,17820,"Colorado Springs, CO",81,339475.0,,,2173,,,59.0,,,1140,,,88,,,0.0212,,,656.0,,,0.1433,,,1246.0,,,124.0,,,2996.0,,,451174.0,,,3412,,,0.5733,,,
201611,32580,"McAllen-Edinburg-Mission, TX",84,185000.0,,,2025,,,88.0,,,426,,,8,,,0.0033,,,256.0,,,0.1019,,,6.0,,,90.0,,,2109.0,,,245665.0,,,2030,,,0.003,,,
201610,19100,"Dallas-Fort Worth-Arlington, TX",4,359999.0,,,16062,,,50.0,,,8572,,,1848,,,0.052,,,8028.0,,,0.2199,,,11340.0,,,132.0,,,2715.0,,,524168.0,,,27407,,,0.706,,,
201610,26420,"Houston-Pasadena-The Woodlands, TX",5,311900.0,,,25764,,,60.0,,,7804,,,1612,,,0.0373,,,11560.0,,,0.2672,,,10225.0,,,119.0,,,2560.0,,,427762.0,,,35969,,,0.3969,,,
201610,19740,"Denver-Aurora-Centennial, CO",18,465000.0,,,7099,,,37.0,,,5208,,,204,,,0.0166,,,3152.0,,,0.2478,,,428.0,,,171.0,,,2747.0,,,628375.0,,,7505,,,0.0603,,,
201610,41700,"San Antonio-New Braunfels, TX",25,281123.0,,,7691,,,65.0,,,2732,,,896,,,0.0617,,,3780.0,,,0.262,,,4065.0,,,119.0,,,2436.0,,,371389.0,,,11736,,,0.5285,,,
201610,12420,"Austin-Round Rock-San Marcos, TX",26,394773.0,,,6943,,,61.0,,,2752,,,588,,,0.0474,,,2728.0,,,0.2273,,,2561.0,,,165.0,,,2407.0,,,600554.0,,,9484,,,0.3689,,,
201610,21340,"El Paso, TX",76,163500.0,,,4077,,,82.0,,,928,,,124,,,0.0194,,,716.0,,,0.1095,,,1371.0,,,91.0,,,1838.0,,,200044.0,,,5449,,,0.3363,,,
201610,17820,"Colorado Springs, CO",81,332900.0,,,2500,,,54.0,,,1304,,,112,,,0.0218,,,840.0,,,0.1646,,,1319.0,,,122.0,,,2996.0,,,436849.0,,,3798,,,0.5276,,,
201610,32580,"McAllen-Edinburg-Mission, TX",84,185000.0,,,1971,,,85.0,,,500,,,12,,,0.0048,,,312.0,,,0.1243,,,5.0,,,89.0,,,2100.0,,,245220.0,,,1975,,,0.0025,,,
201609,19100,"Dallas-Fort Worth-Arlington, TX",4,356995.0,,,16121,,,48.0,,,8528,,,2324,,,0.0638,,,9078.0,,,0.2473,,,12221.0,,,130.0,,,2706.0,,,520337.0,,,28368,,,0.7581,,,
201609,26420,"Houston-Pasadena-The Woodlands, TX",5,316275.0,,,26330,,,57.0,,,8158,,,1778,,,0.0397,,,12870.0,,,0.2866,,,10740.0,,,119.0,,,2577.0,,,430456.0,,,37004,,,0.4079,,,
201609,19740,"Denver-Aurora-Centennial, CO",18,467899.0,,,7402,,,35.0,,,5542,,,248,,,0.0185,,,3426.0,,,0.2632,,,444.0,,,171.0,,,2778.0,,,626910.0,,,7841,,,0.0599,,,
201609,41700,"San Antonio-New Braunfels, TX",25,284950.0,,,7971,,,61.0,,,2696,,,784,,,0.0523,,,4044.0,,,0.2724,,,4372.0,,,119.0,,,2460.0,,,374016.0,,,12309,,,0.5485,,,
201609,12420,"Austin-Round Rock-San Marcos, TX",26,389968.0,,,7158,,,58.0,,,2920,,,386,,,0.0302,,,2850.0,,,0.2289,,,2772.0,,,164.0,,,2400.0,,,599865.0,,,9874,,,0.3873,,,
201609,21340,"El Paso, TX",76,162700.0,,,3970,,,82.0,,,868,,,126,,,0.0203,,,714.0,,,0.1148,,,1416.0,,,91.0,,,1834.0,,,198904.0,,,5386,,,0.3565,,,
201609,17820,"Colorado Springs, CO",81,324681.0,,,2701,,,48.0,,,1464,,,96,,,0.0168,,,1034.0,,,0.1832,,,1478.0,,,121.0,,,2866.0,,,427898.0,,,4184,,,0.5472,,,
201609,32580,"McAllen-Edinburg-Mission, TX",84,184950.0,,,1935,,,85.0,,,502,,,16,,,0.0066,,,304.0,,,0.1252,,,4.0,,,89.0,,,2140.0,,,246834.0,,,1939,,,0.0021,,,
201608,19100,"Dallas-Fort Worth-Arlington, TX",4,354204.0,,,16481,,,43.0,,,9646,,,2532,,,0.0641,,,9172.0,,,0.2323,,,13208.0,,,129.0,,,2708.0,,,515549.0,,,29641,,,0.8014,,,
201608,26420,"Houston-Pasadena-The Woodlands, TX",5,319900.0,,,26626,,,53.0,,,8674,,,1864,,,0.0397,,,13288.0,,,0.2657,,,12157.0,,,119.0,,,2592.0,,,433791.0,,,38764,,,0.4566,,,
201608,19740,"Denver-Aurora-Centennial, CO",18,465099.0,,,7311,,,31.0,,,6260,,,232,,,0.0165,,,3446.0,,,0.2459,,,461.0,,,170.0,,,2808.0,,,629023.0,,,7775,,,0.063,,,
201608,41700,"San Antonio-New Braunfels, TX",25,283993.0,,,8164,,,56.0,,,3128,,,880,,,0.0552,,,4306.0,,,0.27,,,4693.0,,,119.0,,,2463.0,,,373451.0,,,12806,,,0.5749,,,
201608,12420,"Austin-Round Rock-San Marcos, TX",26,386991.0,,,7227,,,51.0,,,3072,,,354,,,0.0268,,,2966.0,,,0.2217,,,3100.0,,,162.0,,,2399.0,,,595441.0,,,10309,,,0.4289,,,
201608,21340,"El Paso, TX",76,162450.0,,,4033,,,83.0,,,838,,,90,,,0.0142,,,750.0,,,0.115,,,1493.0,,,91.0,,,1837.0,,,198839.0,,,5526,,,0.3701,,,
201608,17820,"Colorado Springs, CO",81,325000.0,,,2882,,,44.0,,,1682,,,102,,,0.0167,,,1330.0,,,0.2159,,,1514.0,,,121.0,,,2879.0,,,429583.0,,,4394,,,0.5252,,,
201608,32580,"McAllen-Edinburg-Mission, TX",84,185000.0,,,1899,,,87.0,,,538,,,16,,,0.0066,,,304.0,,,0.1237,,,7.0,,,90.0,,,2130.0,,,247221.0,,,1905,,,0.0034,,,
201607,19100,"Dallas-Fort Worth-Arlington, TX",4,359990.0,,,15733,,,43.0,,,11076,,,2672,,,0.0643,,,9268.0,,,0.2249,,,13525.0,,,130.0,,,2740.0,,,537164.0,,,29331,,,0.8597,,,
201607,26420,"Houston-Pasadena-The Woodlands, TX",5,328000.0,,,26703,,,51.0,,,9896,,,1948,,,0.0395,,,13952.0,,,0.283,,,12212.0,,,122.0,,,2609.0,,,455401.0,,,39003,,,0.4573,,,
201607,19740,"Denver-Aurora-Centennial, CO",18,469500.0,,,7062,,,28.0,,,6292,,,296,,,0.0214,,,3308.0,,,0.2396,,,420.0,,,169.0,,,2883.0,,,634224.0,,,7472,,,0.0595,,,
201607,41700,"San Antonio-New Braunfels, TX",25,287950.0,,,8014,,,56.0,,,3532,,,864,,,0.0546,,,4436.0,,,0.2715,,,4948.0,,,120.0,,,2479.0,,,380572.0,,,12909,,,0.6174,,,
201607,12420,"Austin-Round Rock-San Marcos, TX",26,399000.0,,,7065,,,45.0,,,3664,,,364,,,0.0263,,,3076.0,,,0.223,,,3270.0,,,164.0,,,2439.0,,,614444.0,,,10317,,,0.4628,,,
201607,21340,"El Paso, TX",76,163500.0,,,4050,,,79.0,,,1000,,,116,,,0.0175,,,744.0,,,0.1142,,,1532.0,,,92.0,,,1837.0,,,202286.0,,,5589,,,0.3783,,,
201607,17820,"Colorado Springs, CO",81,329900.0,,,2899,,,37.0,,,2048,,,132,,,0.0197,,,1324.0,,,0.2118,,,1526.0,,,121.0,,,2994.0,,,434582.0,,,4415,,,0.5264,,,
201607,32580,"McAllen-Edinburg-Mission, TX",84,189500.0,,,1865,,,89.0,,,504,,,8,,,0.0035,,,276.0,,,0.1146,,,8.0,,,90.0,,,2136.0,,,249880.0,,,1873,,,0.0043,,,
