LAST UPDATED,FREQUENCY,PERIOD BEGIN,PERIOD END,REGION ID,REGION TYPE,REGION NAME,HOMES SOLD,HOMES SOLD MOM (%),HOMES SOLD YOY (%),MEDIAN SALE PRICE NSA ($),MEDIAN SALE PRICE NSA MOM (%),MEDIAN SALE PRICE NSA YOY (%),MEDIAN DAYS ON MARKET (DAYS),MEDIAN DAYS ON MARKET MOM (%),MEDIAN DAYS ON MARKET YOY (%),NEW LISTINGS,NEW LISTINGS MOM (%),NEW LISTINGS YOY (%),ACTIVE LISTINGS,ACTIVE LISTINGS MOM (%),ACTIVE LISTINGS YOY (%),PENDING SALES,PENDING SALES MOM (%),PENDING SALES YOY (%),MEDIAN NEW LISTING PRICE PER SQ.FT. ($),MEDIAN NEW LISTING PRICE PER SQ.FT. MOM (%),MEDIAN NEW LISTING PRICE PER SQ.FT. YOY (%)
2026-08-03,Monthly,2026-07-01,2026-07-31,1,State,Alabama,5104,-4.23,-1.41,306248,NA,2.42,63,0,0,6727,1.75,2.56,30464,0.6,4.76,6544,1.12,5.51,163.36,-0.41,2.64
2026-08-03,Monthly,2026-07-01,2026-07-31,3,State,Alaska,737,7.26,8.33,436430,NA,3.94,32,300,200,903,3.29,16.92,2713,2.15,7.12,791,2.58,2.45,258.22,1.06,5.27
2026-08-03,Monthly,2026-07-01,2026-07-31,5,State,Arizona,8352,0.39,2.91,438422,NA,0.79,66,0,-200,10862,0.03,-0.61,47724,0.51,-2.41,9362,-3.78,-8.09,257.1,-0.6,0.96
2026-08-03,Monthly,2026-07-01,2026-07-31,7,State,Arkansas,3061,-4.47,-3.74,282664,NA,5.39,58,300,500,4104,-1.42,-0.93,18737,0.29,4.99,3528,-2.38,-3.75,163.85,-0.1,3.44
2026-08-03,Monthly,2026-07-01,2026-07-31,9,State,California,22995,-1.18,1.85,759766,NA,1.3,43,0,-400,28874,0.08,-2.59,105271,-0.83,-5.64,25883,-3.03,-0.68,468.58,-0.15,1.6
2026-08-03,Monthly,2026-07-01,2026-07-31,11,State,Colorado,7022,-0.75,-0.26,557992,NA,1.45,49,0,0,9220,-1.45,0,38459,0.39,-2,7934,-2.97,-5.76,269.12,-1.43,-0.69
2026-08-03,Monthly,2026-07-01,2026-07-31,17,State,Columbia,532,-0.11,-3,677562,NA,0.08,68,400,200,834,8.9,3.35,3785,0.95,-0.87,587,-1.65,-6.03,491.46,0.7,2.91
2026-08-03,Monthly,2026-07-01,2026-07-31,13,State,Connecticut,3124,0.1,-0.91,473297,NA,5.18,39,0,-100,3453,-2.76,-1.54,10207,-1.95,-2.39,3513,-2.15,-2.92,256.04,-0.53,4.61
2026-08-03,Monthly,2026-07-01,2026-07-31,15,State,Delaware,1072,-8.25,-3.1,418494,NA,2.89,55,-100,600,1424,0.67,7.36,5528,1.08,8.41,1250,-3.27,-5.79,221.16,-0.05,4.18
2026-08-03,Monthly,2026-07-01,2026-07-31,19,State,Florida,29484,-2.68,5.13,393584,NA,2.9,72,100,-200,42270,0.34,-0.08,201125,0.03,-8.4,35789,-0.87,6.36,238.79,0.08,1.04
2026-08-03,Monthly,2026-07-01,2026-07-31,21,State,Georgia,10160,-4.12,-6.81,371663,NA,1.83,59,200,-100,13816,-10.57,-8.54,68186,-3.64,1.55,12145,-3.7,-3.92,184.09,-0.16,1.38
2026-08-03,Monthly,2026-07-01,2026-07-31,25,State,Hawaii,1063,4.96,12.7,751645,NA,4.61,89,-500,-900,1392,-7.92,3.19,8427,1.58,1.29,1303,6.45,5.65,683.35,-3.84,0.92
2026-08-03,Monthly,2026-07-01,2026-07-31,27,State,Idaho,2565,-4.8,3.05,494167,NA,3.98,46,-400,-700,2746,-1.12,-1.02,10384,-2.63,-16.14,2685,-8.29,-1.02,276.34,0.33,3.75
2026-08-03,Monthly,2026-07-01,2026-07-31,29,State,Illinois,11252,-1.23,-1.66,338681,NA,6.5,50,0,-100,14187,2.88,6.88,46229,1.29,3.43,13350,0.6,3.87,195,0.03,5.33
2026-08-03,Monthly,2026-07-01,2026-07-31,31,State,Indiana,7106,-0.73,2.04,283978,NA,3.26,37,100,300,8608,1.55,3.66,27688,0.66,4.9,7929,-2.67,-3.11,154.14,-0.12,3.04
2026-08-03,Monthly,2026-07-01,2026-07-31,33,State,Iowa,3114,-4.98,-1.45,264448,NA,7.94,37,-100,-300,3953,0.03,2.63,13715,0.71,1.74,3463,-2.46,-1.91,166.45,1.27,6.75
2026-08-03,Monthly,2026-07-01,2026-07-31,35,State,Kansas,2695,-3.16,1.14,303906,NA,1.3,26,0,100,3224,2.14,0.45,9607,0.18,-4.19,3068,-1.68,-2.11,154.11,0.43,4.55
2026-08-03,Monthly,2026-07-01,2026-07-31,37,State,Kentucky,3739,-3.5,-4.86,290953,NA,3.95,50,100,700,4833,-1.51,-0.03,18821,-0.16,8.86,4551,0.36,0.05,171.87,0.35,2.63
2026-08-03,Monthly,2026-07-01,2026-07-31,39,State,Louisiana,3234,-4.53,-5.48,264050,NA,5.66,62,200,0,4168,1.56,-4.5,19865,-0.29,-8.4,3734,-4.98,-5.05,150.44,0.24,2.37
2026-08-03,Monthly,2026-07-01,2026-07-31,41,State,Maine,1484,-2.39,-1.27,423476,NA,0.71,50,0,-900,1978,-0.27,9.55,7782,2.07,4.25,1651,-6.51,-8.56,273.08,-0.98,4.34
2026-08-03,Monthly,2026-07-01,2026-07-31,43,State,Maryland,5494,-3.57,-2.02,453369,NA,3.04,44,0,300,6980,-3.06,4.2,24826,0.08,10.53,6485,-1.13,0.38,226.01,-0.91,-0.93
2026-08-03,Monthly,2026-07-01,2026-07-31,45,State,Massachusetts,5400,1.08,3.36,672580,NA,0.42,27,0,200,6688,-0.4,2.56,19976,1.81,10.95,6129,-4.02,2.74,377.3,-0.56,3.09
2026-08-03,Monthly,2026-07-01,2026-07-31,47,State,Michigan,9407,-2.9,-6.95,298872,NA,3.6,34,100,200,12356,0.11,2.53,39587,0.57,6.21,11105,-19.19,0.35,177.4,-0.57,6.07
2026-08-03,Monthly,2026-07-01,2026-07-31,49,State,Minnesota,5912,-0.88,1.74,373655,NA,2.37,35,200,0,7296,-0.03,6.04,27508,NA,9.19,6260,-3.16,-0.42,194.46,-0.43,1.39
2026-08-03,Monthly,2026-07-01,2026-07-31,51,State,Mississippi,1830,0.03,0.72,278996,NA,7.31,49,0,100,2480,-0.57,-1.19,11312,1.25,8.81,2363,-3.15,1.03,151.17,-0.79,2.45
2026-08-03,Monthly,2026-07-01,2026-07-31,2,State,Missouri,6651,-0.72,1.22,298825,NA,4.85,33,100,0,8454,0.94,5.68,28365,1.15,4.81,7768,-0.89,2.43,165.72,0.34,3.79
2026-08-03,Monthly,2026-07-01,2026-07-31,4,State,Montana,1061,-0.7,3.4,518135,NA,-1.31,85,100,300,1382,4.4,0.67,7273,1.08,-0.07,1676,6.48,46.92,296.11,0.29,4.75
2026-08-03,Monthly,2026-07-01,2026-07-31,6,State,Nebraska,1557,-12.32,-14.52,323635,NA,6.11,33,200,400,1913,-5.53,-10.8,6136,-0.87,-9.38,1609,-6.31,-15.01,163.88,-0.95,2.62
2026-08-03,Monthly,2026-07-01,2026-07-31,8,State,Nevada,3405,-1.7,4.88,473271,NA,2.89,59,0,-100,4160,-1.07,0.55,18059,-1.18,-4.06,3885,-4.54,-0.18,264.79,0.28,0.54
2026-08-03,Monthly,2026-07-01,2026-07-31,10,State,New Hampshire,1578,1.95,6,548028,NA,6.41,44,0,500,1829,0.57,5.38,5965,0.67,9.25,1716,-2.1,2.61,294.84,-1.23,3.29
2026-08-03,Monthly,2026-07-01,2026-07-31,12,State,New Jersey,7312,0.16,1.41,602831,NA,7.65,43,0,-300,9076,-1.64,2.56,31332,0.21,6.24,8045,-4.35,-2.41,328.16,0,3.32
2026-08-03,Monthly,2026-07-01,2026-07-31,14,State,New Mexico,1708,-0.66,0.96,363592,NA,2.42,54,0,200,1672,-16.59,-20.36,8428,-3.44,-5.74,1980,-3.75,-0.53,211.78,0,2.71
2026-08-03,Monthly,2026-07-01,2026-07-31,16,State,New York,10470,0.39,-2.21,557992,NA,6.28,37,100,200,14046,-0.07,0.74,50881,-1.28,0.58,12041,-1.37,0.74,317.08,-3.12,-1.17
2026-08-03,Monthly,2026-07-01,2026-07-31,18,State,North Carolina,12168,-1.38,-1.56,380630,NA,1.5,67,200,1300,15606,0.28,-0.35,68996,0.9,9.01,13795,-1.2,-1.85,204.38,-0.69,0.35
2026-08-03,Monthly,2026-07-01,2026-07-31,20,State,North Dakota,655,-3.22,2.8,323835,NA,6.18,43,100,-200,689,-6.91,-8.94,2591,-1.54,-6.77,687,-1.66,-2.6,170.98,2.41,4.77
2026-08-03,Monthly,2026-07-01,2026-07-31,22,State,Ohio,11209,0.01,2.42,279992,NA,3.74,43,0,0,13664,2.81,6.25,44213,1.83,7.72,13304,-1.09,2.12,169.31,0.67,3.72
2026-08-03,Monthly,2026-07-01,2026-07-31,23,State,Oklahoma,3844,-9.27,-4.2,264548,NA,1.75,46,-200,200,5068,-0.92,-3.13,21044,0.59,0.65,4363,-5.09,-7.76,157.93,0.27,2.86
2026-08-03,Monthly,2026-07-01,2026-07-31,24,State,Oregon,3977,-2.41,3.51,523118,NA,1.58,39,-200,-300,4876,1.81,2.18,19709,-0.46,-3.11,4527,-8.78,1.03,295.01,-1.31,0.44
2026-08-03,Monthly,2026-07-01,2026-07-31,26,State,Pennsylvania,10300,-3.6,-1.95,328817,NA,4.39,37,-200,100,13141,-1.73,4.64,43059,-0.11,6.72,12071,-1.66,2.86,189.74,0.71,3.78
2026-08-03,Monthly,2026-07-01,2026-07-31,58,State,Puerto Rico,NA,NA,NA,NA,NA,NA,NA,NA,NA,NA,NA,NA,NA,NA,NA,NA,NA,NA,NA,NA,NA
2026-08-03,Monthly,2026-07-01,2026-07-31,28,State,Rhode Island,866,-7.54,-7.58,533082,NA,6.62,33,200,100,1163,0.02,8.35,3195,0.57,2.74,1026,-0.76,1.7,297.43,-1.02,5.08
2026-08-03,Monthly,2026-07-01,2026-07-31,30,State,South Carolina,7244,-2.5,-2.64,353727,NA,0.21,72,-300,-300,9171,-0.61,-2.55,42319,-2.76,0.53,8387,-1.41,-3.13,194.24,-0.11,3.03
2026-08-03,Monthly,2026-07-01,2026-07-31,32,State,South Dakota,681,-10.88,-10.82,344261,NA,2.76,51,-200,200,956,6.54,2.55,4021,1.77,-1.28,882,1.07,5.14,188.69,-1.99,-1.87
2026-08-03,Monthly,2026-07-01,2026-07-31,34,State,Tennessee,7797,-4.76,-3.16,383620,NA,2.3,69,100,300,10480,1.24,-0.72,50579,1.56,5.91,9003,-1.92,-6.64,215.2,-0.1,2.32
2026-08-03,Monthly,2026-07-01,2026-07-31,36,State,Texas,25509,-6.07,-7.17,344261,NA,1.25,66,-100,-100,39725,-0.12,-2.43,179767,-0.24,-4.33,31595,-2.02,-4.5,175.96,-0.63,-0.21
2026-08-03,Monthly,2026-07-01,2026-07-31,38,State,Utah,3038,-4.82,-4.65,530963,NA,1.14,53,0,200,4635,0.4,1.2,18826,-0.06,2.42,3807,-3.11,-8.2,245.25,-0.26,0.58
2026-08-03,Monthly,2026-07-01,2026-07-31,40,State,Vermont,625,1.92,3.24,447390,NA,4.04,67,0,800,843,-0.13,-0.46,3753,1.05,13.22,775,2.82,4.44,265.23,1.33,5.32
2026-08-03,Monthly,2026-07-01,2026-07-31,42,State,Virginia,8745,-1.31,-0.7,448386,NA,3.08,37,0,100,10544,-1.8,2.46,34665,0.15,5.96,9706,-2.4,-2.2,233.1,-0.42,2.45
2026-08-03,Monthly,2026-07-01,2026-07-31,44,State,Washington,7022,-2.48,-3.48,607813,NA,-1.17,31,-100,300,9442,1.83,4.81,33961,1.98,11.78,7593,-5.16,-5.62,340.29,-0.3,0.6
2026-08-03,Monthly,2026-07-01,2026-07-31,46,State,West Virginia,1169,-5.67,-3.17,259068,NA,3.63,56,200,100,1503,2.36,-4.45,5673,-0.29,-4.94,1465,2.44,-1.04,152.26,0.39,6.05
2026-08-03,Monthly,2026-07-01,2026-07-31,48,State,Wisconsin,5679,-1.44,1.05,357157,NA,6.61,51,0,100,6531,-0.16,3.56,22608,0.12,4.79,6408,-0.65,3.88,199.67,-0.11,4.22
2026-08-03,Monthly,2026-07-01,2026-07-31,50,State,Wyoming,588,-6.86,-4.87,388602,NA,5.81,45,100,-200,885,NA,-10.71,2921,-0.84,-8.36,796,5.84,20.9,192.77,-1.34,0.76
2026-08-03,Monthly,2026-06-01,2026-06-30,1,State,Alabama,5330,-0.25,6.32,305000,NA,2.01,63,0,300,6611,-3.51,1.92,30283,-0.18,4.48,6472,-0.48,7.56,164.03,0.96,3.07
2026-08-03,Monthly,2026-06-01,2026-06-30,3,State,Alaska,687,4.34,0.57,439950,NA,7.44,29,0,0,874,-0.65,11.88,2656,2.43,2.23,771,-4.1,-3.58,255.52,0.38,4.2
2026-08-03,Monthly,2026-06-01,2026-06-30,5,State,Arizona,8319,-1.88,2.42,445000,NA,2.3,66,-300,0,10858,0.66,-0.2,47481,-0.39,-4.13,9730,-3.19,2.77,258.64,0.58,1.8
2026-08-03,Monthly,2026-06-01,2026-06-30,7,State,Arkansas,3204,0.72,2.27,282500,NA,1.4,55,100,300,4163,-3.25,-2.02,18683,-0.51,5.1,3614,-1.91,2.07,164.02,0.66,4.77
2026-08-03,Monthly,2026-06-01,2026-06-30,9,State,California,23270,0.45,4.9,775000,NA,1.64,43,100,0,28850,-1.39,-2.16,106157,-2.29,-6.97,26691,1.6,4,469.26,0.27,1.51
2026-08-03,Monthly,2026-06-01,2026-06-30,11,State,Colorado,7075,-3.49,-1.72,565000,NA,0,49,0,200,9355,1.09,-1.89,38309,-0.35,-3.19,8177,0.26,-1.21,273.03,0.7,1.24
2026-08-03,Monthly,2026-06-01,2026-06-30,17,State,Columbia,533,-7.73,1.43,700000,NA,-0.99,64,0,-300,766,-13.04,-10.17,3749,-2.33,-3.97,596,-4.07,-6.14,488.03,-0.95,0.72
2026-08-03,Monthly,2026-06-01,2026-06-30,13,State,Connecticut,3121,2.34,1.48,475000,NA,5.56,39,0,0,3551,-2.23,2.11,10409,-0.33,-0.31,3590,-0.61,0.75,257.41,1.32,6.23
2026-08-03,Monthly,2026-06-01,2026-06-30,15,State,Delaware,1168,-3.43,1.43,415000,NA,2.47,55,400,800,1415,-2.07,3.34,5469,0.19,7.41,1293,-0.85,3.17,221.27,1.71,5.26
2026-08-03,Monthly,2026-06-01,2026-06-30,19,State,Florida,30296,0.05,9.27,400000,NA,3.09,71,0,-100,42125,-0.91,-1.63,201069,-0.37,-9.52,36104,-0.72,7.98,238.6,-0.05,1.05
2026-08-03,Monthly,2026-06-01,2026-06-30,21,State,Georgia,10596,-1.47,-3.88,375000,NA,0.27,57,-200,-100,15448,-6.93,4.68,70763,-2.5,7.56,12611,-2.31,1.84,184.39,-0.14,0.96
2026-08-03,Monthly,2026-06-01,2026-06-30,54,State,Guam,NA,NA,NA,NA,NA,NA,NA,NA,NA,NA,NA,NA,NA,NA,NA,NA,NA,NA,NA,NA,NA
2026-08-03,Monthly,2026-06-01,2026-06-30,25,State,Hawaii,1013,6.56,2.43,749000,NA,-0.13,94,600,500,1511,-0.67,8.17,8296,0.67,-2.3,1224,-4.92,-1.96,710.64,4.04,6.43
2026-08-03,Monthly,2026-06-01,2026-06-30,27,State,Idaho,2695,-3.69,11.61,499047,NA,3.38,49,200,-300,2777,-5.18,-1.8,10665,-3.88,-14.05,2928,-0.49,12.33,275.42,-0.12,3.57
2026-08-03,Monthly,2026-06-01,2026-06-30,29,State,Illinois,11392,-0.56,-0.93,345000,NA,6.81,50,0,-100,13789,0.33,1.79,45642,-0.14,1.15,13271,-0.36,0.02,194.94,0.99,6.47
2026-08-03,Monthly,2026-06-01,2026-06-30,31,State,Indiana,7159,-0.92,3.07,289700,NA,5.35,36,100,200,8477,-0.86,1.66,27506,-1.13,5,8146,-1.68,2.8,154.33,0.16,2.73
2026-08-03,Monthly,2026-06-01,2026-06-30,33,State,Iowa,3277,-0.5,1.64,265000,NA,4.85,38,0,-300,3952,-0.59,6.2,13618,-0.76,2.13,3550,-2.7,1.65,164.36,0.87,6.23
2026-08-03,Monthly,2026-06-01,2026-06-30,35,State,Kansas,2783,-0.58,5.59,305000,NA,5.17,26,0,100,3156,-3.61,-3.05,9590,-2.66,-3.55,3121,-0.94,1.33,153.45,1.02,4.56
2026-08-03,Monthly,2026-06-01,2026-06-30,37,State,Kentucky,3875,-2.74,1.19,290000,NA,3.57,49,0,500,4907,-4.64,2.92,18851,-0.21,10.08,4534,-3.42,1.05,171.27,0.67,2.92
2026-08-03,Monthly,2026-06-01,2026-06-30,39,State,Louisiana,3387,-3.37,-0.73,265000,NA,1.15,60,0,-300,4103,-3.12,-6.86,19923,-2.27,-7.98,3930,-2.1,1.52,150.08,0.26,2.28
2026-08-03,Monthly,2026-06-01,2026-06-30,41,State,Maine,1520,1.68,6.02,440000,NA,3.53,50,-200,-900,1983,-1.79,8.93,7624,2.78,2.14,1766,2.08,4.53,275.79,2.45,3.79
2026-08-03,Monthly,2026-06-01,2026-06-30,43,State,Maryland,5697,-1.62,1.62,460000,NA,2.22,44,-200,300,7200,-1.84,2.5,24808,0.07,10.86,6559,0.19,1.32,228.08,0.33,0.32
2026-08-03,Monthly,2026-06-01,2026-06-30,45,State,Massachusetts,5343,-0.34,3.31,690000,NA,1.47,27,0,200,6715,0.01,2.44,19620,-0.14,9.31,6386,1.95,8.47,379.41,0.42,2.63
2026-08-03,Monthly,2026-06-01,2026-06-30,47,State,Michigan,9688,0.09,-2.6,300000,NA,4.17,33,0,100,12342,0.22,2.5,39363,0.3,6.13,13742,19.33,24.16,178.41,1.27,7.89
2026-08-03,Monthly,2026-06-01,2026-06-30,49,State,Minnesota,5964,-1.47,1.92,375000,NA,1.35,33,-100,-100,7298,-1.74,6.92,27099,NA,9.69,6464,-3.15,4.02,195.3,0,2.28
2026-08-03,Monthly,2026-06-01,2026-06-30,51,State,Mississippi,1829,-1.83,-0.67,279000,NA,3.33,49,100,300,2494,-4.41,1.87,11172,0.85,8.3,2439,3.31,8.24,152.38,0.89,4.5
2026-08-03,Monthly,2026-06-01,2026-06-30,2,State,Missouri,6699,0.57,2.18,299900,NA,3.41,32,0,-100,8375,0.99,3.59,28043,-0.65,3.95,7838,-0.08,3.24,165.15,0.21,3.35
2026-08-03,Monthly,2026-06-01,2026-06-30,4,State,Montana,1068,-0.96,9.26,529500,NA,6.11,84,0,400,1324,-7.96,-6.89,7195,-0.59,-1.32,1574,13.56,31.88,295.25,1.08,2.57
2026-08-03,Monthly,2026-06-01,2026-06-30,6,State,Nebraska,1776,-5.27,-1.62,328495,NA,5.97,31,-400,200,2024,-1.73,0.18,6190,-1.15,-4.54,1718,-4.21,-3.59,165.45,1.58,4.14
2026-08-03,Monthly,2026-06-01,2026-06-30,8,State,Nevada,3463,2.06,8.95,482000,NA,3.66,60,-100,300,4205,-6.38,-2.85,18275,-2.23,-3.77,4070,3.3,10.13,264.04,-0.4,-0.65
2026-08-03,Monthly,2026-06-01,2026-06-30,10,State,New Hampshire,1547,-0.27,9.04,545000,NA,2.83,45,100,600,1818,-0.03,3.37,5925,0.14,9.88,1753,0.86,7.18,298.51,2.14,3.87
2026-08-03,Monthly,2026-06-01,2026-06-30,12,State,New Jersey,7300,1.31,2.03,591000,NA,4.6,42,0,-200,9227,-2.21,5.16,31267,0.29,6.86,8411,2.32,4.66,328.14,0.73,3.48
2026-08-03,Monthly,2026-06-01,2026-06-30,14,State,New Mexico,1719,-1.57,3.2,356500,NA,1.28,54,300,600,2005,-5.85,-4.39,8728,-2.61,-2.04,2057,0.99,4.37,211.78,1.14,2.3
2026-08-03,Monthly,2026-06-01,2026-06-30,16,State,New York,10429,1.04,-1.97,546000,NA,5.87,36,-100,100,14056,1.1,1.99,51542,-1.12,1.7,12208,-0.64,2.91,327.29,1.77,4.84
2026-08-03,Monthly,2026-06-01,2026-06-30,18,State,North Carolina,12338,-1.23,1.19,385000,NA,1.32,65,200,1300,15563,-2.97,-1.09,68380,-0.01,9.08,13963,-1.42,-0.05,205.8,0.42,1.7
2026-08-03,Monthly,2026-06-01,2026-06-30,20,State,North Dakota,676,3.17,15.3,335000,NA,4.69,42,100,200,740,-2.14,0.12,2631,-2.92,-3.92,698,-4.31,-2.17,166.96,0.2,1.93
2026-08-03,Monthly,2026-06-01,2026-06-30,22,State,Ohio,11207,-2.38,2.5,280000,NA,2.56,43,0,100,13291,-2.87,2.05,43420,-0.47,5.65,13451,-0.69,4.1,168.18,-0.26,3
2026-08-03,Monthly,2026-06-01,2026-06-30,23,State,Oklahoma,4237,0.84,11.71,262000,NA,0.77,47,-100,200,5115,-5.2,0.29,20922,-1.05,2.02,4597,-1.5,1.78,157.51,0.05,2.45
2026-08-03,Monthly,2026-06-01,2026-06-30,24,State,Oregon,4075,0.71,7.51,520000,NA,-1.7,42,-200,100,4789,-3.14,-2.33,19801,-1.35,-2.87,4963,4.31,10.12,298.92,0.01,1.95
2026-08-03,Monthly,2026-06-01,2026-06-30,26,State,Pennsylvania,10685,0.37,2.87,338950,NA,5.92,39,200,300,13373,0.93,10.5,43109,0.18,7.09,12275,-0.41,4.57,188.39,0.24,2.83
2026-08-03,Monthly,2026-06-01,2026-06-30,58,State,Puerto Rico,NA,NA,NA,NA,NA,NA,NA,NA,NA,NA,NA,NA,NA,NA,NA,NA,NA,NA,NA,NA,NA
2026-08-03,Monthly,2026-06-01,2026-06-30,28,State,Rhode Island,937,8.71,1.49,535000,NA,4.9,32,-100,0,1162,0.04,1.81,3177,-0.21,-0.01,1034,-1.26,4.37,300.49,3.02,4.08
2026-08-03,Monthly,2026-06-01,2026-06-30,30,State,South Carolina,7430,-0.72,1.52,360000,NA,2.86,76,0,500,9227,-2.32,-1.94,43520,-1.95,4.83,8507,-3.05,0.48,194.44,1.14,2.55
2026-08-03,Monthly,2026-06-01,2026-06-30,32,State,South Dakota,764,-9.76,0.94,340000,NA,1.34,53,0,-300,897,-9.96,-8.84,3951,-0.91,-0.39,873,-1.38,2.78,192.52,0.13,3.43
2026-08-03,Monthly,2026-06-01,2026-06-30,34,State,Tennessee,8187,-2.64,4.24,392500,NA,3.29,68,0,400,10352,-5.79,-1.63,49801,-1.06,5.07,9179,-0.29,-2.67,215.42,0.63,2.54
2026-08-03,Monthly,2026-06-01,2026-06-30,36,State,Texas,27158,-0.98,1.82,345000,NA,-0.86,68,-200,200,39774,0.06,-0.43,180193,-1.3,-4.02,32247,-1.03,-0.5,177.08,0.38,0.47
2026-08-03,Monthly,2026-06-01,2026-06-30,38,State,Utah,3192,-2.93,2.21,534245,NA,2.35,53,100,300,4617,0.62,2.27,18837,-0.49,2.27,3929,0.61,-1.23,245.9,-0.72,0.77
2026-08-03,Monthly,2026-06-01,2026-06-30,40,State,Vermont,614,-4.73,2.25,425000,NA,-1.73,68,0,700,844,-4.94,1.01,3714,0.54,14.09,754,-4.38,4.58,261.74,2.84,4.44
2026-08-03,Monthly,2026-06-01,2026-06-30,60,State,Virgin Islands of the U.S.,NA,NA,NA,NA,NA,NA,NA,NA,NA,NA,NA,NA,NA,NA,NA,NA,NA,NA,NA,NA,NA
2026-08-03,Monthly,2026-06-01,2026-06-30,42,State,Virginia,8861,-1.13,0.78,462000,NA,3.82,37,0,100,10737,-2.43,4.4,34612,0.1,6.14,9945,-1.85,-1.59,234.08,0.68,3.47
2026-08-03,Monthly,2026-06-01,2026-06-30,44,State,Washington,7200,-0.99,-0.88,617329,NA,-1.43,32,100,700,9272,-2.24,1.26,33301,0.2,9.46,8006,-2.08,-1.79,341.32,1.18,0.48
2026-08-03,Monthly,2026-06-01,2026-06-30,46,State,West Virginia,1239,3.53,3.34,275000,NA,4.56,54,-100,-100,1468,-6.2,-4.93,5689,-2.13,-1.62,1430,-4.83,2.95,151.66,0.7,5.92
2026-08-03,Monthly,2026-06-01,2026-06-30,48,State,Wisconsin,5762,1.03,2.44,360000,NA,5.88,50,0,0,6541,-3.46,4.2,22581,-0.05,4.98,6450,-1.79,5.15,199.89,0.03,3.75
2026-08-03,Monthly,2026-06-01,2026-06-30,50,State,Wyoming,631,-3.62,5.84,375000,NA,2.74,44,-400,0,1053,NA,-7.47,2946,-3.73,-5.43,752,-0.29,12.99,195.38,0.65,1.46
2026-08-03,Monthly,2026-05-01,2026-05-31,1,State,Alabama,5343,0.83,2.06,305000,NA,3.39,63,100,300,6852,-1.54,2.6,30338,-0.13,5.4,6503,-1.1,6.65,162.46,0.08,1.68
2026-08-03,Monthly,2026-05-01,2026-05-31,3,State,Alaska,658,2.53,-3.5,425000,NA,3.03,29,-200,-100,880,5.87,7.76,2593,3.14,-1.8,804,2.26,4.33,254.55,0.94,4.06
2026-08-03,Monthly,2026-05-01,2026-05-31,5,State,Arizona,8479,0.37,5.59,449000,NA,0.9,69,200,400,10787,1.36,-2.03,47668,-0.22,-3.47,10051,-0.69,6.64,257.16,0.25,0.85
2026-08-03,Monthly,2026-05-01,2026-05-31,7,State,Arkansas,3182,-5.86,2.86,279000,NA,3.37,53,0,400,4302,-1.49,4.7,18779,-0.18,7.77,3684,-3.09,4.31,162.94,-0.2,2.65
2026-08-03,Monthly,2026-05-01,2026-05-31,9,State,California,23165,0.25,5.48,778000,NA,2.1,41,100,0,29255,-1.38,-5.39,108646,-0.99,-5.62,26271,-2.66,2.17,467.99,-0.15,0.21
2026-08-03,Monthly,2026-05-01,2026-05-31,11,State,Colorado,7331,-1.78,2.18,565000,NA,1.67,49,0,200,9255,-2.82,-9.28,38443,-1.35,-3.33,8156,-6.91,-7.71,271.13,-0.79,0.05
2026-08-03,Monthly,2026-05-01,2026-05-31,17,State,Columbia,577,6.85,17.84,717409,NA,1.9,64,0,100,881,-1.56,-0.77,3839,1.59,-0.74,622,0.15,1.55,492.73,-0.86,-1.31
2026-08-03,Monthly,2026-05-01,2026-05-31,13,State,Connecticut,3050,1,-3.61,459500,NA,8.12,39,-200,0,3632,0.47,4.48,10444,2.68,-0.1,3612,1.12,0.27,254.04,-1.09,3.53
2026-08-03,Monthly,2026-05-01,2026-05-31,15,State,Delaware,1210,6.8,1.8,410000,NA,2.5,51,100,700,1445,-1.49,4.18,5458,1,7.67,1304,1.24,5.31,217.56,0.42,1.88
2026-08-03,Monthly,2026-05-01,2026-05-31,19,State,Florida,30282,1.54,9.16,396500,NA,1.93,70,-100,100,42513,1.24,-0.54,201817,-0.47,-9.6,36366,-0.55,10.48,238.71,1.08,1.24
2026-08-03,Monthly,2026-05-01,2026-05-31,21,State,Georgia,10754,0.85,-0.81,370000,NA,1.37,59,-200,200,16599,-5.37,8.71,72574,-0.85,11.66,12910,-1.89,1.27,184.65,-0.67,1.34
2026-08-03,Monthly,2026-05-01,2026-05-31,25,State,Hawaii,950,5.34,3.95,725000,NA,-1.86,88,-900,-200,1521,6.78,1.87,8241,2.27,-2.77,1287,4.93,10.86,683.05,-1.72,0.28
2026-08-03,Monthly,2026-05-01,2026-05-31,27,State,Idaho,2798,3.76,16.46,494900,NA,4.19,47,-300,-400,2929,-3.92,-4,11095,-3.32,-10.15,2942,-2.18,13.52,275.74,0.66,3.36
2026-08-03,Monthly,2026-05-01,2026-05-31,29,State,Illinois,11456,-0.01,1.56,335000,NA,6.01,50,0,100,13744,-0.86,-1.04,45707,0.02,1.53,13319,-4.3,2.26,193.02,0.02,5.64
2026-08-03,Monthly,2026-05-01,2026-05-31,31,State,Indiana,7225,0.61,3.7,281000,NA,4.07,35,-100,200,8551,-0.82,2.25,27820,-1.49,6.6,8284,-0.65,2.25,154.09,0.12,3.17
2026-08-03,Monthly,2026-05-01,2026-05-31,33,State,Iowa,3293,0,0.15,252000,NA,1.82,38,-100,-400,3976,2.66,3.09,13722,-1.26,1.38,3649,1.25,4.08,162.94,-0.22,2.96
2026-08-03,Monthly,2026-05-01,2026-05-31,35,State,Kansas,2800,1.55,1.05,295000,NA,5.36,26,100,100,3275,-1.95,-3.29,9852,-1.71,-0.18,3150,-1.58,-0.06,151.9,0.18,2.88
2026-08-03,Monthly,2026-05-01,2026-05-31,37,State,Kentucky,3984,1.62,4.94,282500,NA,2.73,49,100,600,5146,-2,7.7,18890,1.33,11.5,4695,-2.82,6,170.12,0.63,2.97
2026-08-03,Monthly,2026-05-01,2026-05-31,39,State,Louisiana,3505,-0.81,5.99,260000,NA,1.56,60,-400,-200,4236,-3.77,-8.54,20386,-3.09,-5.65,4014,-2.3,3.85,149.7,0.16,1.94
2026-08-03,Monthly,2026-05-01,2026-05-31,41,State,Maine,1495,0.28,-1.23,430000,NA,1.18,52,-300,0,2019,1.91,8.37,7418,2.76,-1.07,1730,-2.8,-3.03,269.2,-1.63,-0.37
2026-08-03,Monthly,2026-05-01,2026-05-31,43,State,Maryland,5791,0.84,3.9,450000,NA,2.8,45,0,600,7335,-2.22,3.65,24790,0.81,11.78,6547,-0.54,0.37,227.33,-0.73,-0.86
2026-08-03,Monthly,2026-05-01,2026-05-31,45,State,Massachusetts,5361,4.96,1.04,665000,NA,0,27,0,300,6714,0.15,3.86,19648,0.8,11.44,6264,-0.19,6.28,377.83,-0.05,2.12
2026-08-03,Monthly,2026-05-01,2026-05-31,47,State,Michigan,9680,-0.73,-3.32,295000,NA,5.39,34,0,300,12315,0.32,2.28,39244,0.86,6.42,11516,3.51,6.69,176.18,1.47,5.72
2026-08-03,Monthly,2026-05-01,2026-05-31,49,State,Minnesota,6053,3.27,3.78,364000,NA,1.11,34,-200,200,7427,-0.91,7.92,26171,NA,9.78,6674,0.55,9.7,195.3,0.57,2.38
2026-08-03,Monthly,2026-05-01,2026-05-31,51,State,Mississippi,1863,-1.19,2.97,281000,NA,4.11,48,200,400,2609,-0.28,8.02,11078,0.95,7.58,2361,-1.74,1.2,151.04,-0.28,3.92
2026-08-03,Monthly,2026-05-01,2026-05-31,2,State,Missouri,6661,-0.9,0.63,295000,NA,5.36,32,100,-100,8293,-2.32,-3.65,28228,0.79,1.35,7844,-0.63,0.84,164.8,0.15,4.97
2026-08-03,Monthly,2026-05-01,2026-05-31,4,State,Montana,1079,-1.02,10.79,515000,NA,3.02,85,-100,700,1438,0.08,-6.78,7238,-0.75,0.49,1386,-0.54,6.88,292.08,0.97,-0.74
2026-08-03,Monthly,2026-05-01,2026-05-31,6,State,Nebraska,1875,-2.06,4.5,324800,NA,4.77,35,200,600,2060,0.4,-2.84,6262,-2.22,-2.6,1793,-1.87,-1.69,162.87,0.29,2.97
2026-08-03,Monthly,2026-05-01,2026-05-31,8,State,Nevada,3394,0.26,5.32,475000,NA,3.26,60,0,500,4492,-0.1,-4.32,18691,-0.96,-1.35,3940,-1.52,4.63,265.11,-0.53,-0.08
2026-08-03,Monthly,2026-05-01,2026-05-31,10,State,New Hampshire,1552,10.9,9.62,535000,NA,3.25,44,0,500,1819,-0.84,6.52,5917,0.93,11.6,1738,-1.1,5.81,292.26,-1.34,2.1
2026-08-03,Monthly,2026-05-01,2026-05-31,12,State,New Jersey,7206,3.79,-2.49,560000,NA,2.75,43,-200,-100,9435,-2.86,6.4,31177,0.79,7.29,8220,-2.31,0.52,325.76,0.08,2.73
2026-08-03,Monthly,2026-05-01,2026-05-31,14,State,New Mexico,1747,2.62,6.87,355000,NA,1.43,51,100,300,2129,0.08,-1.32,8962,-1.98,1.62,2037,-1.81,1.66,209.39,0.34,0.88
2026-08-03,Monthly,2026-05-01,2026-05-31,16,State,New York,10322,-0.59,-3.97,519500,NA,2.87,37,-200,400,13902,-3.09,-0.01,52126,0.62,2.45,12287,2.88,3.63,321.59,-2.57,2.31
2026-08-03,Monthly,2026-05-01,2026-05-31,18,State,North Carolina,12491,0.22,1.81,379190,NA,1.12,63,-100,1200,16038,-3.85,-2.27,68386,0.35,10.67,14164,-1.73,1.3,204.94,-0.43,0.31
2026-08-03,Monthly,2026-05-01,2026-05-31,20,State,North Dakota,656,0.27,3.05,312000,NA,2.61,41,100,0,757,2.11,0.48,2710,-1.23,0.71,730,2.22,8.39,166.63,-0.46,1.52
2026-08-03,Monthly,2026-05-01,2026-05-31,22,State,Ohio,11480,4.99,6.58,275000,NA,5.77,43,0,0,13683,-0.75,5.91,43626,1.42,7.51,13544,-0.24,4.06,168.63,0.4,4.02
2026-08-03,Monthly,2026-05-01,2026-05-31,23,State,Oklahoma,4202,-1.82,6.85,265000,NA,2.32,48,-400,200,5395,3.79,4.47,21143,-0.34,4.14,4667,-2.53,3.31,157.43,0.68,2.03
2026-08-03,Monthly,2026-05-01,2026-05-31,24,State,Oregon,4047,-0.95,3.75,518000,NA,-0.38,44,-400,100,4945,-6.21,-4.94,20072,-1.19,-0.95,4758,-0.12,6.45,298.89,1.03,1.41
2026-08-03,Monthly,2026-05-01,2026-05-31,26,State,Pennsylvania,10646,2.22,1.32,319750,NA,5.88,37,-100,200,13249,-1.34,4.21,43030,1.03,6.48,12325,1.43,5.84,187.95,0.2,2.42
2026-08-03,Monthly,2026-05-01,2026-05-31,58,State,Puerto Rico,NA,NA,NA,NA,NA,NA,NA,NA,NA,NA,NA,NA,NA,NA,NA,NA,NA,NA,NA,NA,NA
2026-08-03,Monthly,2026-05-01,2026-05-31,28,State,Rhode Island,862,-2.17,-11.26,510000,NA,2.51,32,-100,200,1162,-1.67,2.11,3183,0.7,-0.13,1047,4.58,1.35,291.67,-1.31,0.77
2026-08-03,Monthly,2026-05-01,2026-05-31,30,State,South Carolina,7484,0.65,1.43,350000,NA,1.19,75,-100,500,9446,-1.54,1.05,44385,0.12,7.75,8775,0.95,5.18,192.25,0.25,1
2026-08-03,Monthly,2026-05-01,2026-05-31,32,State,South Dakota,847,-2.78,9.33,344450,NA,4.38,53,-600,-1000,997,5.87,-2.06,3987,-0.51,-5.96,885,0.77,4.66,192.27,1.35,3.27
2026-08-03,Monthly,2026-05-01,2026-05-31,34,State,Tennessee,8409,1.59,8.91,385000,NA,1.34,69,-100,600,10988,-1.68,1.34,50333,0.23,7.81,9206,-2.67,-2.43,214.08,-0.51,1.82
2026-08-03,Monthly,2026-05-01,2026-05-31,36,State,Texas,27428,0.09,1.53,343000,NA,0.8,70,-100,500,39752,0.44,-2.39,182572,-0.87,-2.13,32583,-1.01,-1.02,176.41,0.22,-0.67
2026-08-03,Monthly,2026-05-01,2026-05-31,38,State,Utah,3288,-4.2,-0.4,530000,NA,1.92,52,100,200,4588,-0.7,-0.27,18929,-0.62,2.29,3905,-4.77,-3.4,247.68,1.82,1.79
2026-08-03,Monthly,2026-05-01,2026-05-31,40,State,Vermont,644,-3.87,1.92,447000,NA,3.35,68,-300,800,888,2.13,13.19,3694,1.12,15.7,788,6.35,10.62,254.52,1.59,5.29
2026-08-03,Monthly,2026-05-01,2026-05-31,42,State,Virginia,8962,-0.32,2.66,450000,NA,2.27,37,-100,300,11004,-1.84,3.62,34576,0.06,6.63,10132,-1.15,3.4,232.49,-0.31,2.15
2026-08-03,Monthly,2026-05-01,2026-05-31,44,State,Washington,7273,1.56,1.51,615000,NA,-0.49,31,-100,600,9484,-5.83,-2.03,33233,0.95,11.69,8176,-2.14,2.56,337.33,-0.81,-1.73
2026-08-03,Monthly,2026-05-01,2026-05-31,46,State,West Virginia,1197,-2.03,-3.88,270000,NA,5.88,55,-400,200,1565,-1.25,1.05,5813,-0.61,2.08,1503,-9.4,-2.59,150.61,0.55,5.82
2026-08-03,Monthly,2026-05-01,2026-05-31,48,State,Wisconsin,5703,-1.18,1.18,351000,NA,5.66,50,-100,0,6776,0.6,6.73,22591,0.68,5.79,6568,3.88,7.98,199.84,0.37,4.96
2026-08-03,Monthly,2026-05-01,2026-05-31,50,State,Wyoming,655,-0.17,5.75,370000,NA,1.38,49,100,600,1001,NA,-9.41,3060,-2.36,0.02,755,0.84,8,194.13,0.73,4.58
2026-08-03,Monthly,2026-04-01,2026-04-30,1,State,Alabama,5299,2.03,2.74,299900,NA,4.86,62,-200,200,6959,-2.6,4.35,30379,0.97,6.8,6576,2.31,10.74,162.32,0.02,1.86
2026-08-03,Monthly,2026-04-01,2026-04-30,3,State,Alaska,642,4.33,-6.56,415000,NA,7.07,31,300,-200,831,6.86,4.14,2514,2.5,-5.75,787,2.92,3.58,252.18,-0.6,3.85
2026-08-03,Monthly,2026-04-01,2026-04-30,5,State,Arizona,8448,-0.69,3.93,440000,NA,0.57,67,100,400,10642,-1.94,-6.43,47771,-0.23,-1.72,10120,-2.64,5.34,256.53,-0.2,-0.57
2026-08-03,Monthly,2026-04-01,2026-04-30,7,State,Arkansas,3380,8.06,10.44,270000,NA,2.8,53,-1200,200,4368,2.48,4.48,18814,1.71,9.74,3802,2.68,8.24,163.27,0.29,3.56
2026-08-03,Monthly,2026-04-01,2026-04-30,9,State,California,23107,0.72,1.8,765000,NA,0,40,-100,100,29666,-3.19,-6.2,109735,1.05,-2.95,26989,0.24,8.41,468.69,-0.38,-0.38
2026-08-03,Monthly,2026-04-01,2026-04-30,11,State,Colorado,7463,0.89,1.3,550000,NA,-1.79,48,0,200,9523,-4.87,-8.16,38969,0.24,1.62,8762,-2.93,3.07,273.29,-0.01,0.63
2026-08-03,Monthly,2026-04-01,2026-04-30,17,State,Columbia,540,5.24,7.86,652000,NA,-12.04,63,-600,700,894,-0.38,-3.85,3779,1.13,-1.73,621,-1.41,6.81,497.03,-1.69,-0.64
2026-08-03,Monthly,2026-04-01,2026-04-30,13,State,Connecticut,3020,0.69,-4.28,428950,NA,3.36,41,0,400,3615,8.69,4.35,10171,3.57,-3.42,3572,2.87,-0.5,256.83,1.02,6.31
2026-08-03,Monthly,2026-04-01,2026-04-30,15,State,Delaware,1133,5.36,-5.02,399940,NA,3.08,51,-100,1000,1467,1.06,1.28,5404,1.52,7.31,1288,1.55,0.22,216.64,-0.14,-0.33
2026-08-03,Monthly,2026-04-01,2026-04-30,19,State,Florida,29824,-0.64,6.74,395000,NA,2.6,71,-100,400,41994,1.28,-3.9,202769,-0.62,-8.71,36566,1.99,14.17,236.16,-0.2,-1.54
2026-08-03,Monthly,2026-04-01,2026-04-30,21,State,Georgia,10663,-1.84,-2.73,367233,NA,2.01,61,-100,600,17540,0.39,11.18,73199,0.32,14.07,13158,-0.47,5.06,185.9,0.43,1.97
2026-08-03,Monthly,2026-04-01,2026-04-30,25,State,Hawaii,902,-11.54,-5.03,725000,NA,-0.82,97,-100,800,1425,4.41,-10.01,8058,0.06,-3.87,1227,4.25,6.75,694.98,2.01,-0.05
2026-08-03,Monthly,2026-04-01,2026-04-30,27,State,Idaho,2696,2.44,11.23,474000,NA,3.07,51,-100,100,3048,0.15,-0.33,11476,-0.86,-5.03,3008,4.89,18.5,273.92,2.06,3.63
2026-08-03,Monthly,2026-04-01,2026-04-30,29,State,Illinois,11457,1.29,1.99,326000,NA,5.16,50,0,100,13864,0.68,1.73,45700,1.05,2.74,13918,1.74,8.88,192.98,1.43,4.75
2026-08-03,Monthly,2026-04-01,2026-04-30,31,State,Indiana,7181,1.91,3.69,270800,NA,2.6,35,-200,300,8621,1.39,4.45,28242,1.71,9.41,8339,2.67,4.42,153.9,-0.16,2.76
2026-08-03,Monthly,2026-04-01,2026-04-30,33,State,Iowa,3293,-0.99,3.05,242000,NA,2.98,39,-1500,-100,3872,-1.8,-1.92,13898,-1.7,3.29,3604,-0.18,4.75,163.29,2.37,4.75
2026-08-03,Monthly,2026-04-01,2026-04-30,35,State,Kansas,2757,-2.04,0.88,285450,NA,4.6,26,-100,-200,3340,1.4,3.15,10024,-0.52,4.07,3201,1.05,3.59,151.63,1.59,3.23
2026-08-03,Monthly,2026-04-01,2026-04-30,37,State,Kentucky,3920,2.89,1.83,275000,NA,4.96,48,-300,600,5251,2.01,10.39,18642,1.92,12.13,4831,3.62,12.27,169.06,0.46,1.35
2026-08-03,Monthly,2026-04-01,2026-04-30,39,State,Louisiana,3534,0.67,8.82,260000,NA,4,64,-200,0,4402,-3.96,-4,21036,-1.74,-1.57,4109,-4.93,2.12,149.45,-0.57,1.25
2026-08-03,Monthly,2026-04-01,2026-04-30,41,State,Maine,1491,1.37,1.58,417500,NA,0.6,55,-600,-100,1981,12.2,2.63,7218,1.23,-2.56,1779,1.04,3.59,273.65,2.61,4.61
2026-08-03,Monthly,2026-04-01,2026-04-30,43,State,Maryland,5743,4.23,1.38,430794,NA,-0.05,46,-100,900,7502,2.96,7.85,24590,3.42,13.69,6582,0.48,0.57,229.01,0.19,0.86
2026-08-03,Monthly,2026-04-01,2026-04-30,45,State,Massachusetts,5107,-1.61,-3.93,655000,NA,2.99,27,0,300,6703,-0.42,0.48,19491,4.68,10.6,6275,8.37,6.26,378,-0.48,0.11
2026-08-03,Monthly,2026-04-01,2026-04-30,47,State,Michigan,9751,0.97,-1.35,279900,NA,5.62,33,-100,100,12276,0.51,2.42,38910,0.83,6.26,11126,0.15,0.45,173.62,0.84,4.89
2026-08-03,Monthly,2026-04-01,2026-04-30,49,State,Minnesota,5862,-0.62,-1.14,360000,NA,0,36,100,400,7495,4.68,7.42,23740,NA,11.43,6638,4.88,7.12,194.19,0.25,1.84
2026-08-03,Monthly,2026-04-01,2026-04-30,51,State,Mississippi,1885,4.46,6.22,272500,NA,2.83,46,-100,-100,2617,-3.07,5.45,10974,1.31,7.57,2403,3.18,6.76,151.46,0.18,3.97
2026-08-03,Monthly,2026-04-01,2026-04-30,2,State,Missouri,6722,1.07,3.9,284900,NA,5.52,31,-100,-200,8490,0.29,5,28007,0.63,6.8,7893,-0.19,4.72,164.56,0.79,3.57
2026-08-03,Monthly,2026-04-01,2026-04-30,4,State,Montana,1090,0.63,15.48,510000,NA,2.2,86,-300,0,1437,-3.61,-3.3,7292,-0.15,3.91,1394,2.21,10.76,289.26,-1.13,-0.23
2026-08-03,Monthly,2026-04-01,2026-04-30,6,State,Nebraska,1915,-2.04,8.89,302558,NA,1.53,32,0,400,2052,-4.15,-5.34,6404,-1.77,2.39,1827,-1.71,2.56,162.4,0.61,1.91
2026-08-03,Monthly,2026-04-01,2026-04-30,8,State,Nevada,3385,-2.05,1.24,460000,NA,0,60,100,600,4496,-3.35,-8.09,18872,0.27,2.48,4001,1.61,5.23,266.52,-0.38,0.18
2026-08-03,Monthly,2026-04-01,2026-04-30,10,State,New Hampshire,1399,-6.62,-5.75,510000,NA,4.08,43,0,600,1834,3.24,6.29,5862,4.35,11.39,1758,5.65,11.05,296.23,1.22,2.9
2026-08-03,Monthly,2026-04-01,2026-04-30,12,State,New Jersey,6943,0.03,-3.73,540000,NA,2.18,45,0,400,9713,8,10.44,30933,2.17,7.06,8414,6.96,5.05,325.49,0.14,3.03
2026-08-03,Monthly,2026-04-01,2026-04-30,14,State,New Mexico,1702,-0.2,-0.37,352000,NA,1.73,50,-700,100,2128,-7.3,1.02,9143,-0.04,4.76,2074,3.9,8.02,208.68,-0.66,0.4
2026-08-03,Monthly,2026-04-01,2026-04-30,16,State,New York,10383,-0.29,-3.43,500000,NA,1.63,39,0,600,14346,4.96,4.28,51804,3.77,1.32,11943,3.78,-0.42,330.07,0.72,7.41
2026-08-03,Monthly,2026-04-01,2026-04-30,18,State,North Carolina,12464,1.82,2.57,375000,NA,1.35,64,-100,1400,16681,0.87,3.98,68148,1.25,12.98,14413,0.75,5.65,205.83,0.38,0.42
2026-08-03,Monthly,2026-04-01,2026-04-30,20,State,North Dakota,654,1.27,6.33,319600,NA,1.49,40,-1400,-200,741,-1.11,-3.86,2744,-1.59,-0.07,714,-1.36,1.93,167.4,-1.12,1.75
2026-08-03,Monthly,2026-04-01,2026-04-30,22,State,Ohio,10934,1.58,-1.34,265000,NA,6.96,42,-100,100,13787,2.88,5.74,43015,2.54,6.52,13576,0.7,3.59,167.95,1.07,3.39
2026-08-03,Monthly,2026-04-01,2026-04-30,23,State,Oklahoma,4280,2.06,7.38,257000,NA,0.79,53,100,600,5198,-1.59,1.27,21216,0.03,6.34,4788,1.99,9.31,156.36,0.91,1.44
2026-08-03,Monthly,2026-04-01,2026-04-30,24,State,Oregon,4086,-0.29,4.7,507750,NA,0.54,48,200,500,5272,-2.42,-3.71,20314,0.5,2.59,4763,-1.88,5.95,295.86,-0.65,-0.26
2026-08-03,Monthly,2026-04-01,2026-04-30,26,State,Pennsylvania,10414,3.84,-3.21,310000,NA,5.8,38,-100,400,13430,4.37,7.13,42593,2.76,7.04,12151,3.17,3.57,187.57,0.57,2.97
2026-08-03,Monthly,2026-04-01,2026-04-30,58,State,Puerto Rico,NA,NA,NA,NA,NA,NA,NA,NA,NA,NA,NA,NA,NA,NA,NA,NA,NA,NA,NA,NA,NA
2026-08-03,Monthly,2026-04-01,2026-04-30,28,State,Rhode Island,881,6.08,-1.85,525000,NA,10.53,33,0,800,1182,12.7,0.75,3161,4.71,0.15,1001,7.45,-4.79,295.55,1.35,4.16
2026-08-03,Monthly,2026-04-01,2026-04-30,30,State,South Carolina,7435,0.71,2.2,349000,NA,1.16,76,-600,800,9594,1,3.16,44332,1.47,8.63,8692,0.38,3.4,191.77,-0.2,0.91
2026-08-03,Monthly,2026-04-01,2026-04-30,32,State,South Dakota,871,4.64,11.42,339900,NA,6.22,59,-800,-900,941,-13.58,-8.89,4007,-2.09,-3.86,878,-0.79,2.87,189.72,-1.31,0.19
2026-08-03,Monthly,2026-04-01,2026-04-30,34,State,Tennessee,8277,6.08,5.74,375000,NA,0,69,-200,700,11177,-2.35,2.49,50217,3.44,9.35,9459,0.75,1.16,215.18,1.42,2
2026-08-03,Monthly,2026-04-01,2026-04-30,36,State,Texas,27405,1.35,3.13,337000,NA,-0.88,70,-300,800,39579,-1.11,-2.77,184178,0.08,0.79,32915,-0.64,0.71,176.02,-0.42,-1.36
2026-08-03,Monthly,2026-04-01,2026-04-30,38,State,Utah,3432,0.42,7.05,520000,NA,0.39,51,-200,300,4621,-0.23,0.05,19046,1.92,4.9,4101,3.2,5.17,243.25,-0.87,-0.52
2026-08-03,Monthly,2026-04-01,2026-04-30,40,State,Vermont,670,12.84,20.96,430000,NA,-2.27,70,100,1500,870,6.88,4.84,3653,1.48,16.88,741,-3.65,-0.51,250.53,-2.41,-1.44
2026-08-03,Monthly,2026-04-01,2026-04-30,60,State,Virgin Islands of the U.S.,NA,NA,NA,NA,NA,NA,NA,NA,NA,NA,NA,NA,NA,NA,NA,NA,NA,NA,NA,NA,NA
2026-08-03,Monthly,2026-04-01,2026-04-30,42,State,Virginia,8991,0.82,2.95,438000,NA,3.06,38,0,500,11211,2.12,5.06,34555,2.34,8.85,10250,1.09,3.12,233.21,0.47,3.01
2026-08-03,Monthly,2026-04-01,2026-04-30,44,State,Washington,7161,-0.89,-1.23,605000,NA,-1.79,32,300,1000,10071,2.92,6.06,32921,3.62,16.1,8355,1.28,6.09,340.07,0.86,-0.88
2026-08-03,Monthly,2026-04-01,2026-04-30,46,State,West Virginia,1221,1.14,1.27,259450,NA,4.2,58,-900,100,1585,3.26,6.24,5849,1.8,5.63,1658,4.83,2.96,149.79,0.57,5.66
2026-08-03,Monthly,2026-04-01,2026-04-30,48,State,Wisconsin,5771,1.43,3.66,338500,NA,4.19,51,100,200,6735,3.34,7.44,22439,1.03,5.58,6322,-1.19,2.52,199.11,1.1,4.43
2026-08-03,Monthly,2026-04-01,2026-04-30,50,State,Wyoming,656,3.78,5.09,362500,NA,3.73,48,-400,400,957,NA,1.27,3134,0.5,3.98,748,8.03,7.33,192.73,-0.72,3.1
2026-08-03,Monthly,2026-03-01,2026-03-31,1,State,Alabama,5194,-1.96,0.57,295900,NA,3.32,64,-100,400,7144,3.18,5.3,30087,1.37,6.21,6427,2.07,4.08,162.29,-0.08,1.51
2026-08-03,Monthly,2026-03-01,2026-03-31,3,State,Alaska,615,-2.13,-7.86,402679,NA,3.25,27,-700,-200,778,5.75,-10.18,2452,0.74,-10.4,764,0.66,-6.78,253.7,-0.02,5.65
2026-08-03,Monthly,2026-03-01,2026-03-31,5,State,Arizona,8506,1.29,4.63,445990,NA,-0.11,66,-100,400,10853,0.85,-2.4,47883,0.72,1.07,10394,1.1,4.63,257.05,-0.01,-0.77
2026-08-03,Monthly,2026-03-01,2026-03-31,7,State,Arkansas,3128,-4.41,-3.25,275000,NA,5.81,65,0,1100,4262,-5.32,-2.2,18498,0.06,8.71,3703,-0.04,0.58,162.8,-0.01,3.97
2026-08-03,Monthly,2026-03-01,2026-03-31,9,State,California,22943,-1.59,-0.78,750000,NA,-0.66,41,0,400,30642,2.02,-1.53,108600,2.07,-1.27,26923,-0.87,2.8,470.49,0.23,-0.32
2026-08-03,Monthly,2026-03-01,2026-03-31,11,State,Colorado,7397,-0.29,-1.95,549000,NA,-0.72,48,-600,100,10011,-3.22,-3.42,38876,1.19,3.13,9027,0,-0.34,273.3,-0.7,0.42
2026-08-03,Monthly,2026-03-01,2026-03-31,17,State,Columbia,513,3.84,-7.52,676500,NA,3.28,69,-700,1100,898,1.93,-3.31,3736,2.14,-0.19,630,7.24,7.29,505.56,0.52,2.4
2026-08-03,Monthly,2026-03-01,2026-03-31,13,State,Connecticut,2999,-1.78,-4.41,415000,NA,5.06,41,0,300,3326,3.62,-10.48,9821,-0.47,-7.59,3472,-0.27,-6.85,254.24,0.93,5.48
2026-08-03,Monthly,2026-03-01,2026-03-31,15,State,Delaware,1075,4.38,-10.52,395000,NA,2.16,52,400,1300,1451,7.35,-2.04,5323,1.68,6.02,1268,5.74,-4.7,216.95,-0.02,2.3
2026-08-03,Monthly,2026-03-01,2026-03-31,19,State,Florida,30015,1.7,4.05,394000,NA,2.34,72,-100,500,41464,-1.39,-6.39,204029,-0.81,-7.17,35852,2.91,7.32,236.63,-0.63,-1.77
2026-08-03,Monthly,2026-03-01,2026-03-31,21,State,Georgia,10863,-0.33,0.9,359900,NA,-0.03,62,-100,700,17472,2.23,9.83,72969,0.58,15.36,13220,1.05,2.3,185.11,0.06,0.52
2026-08-03,Monthly,2026-03-01,2026-03-31,25,State,Hawaii,1020,3.01,6.81,750000,NA,1.76,98,500,1000,1365,-4.23,-18.68,8053,-1.07,-1.42,1177,-4.06,-4.95,681.32,2.58,0.83
2026-08-03,Monthly,2026-03-01,2026-03-31,27,State,Idaho,2632,0.7,11.55,465000,NA,-1.06,52,200,500,3044,0.29,-2.89,11575,-2.13,-3.54,2867,-1.73,8.94,268.39,1.19,0.25
2026-08-03,Monthly,2026-03-01,2026-03-31,29,State,Illinois,11311,0.5,-0.46,312000,NA,5.76,50,-100,100,13771,0.75,0.63,45226,0.48,1.31,13680,2.02,2.75,190.27,-0.19,3.6
2026-08-03,Monthly,2026-03-01,2026-03-31,31,State,Indiana,7047,-1.1,1.4,269900,NA,3.81,37,200,700,8503,0.3,1.46,27767,1.52,7.89,8122,0.23,-1.31,154.15,1.49,3.64
2026-08-03,Monthly,2026-03-01,2026-03-31,33,State,Iowa,3326,-0.69,1.6,245000,NA,4.03,54,1100,1300,3943,-3.58,2.83,14138,-1.35,5.96,3610,-2.15,1.2,159.51,-0.61,1.92
2026-08-03,Monthly,2026-03-01,2026-03-31,35,State,Kansas,2815,0.39,6.66,285000,NA,9.62,27,-200,-100,3293,-3.3,2.32,10076,-1.6,3.55,3167,-2.65,-2.76,149.27,-0.41,2.83
2026-08-03,Monthly,2026-03-01,2026-03-31,37,State,Kentucky,3810,-3.17,0.45,275000,NA,4.56,51,200,900,5147,8.77,6.28,18291,2.23,10.23,4663,9.04,6.05,168.29,0.4,1.44
2026-08-03,Monthly,2026-03-01,2026-03-31,39,State,Louisiana,3510,5.28,8.29,255000,NA,4.08,66,100,0,4583,1.84,0.04,21408,0.17,1.17,4322,2.79,11.99,150.31,0.95,1.59
2026-08-03,Monthly,2026-03-01,2026-03-31,41,State,Maine,1471,0.82,-0.56,384950,NA,-1.29,61,500,1000,1766,-0.29,-11.66,7131,-2.12,-1.34,1761,-0.25,1.51,266.69,2.33,-0.61
2026-08-03,Monthly,2026-03-01,2026-03-31,43,State,Maryland,5511,-4.48,-3.39,426500,NA,1.57,46,100,1200,7286,7.84,0.9,23777,0.63,11.84,6551,0.15,0,228.57,1.35,0.48
2026-08-03,Monthly,2026-03-01,2026-03-31,45,State,Massachusetts,5191,0.23,0.12,622995,NA,2.13,27,0,400,6732,5.47,4.83,18620,1.49,5.68,5791,5.7,-4.42,379.84,0.52,1.98
2026-08-03,Monthly,2026-03-01,2026-03-31,47,State,Michigan,9657,-1.85,-4.07,265000,NA,4.74,34,-100,300,12215,-0.06,1.45,38591,0.6,5.9,11109,-0.18,-0.04,172.18,0.93,4.83
2026-08-03,Monthly,2026-03-01,2026-03-31,49,State,Minnesota,5898,0.39,0.12,350000,NA,1.16,35,-200,200,7160,1.58,-1.24,20565,NA,7.69,6329,-1.54,-3.8,193.7,0.36,1.23
2026-08-03,Monthly,2026-03-01,2026-03-31,51,State,Mississippi,1805,-0.63,-1.34,260000,NA,0.63,47,-600,-200,2700,3.39,10.77,10832,1.6,6.2,2329,-0.16,1.29,151.18,0.44,2.7
2026-08-03,Monthly,2026-03-01,2026-03-31,2,State,Missouri,6651,-1.81,1.44,277750,NA,5.21,33,-100,0,8466,-1.97,5.12,27832,0.48,6.93,7909,0.25,0.98,163.27,-0.28,2.53
2026-08-03,Monthly,2026-03-01,2026-03-31,4,State,Montana,1083,3.53,19.13,499000,NA,-3.11,89,300,400,1491,-7.94,-1.39,7303,0.57,7.68,1364,2.53,10.28,292.57,-1.47,4.19
2026-08-03,Monthly,2026-03-01,2026-03-31,6,State,Nebraska,1954,2.05,11.23,304178,NA,4.89,32,-300,400,2141,2.72,5.15,6519,-1.98,5.93,1859,-6.64,-0.57,161.42,0.41,1.32
2026-08-03,Monthly,2026-03-01,2026-03-31,8,State,Nevada,3455,3.59,0.32,465000,NA,0.45,59,-600,900,4652,0.53,-3.8,18820,0.65,5.35,3938,-1.42,-0.07,267.52,0.9,-0.58
2026-08-03,Monthly,2026-03-01,2026-03-31,10,State,New Hampshire,1498,3.37,5.19,495000,NA,-1,43,100,600,1777,0.16,2.4,5618,1.08,7.47,1664,-2.16,-0.33,292.67,1.05,2.84
2026-08-03,Monthly,2026-03-01,2026-03-31,12,State,New Jersey,6941,0.5,-4.56,525000,NA,2.94,45,-100,300,8994,12.51,-1.18,30276,1.03,5.05,7866,-1.04,-7.24,325.05,0.34,3.34
2026-08-03,Monthly,2026-03-01,2026-03-31,14,State,New Mexico,1705,2.19,-1.27,349990,NA,0.72,57,400,1000,2295,6.85,7.99,9147,1.02,4.34,1997,0.1,-2.24,210.06,0.79,2.72
2026-08-03,Monthly,2026-03-01,2026-03-31,16,State,New York,10413,-1.47,-4.46,520000,NA,6.12,39,200,400,13668,1.16,-2.58,49924,0.91,-2.66,11507,0.73,-4.72,327.73,1.89,4.15
2026-08-03,Monthly,2026-03-01,2026-03-31,18,State,North Carolina,12241,-1.36,-0.1,367000,NA,0,65,0,1500,16537,5.64,3.47,67307,1.48,13.23,14305,3.98,2.96,205.04,0.41,0.36
2026-08-03,Monthly,2026-03-01,2026-03-31,20,State,North Dakota,646,3.59,3.14,305000,NA,8.54,54,300,1000,749,-1.7,-2.83,2788,-0.39,2.26,724,1.88,3.74,169.3,2.75,3.66
2026-08-03,Monthly,2026-03-01,2026-03-31,22,State,Ohio,10764,-0.84,-0.69,259900,NA,6.12,43,-100,300,13401,5.21,0.87,41949,1.47,3.97,13481,2.9,1.98,166.17,-0.15,2.44
2026-08-03,Monthly,2026-03-01,2026-03-31,23,State,Oklahoma,4194,-4.28,5.84,255000,NA,2.82,52,200,900,5282,-3.7,0.78,21209,-0.79,6.54,4695,-1.98,3.15,154.94,-0.32,0.68
2026-08-03,Monthly,2026-03-01,2026-03-31,24,State,Oregon,4097,-0.3,3.84,500000,NA,0,47,-200,400,5403,-4.39,2.1,20214,-0.15,5.18,4855,-2.78,5.5,297.78,0.49,0.38
2026-08-03,Monthly,2026-03-01,2026-03-31,26,State,Pennsylvania,10029,-5.04,-6.52,299900,NA,5.23,39,200,500,12867,4.73,1.51,41449,1.23,3.04,11778,1.15,-3.87,186.51,0.35,2.49
2026-08-03,Monthly,2026-03-01,2026-03-31,58,State,Puerto Rico,NA,NA,NA,NA,NA,NA,NA,NA,NA,NA,NA,NA,NA,NA,NA,NA,NA,NA,NA,NA,NA
2026-08-03,Monthly,2026-03-01,2026-03-31,28,State,Rhode Island,830,-2.62,-11.18,515500,NA,7.73,33,400,700,1049,9.28,-15.96,3019,-0.6,-4.21,932,3.51,-10.63,291.62,-0.23,2.34
2026-08-03,Monthly,2026-03-01,2026-03-31,30,State,South Carolina,7383,-0.94,0.5,350000,NA,3.24,82,400,1400,9498,1.37,1.69,43690,0.79,8.61,8659,2.32,1.61,192.14,0.69,-0.24
2026-08-03,Monthly,2026-03-01,2026-03-31,32,State,South Dakota,832,-6.44,-0.04,318000,NA,-0.62,66,-100,-300,1089,8.26,13.15,4093,-0.27,0,885,-1.27,3.94,192.24,2.97,4.65
2026-08-03,Monthly,2026-03-01,2026-03-31,34,State,Tennessee,7803,-5.67,-2.45,370000,NA,0,71,300,1100,11446,7.12,5.31,48549,2.88,8.54,9388,0.32,-0.69,212.17,0.72,0.69
2026-08-03,Monthly,2026-03-01,2026-03-31,36,State,Texas,27039,2.43,-0.08,335000,NA,-1.47,73,200,1100,40023,-0.11,-0.66,184022,1.33,3.41,33128,-0.4,1.54,176.76,-0.15,-1.06
2026-08-03,Monthly,2026-03-01,2026-03-31,38,State,Utah,3418,-2.11,5.1,520374,NA,2.39,53,-200,600,4631,-0.48,-0.02,18687,0.88,4.99,3974,-5.42,-3.2,245.38,-0.4,0.74
2026-08-03,Monthly,2026-03-01,2026-03-31,40,State,Vermont,594,-6.4,-8.22,424950,NA,6.24,69,-300,1400,814,4.26,3.32,3600,1.07,16.76,769,3.62,10.46,256.71,3.52,3.52
2026-08-03,Monthly,2026-03-01,2026-03-31,60,State,Virgin Islands of the U.S.,NA,NA,NA,NA,NA,NA,NA,NA,NA,NA,NA,NA,NA,NA,NA,NA,NA,NA,NA,NA,NA
2026-08-03,Monthly,2026-03-01,2026-03-31,42,State,Virginia,8918,-1.57,3.19,425000,NA,1.4,38,0,600,10978,3.73,3.39,33766,1.19,9.01,10139,1.8,0.42,232.11,0.23,2.59
2026-08-03,Monthly,2026-03-01,2026-03-31,44,State,Washington,7225,-1.04,-2.46,600000,NA,-0.83,29,-200,600,9786,-4.07,4.13,31770,2.32,14.62,8250,-1.26,-0.98,337.16,-0.64,-1.98
2026-08-03,Monthly,2026-03-01,2026-03-31,46,State,West Virginia,1208,-13.46,-2.31,255000,NA,4.51,68,900,1600,1535,8.31,0.98,5745,-1.22,3.94,1582,2.16,-0.3,148.93,0.55,5.53
2026-08-03,Monthly,2026-03-01,2026-03-31,48,State,Wisconsin,5690,-1.46,1.76,329900,NA,6.42,50,-100,0,6518,-5.36,0.76,22210,0.33,4.16,6398,-0.83,2.41,196.95,-0.01,4.15
2026-08-03,Monthly,2026-03-01,2026-03-31,50,State,Wyoming,632,-0.35,7.12,350000,NA,4.48,52,300,-200,796,NA,-4.33,3118,-1.19,4.15,693,-4.53,-1.65,194.12,2.48,7.86
2026-08-03,Monthly,2026-02-01,2026-02-28,1,State,Alabama,5298,-0.5,3.8,288000,NA,3.6,65,100,700,6924,-3.14,1.01,29679,0.14,5.51,6297,-2.56,3.74,162.42,0.31,2.52
2026-08-03,Monthly,2026-02-01,2026-02-28,3,State,Alaska,629,-1.79,0.22,415000,NA,7.79,35,200,700,736,1.13,-11.33,2434,-0.24,-10,759,0.02,-5.36,253.75,1.39,4.98
2026-08-03,Monthly,2026-02-01,2026-02-28,5,State,Arizona,8398,0.17,1.96,444000,NA,-0.22,67,200,600,10762,-1.85,-4.52,47540,0.89,3.18,10282,0,2.51,257.08,0.18,-1.17
2026-08-03,Monthly,2026-02-01,2026-02-28,7,State,Arkansas,3272,1.64,6.52,265000,NA,6,65,600,1100,4502,8.64,10.8,18487,1.43,11.17,3704,2.68,4.1,162.81,1.68,6.59
2026-08-03,Monthly,2026-02-01,2026-02-28,9,State,California,23312,3.91,-1.58,735000,NA,-1.34,41,-100,600,30036,-0.56,-4.67,106392,1.6,-1.56,27158,1.22,-1.52,469.38,-0.73,-1.01
2026-08-03,Monthly,2026-02-01,2026-02-28,11,State,Colorado,7419,8.29,0.8,538500,NA,-1.19,54,-100,700,10344,3.3,3.89,38418,2.62,5.32,9027,6,3.67,275.22,1.05,1.61
2026-08-03,Monthly,2026-02-01,2026-02-28,17,State,Columbia,495,-4.1,-17.14,594500,NA,-8.52,76,1600,2100,881,19.72,0.02,3658,2.16,-1.73,587,3.7,3.03,502.94,5.56,-0.81
2026-08-03,Monthly,2026-02-01,2026-02-28,13,State,Connecticut,3053,-0.83,-5.73,394125,NA,1.64,40,100,300,3210,-3.26,-12.9,9867,-2.77,-5.72,3482,-0.61,-3.91,251.91,-0.18,4.81
2026-08-03,Monthly,2026-02-01,2026-02-28,15,State,Delaware,1030,-8.27,-17.07,380000,NA,-2.56,48,-400,600,1352,-2.11,-6.12,5235,0.61,6.12,1199,1.43,-10.94,217,-0.59,-0.34
2026-08-03,Monthly,2026-02-01,2026-02-28,19,State,Florida,29512,1.85,3.43,385000,NA,0,73,100,700,42047,-0.47,-4.72,205694,-0.51,-4.58,34839,-0.49,2.8,238.14,0.09,-1.41
2026-08-03,Monthly,2026-02-01,2026-02-28,21,State,Georgia,10898,1.47,-0.62,350000,NA,0,64,100,800,17091,-2.75,9.9,72550,0.39,17.64,13083,0.31,5.32,185,-0.12,1.01
2026-08-03,Monthly,2026-02-01,2026-02-28,25,State,Hawaii,990,0.39,2.77,750959,NA,1.85,92,-300,400,1425,-5.58,-3.29,8140,-0.45,3.65,1227,-0.59,0.06,664.15,-2.2,-4
2026-08-03,Monthly,2026-02-01,2026-02-28,27,State,Idaho,2614,3.79,3.32,465000,NA,2.21,50,-100,200,3035,-2.66,0.1,11827,-1.13,0.5,2918,5.63,14.54,265.24,-1.02,1.59
2026-08-03,Monthly,2026-02-01,2026-02-28,29,State,Illinois,11254,1.48,-5.49,295000,NA,4.61,51,0,100,13668,0.41,-1.8,45011,0.34,0.46,13410,1.76,1.68,190.62,0.14,4.17
2026-08-03,Monthly,2026-02-01,2026-02-28,31,State,Indiana,7125,0.9,2.73,260000,NA,2.36,36,0,400,8478,0.26,3.2,27352,1.26,9.55,8103,0.94,1.8,151.89,-0.95,1.56
2026-08-03,Monthly,2026-02-01,2026-02-28,33,State,Iowa,3349,3.37,2.02,233000,NA,5.91,43,100,200,4090,4.69,10.59,14331,-0.14,7,3689,1.37,8.75,160.5,-2.21,3.71
2026-08-03,Monthly,2026-02-01,2026-02-28,35,State,Kansas,2804,-0.43,5.88,270000,NA,0.04,28,0,200,3406,1.9,7.51,10240,-0.41,5.37,3254,1.66,8.57,149.89,0.74,5.25
2026-08-03,Monthly,2026-02-01,2026-02-28,37,State,Kentucky,3935,1.65,3.23,269250,NA,3.6,48,200,500,4732,-4.5,-2.24,17892,0.28,7.83,4276,-3.64,-6.61,167.63,-0.03,1.96
2026-08-03,Monthly,2026-02-01,2026-02-28,39,State,Louisiana,3334,-2.87,-0.47,255500,NA,3.23,65,100,0,4500,2.19,-1.47,21372,-0.91,1.72,4204,-1.75,6.78,148.9,0.1,1.27
2026-08-03,Monthly,2026-02-01,2026-02-28,41,State,Maine,1459,1.29,-2.71,387500,NA,-0.39,56,0,400,1771,-2.05,-5.59,7285,0.24,3.99,1766,2.95,4.51,260.63,-2.86,-4.39
2026-08-03,Monthly,2026-02-01,2026-02-28,43,State,Maryland,5769,2.15,-0.16,422250,NA,4.26,45,200,1200,6756,-3.78,-5.64,23629,-1.1,15.49,6541,-0.74,0.78,225.53,-0.2,-2.24
2026-08-03,Monthly,2026-02-01,2026-02-28,45,State,Massachusetts,5179,0.37,-4.71,585000,NA,-0.85,28,100,400,6383,-3.8,-3.28,18347,-0.95,5.05,5479,-3.49,-6.72,377.86,0.98,0.91
2026-08-03,Monthly,2026-02-01,2026-02-28,47,State,Michigan,9839,-0.35,-2.18,258000,NA,3.2,35,100,600,12222,0.72,2.7,38361,0.61,6,11129,0.49,1.3,170.59,0.55,4.38
2026-08-03,Monthly,2026-02-01,2026-02-28,49,State,Minnesota,5875,3.91,-0.54,343000,NA,-0.58,36,300,400,7049,3.41,6.9,17480,NA,7.31,6428,5.75,3.34,193.01,0.73,1.07
2026-08-03,Monthly,2026-02-01,2026-02-28,51,State,Mississippi,1816,-0.46,-2.6,260000,NA,2.56,53,600,400,2611,1.32,3.8,10661,1,3.78,2333,-0.18,1.29,150.51,0.49,3.07
2026-08-03,Monthly,2026-02-01,2026-02-28,2,State,Missouri,6773,1.57,5.02,270000,NA,5.47,33,0,0,8636,1.73,10.39,27699,0.72,8.11,7889,-1.42,3.4,163.72,0.15,2.83
2026-08-03,Monthly,2026-02-01,2026-02-28,4,State,Montana,1046,3.1,7.59,499000,NA,-2.16,87,200,600,1620,17.51,39.57,7262,1.74,9.7,1330,3.18,13.89,296.94,2.75,7.24
2026-08-03,Monthly,2026-02-01,2026-02-28,6,State,Nebraska,1915,5.87,2.18,299022,NA,4.1,35,600,700,2084,-3.87,4.39,6651,-2.34,7.53,1991,4.74,14.17,160.75,-0.19,0.79
2026-08-03,Monthly,2026-02-01,2026-02-28,8,State,Nevada,3335,1.93,-7.77,455000,NA,0,65,700,1800,4627,3.62,-2.34,18699,1.13,7.29,3994,0.03,-1.85,265.14,0.41,-1.27
2026-08-03,Monthly,2026-02-01,2026-02-28,10,State,New Hampshire,1450,-0.89,-4.91,490000,NA,2.08,42,0,600,1774,1.96,5.07,5558,-0.41,9.5,1700,1.73,6.45,289.62,1.03,0.61
2026-08-03,Monthly,2026-02-01,2026-02-28,12,State,New Jersey,6906,-3.41,-6.82,520000,NA,5.05,46,-100,600,7993,-10.84,-12.15,29966,-0.72,5.75,7949,0.07,-2.84,323.94,0.62,3.48
2026-08-03,Monthly,2026-02-01,2026-02-28,14,State,New Mexico,1669,1.27,-8.57,350000,NA,2.34,52,0,100,2148,2.72,-5.96,9055,-0.43,2.3,1995,0.87,-2.95,208.4,0.63,1.44
2026-08-03,Monthly,2026-02-01,2026-02-28,16,State,New York,10568,-0.25,-2.31,509000,NA,1.09,37,0,100,13511,-2.31,-3.88,49476,-2.02,-2.4,11424,-0.91,-6.16,321.65,-0.89,1.35
2026-08-03,Monthly,2026-02-01,2026-02-28,18,State,North Carolina,12409,2.06,1.03,361495,NA,1.83,65,300,1700,15654,0.38,-1.38,66322,0.47,13.47,13757,-1.02,-0.99,204.2,0.48,-0.09
2026-08-03,Monthly,2026-02-01,2026-02-28,20,State,North Dakota,623,2.18,-3.74,311606,NA,6.53,51,300,500,762,2.2,9.59,2799,0.45,3.5,710,1.22,1.42,164.77,0.75,-0.55
2026-08-03,Monthly,2026-02-01,2026-02-28,22,State,Ohio,10856,0.97,-0.33,250000,NA,5.93,44,100,500,12737,-1.67,-3.82,41340,0.57,4.38,13101,0.29,-1.31,166.42,0.1,2.9
2026-08-03,Monthly,2026-02-01,2026-02-28,23,State,Oklahoma,4381,8.85,7.7,250000,NA,2.04,50,200,500,5485,7.19,10.21,21377,0.92,9.08,4790,3.17,9.3,155.43,-0.42,1.09
2026-08-03,Monthly,2026-02-01,2026-02-28,24,State,Oregon,4110,6.76,2.17,499000,NA,1.84,48,100,1100,5651,9.24,15.33,20244,2.85,6.85,4993,6.66,10.07,296.33,0.1,0.33
2026-08-03,Monthly,2026-02-01,2026-02-28,26,State,Pennsylvania,10562,-0.06,-3.34,285000,NA,3.31,36,-200,100,12286,-2.34,-4.55,40946,-0.82,2.21,11643,0.29,-2.12,185.85,0.83,3.39
2026-08-03,Monthly,2026-02-01,2026-02-28,58,State,Puerto Rico,NA,NA,NA,NA,NA,NA,NA,NA,NA,NA,NA,NA,NA,NA,NA,NA,NA,NA,NA,NA,NA
2026-08-03,Monthly,2026-02-01,2026-02-28,28,State,Rhode Island,853,-1.19,-11.55,480000,NA,2.15,29,-100,100,960,-12.02,-20.12,3037,-2.37,-0.78,900,-0.71,-7.01,292.28,-2.08,3.46
2026-08-03,Monthly,2026-02-01,2026-02-28,30,State,South Carolina,7453,0.73,1.21,335000,NA,0.02,78,300,1000,9370,-2.05,-0.29,43346,-0.15,9.43,8463,-1.04,0.52,190.81,-1.86,0.56
2026-08-03,Monthly,2026-02-01,2026-02-28,32,State,South Dakota,890,21.2,11.15,319005,NA,-0.3,68,1000,0,1006,-1.55,5.97,4104,-1.2,-1.21,896,1.81,6.9,186.7,-2.16,-0.8
2026-08-03,Monthly,2026-02-01,2026-02-28,34,State,Tennessee,8272,3.04,2.71,360000,NA,0,68,100,800,10685,2.95,-0.94,47188,-0.01,7.88,9358,-1.42,-1.42,210.66,-0.07,-0.33
2026-08-03,Monthly,2026-02-01,2026-02-28,36,State,Texas,26397,-2.09,-4.18,327563,NA,-0.74,71,100,1100,40068,1.2,-0.83,181607,1.26,4.45,33260,1.8,1.69,177.02,0.74,-1
2026-08-03,Monthly,2026-02-01,2026-02-28,38,State,Utah,3492,6.12,3.21,512500,NA,0.49,55,200,900,4654,0.34,2.3,18524,0.79,8.02,4202,1.57,10.58,246.36,1.61,-0.02
2026-08-03,Monthly,2026-02-01,2026-02-28,40,State,Vermont,634,0.46,-1.84,405000,NA,4.47,72,800,1500,781,-2.66,8.1,3562,0.39,15.12,742,5.33,9.29,247.99,-4.63,-3.44
2026-08-03,Monthly,2026-02-01,2026-02-28,42,State,Virginia,9060,1.47,4.43,410000,NA,1.23,38,100,900,10584,0.8,3.72,33370,-0.58,11.09,9961,-1.97,2.02,231.59,0.28,1.9
2026-08-03,Monthly,2026-02-01,2026-02-28,44,State,Washington,7301,0.6,-1.38,590000,NA,-1.5,31,200,1000,10201,4.56,14.33,31050,2.87,13.48,8355,0.69,2.23,339.35,-0.15,-1.61
2026-08-03,Monthly,2026-02-01,2026-02-28,46,State,West Virginia,1395,15.84,17.09,250000,NA,2.04,59,100,100,1417,-5.45,-2.08,5816,-3.46,7.21,1549,-0.26,4.28,148.11,0.61,5.19
2026-08-03,Monthly,2026-02-01,2026-02-28,48,State,Wisconsin,5774,1.76,1.61,315000,NA,3.28,52,100,300,6887,6.95,8.92,22138,0.69,3.79,6452,4.46,7.5,196.98,0.83,4.31
2026-08-03,Monthly,2026-02-01,2026-02-28,50,State,Wyoming,634,-1.89,1.81,346550,NA,-0.99,49,-400,400,622,NA,5.6,3156,-2.32,7.3,726,2.3,8.28,189.42,1.96,3.7
2026-08-03,Monthly,2026-01-01,2026-01-31,1,State,Alabama,5324,0.85,3.92,279350,NA,1.58,64,100,600,7149,6.89,10.29,29638,0.97,7.05,6463,5.37,10.55,161.91,-0.01,1.91
2026-08-03,Monthly,2026-01-01,2026-01-31,3,State,Alaska,640,-6.82,-5.75,402500,NA,3.47,33,500,800,727,-4.06,-14.13,2440,-1.58,-7.63,759,-2.65,-4.74,250.28,-2.37,4.12
2026-08-03,Monthly,2026-01-01,2026-01-31,5,State,Arizona,8384,-0.74,4.74,434990,NA,-2.25,65,0,600,10964,1.02,-0.31,47120,0.33,5.79,10282,3.84,4.67,256.62,-0.97,-1.63
2026-08-03,Monthly,2026-01-01,2026-01-31,7,State,Arkansas,3219,-0.71,2.36,265000,NA,3.92,60,400,900,4144,1.33,-3.99,18227,-0.85,9.58,3607,-0.12,0.95,160.12,-0.69,2.71
2026-08-03,Monthly,2026-01-01,2026-01-31,9,State,California,22434,-3.58,-0.55,705000,NA,-2.06,42,0,500,30206,0.71,-4.59,104714,0.09,-0.07,26830,2,-1.27,472.82,0.75,-0.58
2026-08-03,Monthly,2026-01-01,2026-01-31,11,State,Colorado,6851,-7.54,-9.41,525000,NA,-3.67,55,300,900,10013,9.84,-0.85,37437,-0.21,5.02,8515,7.12,-0.91,272.35,-0.05,-0.91
2026-08-03,Monthly,2026-01-01,2026-01-31,17,State,Columbia,516,-1.43,-18.48,656250,NA,19.32,60,300,400,736,-12.21,-21.81,3580,-3.17,-4.08,566,-5.7,-12.78,476.44,-1.82,-9.19
2026-08-03,Monthly,2026-01-01,2026-01-31,13,State,Connecticut,3079,-0.97,-1.5,415000,NA,8.5,39,0,0,3318,-3.14,-9.01,10148,-1.81,-1.58,3503,-1.05,-5.1,252.37,-0.13,6.53
2026-08-03,Monthly,2026-01-01,2026-01-31,15,State,Delaware,1123,-4.65,-11.1,396000,NA,4.21,51,200,1300,1381,6.42,-0.2,5203,-0.08,6.79,1182,-3.25,-9.45,218.29,1.21,2.92
2026-08-03,Monthly,2026-01-01,2026-01-31,19,State,Florida,28977,-3,1.08,380000,NA,0,72,-200,600,42247,2.16,-4.94,206759,-0.52,-1.59,35009,1.81,4.35,237.91,-0.14,-1.67
2026-08-03,Monthly,2026-01-01,2026-01-31,21,State,Georgia,10740,-2.68,-2.07,345000,NA,-0.93,63,0,700,17574,6.23,22,72266,-0.06,21.21,13042,0.23,7.36,185.22,0.63,1.56
2026-08-03,Monthly,2026-01-01,2026-01-31,25,State,Hawaii,986,-7.18,-3.11,735000,NA,-5.16,95,-100,1000,1509,6.63,0.08,8177,0.39,4.29,1234,2.28,2.6,679.09,-0.96,-0.61
2026-08-03,Monthly,2026-01-01,2026-01-31,27,State,Idaho,2518,-2.03,9.97,469990,NA,2.33,50,100,200,3118,3.59,-2.45,11962,-0.12,1.64,2762,2.79,5.13,267.99,1.03,0.92
2026-08-03,Monthly,2026-01-01,2026-01-31,29,State,Illinois,11090,-3.99,-6.91,287000,NA,1.59,50,0,-100,13612,3.06,-0.62,44858,0.35,0.37,13178,5.07,1.75,190.35,0.83,3.19
2026-08-03,Monthly,2026-01-01,2026-01-31,31,State,Indiana,7062,-1.2,2.76,250000,NA,0.04,35,100,600,8456,2.4,3.74,27012,0.62,10.38,8028,2.61,2.14,153.34,1.28,4.31
2026-08-03,Monthly,2026-01-01,2026-01-31,33,State,Iowa,3240,-3.4,0.45,229000,NA,4.66,41,100,200,3907,4.41,0.91,14351,1.51,4.95,3640,4.02,7.25,164.12,4.89,8.09
2026-08-03,Monthly,2026-01-01,2026-01-31,35,State,Kansas,2816,-2.39,2.93,260000,NA,1.96,28,0,100,3342,7.75,9.82,10282,0.58,5.34,3201,4.24,6.68,148.78,-1.69,4.66
2026-08-03,Monthly,2026-01-01,2026-01-31,37,State,Kentucky,3871,-1.98,1.48,262400,NA,0.94,46,100,500,4955,4.41,9.28,17841,0.29,11.35,4438,2.11,4.83,167.67,0.14,1.72
2026-08-03,Monthly,2026-01-01,2026-01-31,39,State,Louisiana,3433,-3.55,10.04,248365,NA,0.28,64,100,500,4404,3.68,6.11,21568,0.31,3.95,4279,22.77,8.63,148.75,0.4,0.35
2026-08-03,Monthly,2026-01-01,2026-01-31,41,State,Maine,1441,-6.2,-3.29,390438,NA,-0.4,56,-100,500,1808,-1.19,-7.85,7268,-1.55,3.98,1715,3.81,-1.81,268.29,0.38,-2.11
2026-08-03,Monthly,2026-01-01,2026-01-31,43,State,Maryland,5648,-2.77,-4.35,405258,NA,1.31,44,100,1100,7022,0.44,1.41,23892,-0.77,20.29,6590,1.62,2.63,225.99,-0.3,-1.36
2026-08-03,Monthly,2026-01-01,2026-01-31,45,State,Massachusetts,5159,-2.07,-1.62,620000,NA,3.33,27,0,300,6635,1.77,2.89,18522,-0.22,7.91,5677,0.6,-5.49,374.19,-1.07,0.29
2026-08-03,Monthly,2026-01-01,2026-01-31,47,State,Michigan,9873,-0.3,-0.68,250000,NA,3.31,35,200,500,12135,0.13,1.56,38129,0.35,5.92,11075,2.03,1.27,169.66,0.8,2.54
2026-08-03,Monthly,2026-01-01,2026-01-31,49,State,Minnesota,5654,-5.6,-4.44,339000,NA,1.19,33,100,0,6816,-0.56,-5.09,16671,NA,4.36,6079,2.6,-4.28,191.62,-0.63,-0.06
2026-08-03,Monthly,2026-01-01,2026-01-31,51,State,Mississippi,1825,-2.15,1.73,251900,NA,0.8,48,200,-300,2577,3.97,-0.21,10556,1.17,3.69,2337,1.66,3.98,149.77,1.09,3.06
2026-08-03,Monthly,2026-01-01,2026-01-31,2,State,Missouri,6669,-0.76,3.15,265000,NA,3.92,33,0,100,8489,5.2,9.49,27501,0.56,8.86,8002,5.81,9.81,163.47,0.73,3.04
2026-08-03,Monthly,2026-01-01,2026-01-31,4,State,Montana,1015,-0.59,3.66,499000,NA,2.89,85,0,500,1378,1.16,14.56,7138,0.57,6.79,1289,13.45,10.83,288.98,2.1,2.33
2026-08-03,Monthly,2026-01-01,2026-01-31,6,State,Nebraska,1809,-2.07,0.26,296445,NA,6.25,29,200,300,2168,3.05,4.81,6810,1.31,8.58,1901,4,3.76,161.06,-1.02,1.46
2026-08-03,Monthly,2026-01-01,2026-01-31,8,State,Nevada,3272,-3.9,-3.69,455000,NA,0,58,-200,1100,4466,3.66,-7.03,18490,0.26,8.79,3993,4.65,-0.23,264.07,-0.6,-2.62
2026-08-03,Monthly,2026-01-01,2026-01-31,10,State,New Hampshire,1463,-6.25,3.75,511100,NA,4.31,42,0,400,1740,-2.38,0.38,5580,-2.14,10.86,1671,-0.04,4.26,286.68,-0.67,-0.69
2026-08-03,Monthly,2026-01-01,2026-01-31,12,State,New Jersey,7150,-3.02,-4.14,531500,NA,1.82,47,0,800,8965,1.48,1.99,30183,0.07,9.01,7943,-3.03,-5.09,321.93,-0.34,2.41
2026-08-03,Monthly,2026-01-01,2026-01-31,14,State,New Mexico,1648,-5.3,-9.05,341500,NA,1.94,52,-100,400,2091,-1.85,-4.99,9095,-0.28,4.3,1977,2.61,-2.7,207.1,0.84,0.18
2026-08-03,Monthly,2026-01-01,2026-01-31,16,State,New York,10595,-0.91,-2.03,516250,NA,3.46,37,100,300,13831,-0.82,-1.34,50494,-0.12,0.58,11529,-1.69,-3.22,324.53,-1.47,6.79
2026-08-03,Monthly,2026-01-01,2026-01-31,18,State,North Carolina,12159,-3.75,-0.51,359995,NA,0.56,62,100,1500,15594,1.56,0.9,66010,0.39,15.31,13899,1.29,3.39,203.22,-0.11,-1.36
2026-08-03,Monthly,2026-01-01,2026-01-31,20,State,North Dakota,610,-3.23,-3.76,299450,NA,5.07,49,-200,200,746,5.98,5.47,2786,1.06,-0.94,702,3.95,-1.68,163.55,-0.33,0.62
2026-08-03,Monthly,2026-01-01,2026-01-31,22,State,Ohio,10751,-5.49,-1.84,240000,NA,6.67,43,-100,200,12953,3.12,2.22,41107,-0.29,6.14,13063,2.24,-1.19,166.25,0.42,3.43
2026-08-03,Monthly,2026-01-01,2026-01-31,23,State,Oklahoma,4025,-4,-2.87,246000,NA,2.54,49,300,600,5118,-0.51,-0.46,21183,-0.04,7.8,4642,1.79,1.94,156.08,1.49,0.95
2026-08-03,Monthly,2026-01-01,2026-01-31,24,State,Oregon,3849,-5.9,-3.87,474500,NA,-5.08,47,100,700,5173,8.86,-5.86,19683,0.18,4.2,4681,9.01,-1.11,296.02,1.35,-0.38
2026-08-03,Monthly,2026-01-01,2026-01-31,26,State,Pennsylvania,10568,-4.32,-0.51,290000,NA,5.45,38,100,500,12580,1.1,0.59,41285,0.05,4.48,11609,-0.93,-2.36,184.31,-0.15,1.75
2026-08-03,Monthly,2026-01-01,2026-01-31,58,State,Puerto Rico,NA,NA,NA,NA,NA,NA,NA,NA,NA,NA,NA,NA,NA,NA,NA,NA,NA,NA,NA,NA,NA
2026-08-03,Monthly,2026-01-01,2026-01-31,28,State,Rhode Island,863,-12.47,-8.39,500500,NA,4.29,30,-100,200,1091,-2.19,-3.59,3111,1.23,6.26,907,-9.47,-4.8,298.49,2.15,7.69
2026-08-03,Monthly,2026-01-01,2026-01-31,30,State,South Carolina,7399,-2.68,1.86,340000,NA,0,74,0,400,9566,2.42,6.73,43412,0.63,12.33,8552,3.46,6.2,194.42,2.51,1.82
2026-08-03,Monthly,2026-01-01,2026-01-31,32,State,South Dakota,734,-8.08,-0.99,310000,NA,-1.59,57,-700,-1000,1022,2.57,6.87,4154,1.48,0.39,880,3.78,3.6,190.82,1.1,2.22
2026-08-03,Monthly,2026-01-01,2026-01-31,34,State,Tennessee,8028,-5.44,2.16,363600,NA,1,68,-100,800,10378,-3.41,-2.58,47192,-0.59,9.92,9492,1.46,1.57,210.8,-0.12,-0.5
2026-08-03,Monthly,2026-01-01,2026-01-31,36,State,Texas,26960,-3.03,-2.21,325000,NA,-1.49,70,-200,1100,39591,-0.48,-1.21,179353,-0.64,5.53,32673,-0.95,1.1,175.72,-0.43,-2.49
2026-08-03,Monthly,2026-01-01,2026-01-31,38,State,Utah,3290,-4.19,6.49,514870,NA,2.97,54,0,1000,4638,0.3,2.28,18379,0.8,11.29,4136,1.77,7.77,242.46,-0.27,-1.45
2026-08-03,Monthly,2026-01-01,2026-01-31,40,State,Vermont,631,-3.6,3.71,399950,NA,-4.77,64,-400,100,802,10.59,2.41,3548,0.59,14.03,705,-3.8,-3.26,260.02,0.6,2.6
2026-08-03,Monthly,2026-01-01,2026-01-31,42,State,Virginia,8929,-0.94,2.91,399700,NA,1.19,36,0,800,10500,2.14,2.33,33566,-0.21,13.99,10160,1.94,9.86,230.93,0.45,2.73
2026-08-03,Monthly,2026-01-01,2026-01-31,44,State,Washington,7257,-4.27,-3.96,564613,NA,-2.65,29,100,700,9757,7.69,1.42,30183,0.87,11.18,8298,1.13,-1.81,339.87,0.62,-1.38
2026-08-03,Monthly,2026-01-01,2026-01-31,46,State,West Virginia,1205,-9.36,-2.14,230000,NA,-4.17,58,200,100,1499,-3.2,9.12,6025,-2.83,10.3,1553,15.79,8.22,147.21,0.51,0.16
2026-08-03,Monthly,2026-01-01,2026-01-31,48,State,Wisconsin,5674,-1.62,1.76,311000,NA,6.87,51,0,100,6440,2.87,-5.11,21986,-0.19,2.96,6177,4.49,-1.22,195.35,-0.11,3.44
2026-08-03,Monthly,2026-01-01,2026-01-31,50,State,Wyoming,646,-3.25,2.48,359500,NA,2.74,53,500,900,598,NA,6.98,3231,0.02,7.78,709,1.27,4.27,185.79,-2.9,0.24
2026-08-03,Monthly,2025-12-01,2025-12-31,1,State,Alabama,5279,0.58,-0.25,285000,NA,1.79,63,0,700,6688,0.82,0.12,29355,0.26,6.6,6133,-0.17,0.03,161.93,-0.2,2.95
2026-08-03,Monthly,2025-12-01,2025-12-31,3,State,Alaska,687,4.33,8.9,409000,NA,7.63,28,-400,-500,758,-6.87,-9.06,2479,-1.32,-2.09,780,-4.81,3.08,256.37,2.7,9.08
2026-08-03,Monthly,2025-12-01,2025-12-31,5,State,Arizona,8446,-0.08,4.44,439990,NA,0,65,0,500,10854,0.32,-0.84,46963,-0.49,8.46,9902,-4.94,1.73,259.14,0.35,-0.44
2026-08-03,Monthly,2025-12-01,2025-12-31,7,State,Arkansas,3242,2.34,1.58,264720,NA,2.21,56,-100,500,4089,-4.47,-4.49,18383,-0.93,13.24,3612,-2.38,2.34,161.23,1.27,2.44
2026-08-03,Monthly,2025-12-01,2025-12-31,9,State,California,23267,-2.25,-1.62,725000,NA,-1.36,42,-100,500,29994,0.09,-2.32,104616,-0.66,3.08,26303,-5.38,-4.04,469.32,0.71,-0.23
2026-08-03,Monthly,2025-12-01,2025-12-31,11,State,Colorado,7409,3.58,-1.92,534925,NA,-1.67,52,-100,500,9116,-2.11,-8.97,37515,-1.46,6.31,7950,-8.55,-9.65,272.49,-0.08,0.35
2026-08-03,Monthly,2025-12-01,2025-12-31,17,State,Columbia,523,-1.39,-15.6,715000,NA,13.49,56,100,-500,838,7.57,-7.37,3697,-0.09,-2.14,600,5.97,-2.05,485.29,3.08,-6.44
2026-08-03,Monthly,2025-12-01,2025-12-31,13,State,Connecticut,3109,0.33,-2.29,420000,NA,5,39,-100,0,3425,-1.94,-3.14,10335,-0.53,2.19,3540,-1.64,-3.19,252.7,1.63,6.9
2026-08-03,Monthly,2025-12-01,2025-12-31,15,State,Delaware,1178,-0.54,-3.39,405000,NA,2.53,49,200,900,1298,-4.62,-9.93,5208,-0.91,7.25,1222,-4,-8.17,215.68,-0.08,-0.72
2026-08-03,Monthly,2025-12-01,2025-12-31,19,State,Florida,29874,0.34,1.28,387000,NA,0.39,74,-100,800,41352,-1.47,-6.25,207836,-0.97,1.2,34386,-4.14,-1.91,238.25,-0.82,-2.08
2026-08-03,Monthly,2025-12-01,2025-12-31,21,State,Georgia,11035,1.15,-0.71,356027,NA,-1.1,63,0,1000,16544,0.11,10.46,72312,0.46,25.04,13013,-0.32,2,184.06,0.16,1.44
2026-08-03,Monthly,2025-12-01,2025-12-31,25,State,Hawaii,1062,-1.65,12.16,750000,NA,0,96,-200,900,1415,-5.62,-0.89,8145,-0.84,6.35,1206,-6.39,0.37,685.71,2.35,-4.09
2026-08-03,Monthly,2025-12-01,2025-12-31,27,State,Idaho,2570,-0.36,2.86,460000,NA,-0.74,50,-300,300,3010,-3.69,-3.9,11977,-1.5,4.85,2687,-4.6,6.27,265.27,0.81,1.31
2026-08-03,Monthly,2025-12-01,2025-12-31,29,State,Illinois,11551,1.37,-0.71,299900,NA,6.63,50,0,0,13208,-1.27,-5.88,44702,-0.42,0.28,12542,-5.99,-4.2,188.78,1.15,5.04
2026-08-03,Monthly,2025-12-01,2025-12-31,31,State,Indiana,7148,1.14,3.62,262000,NA,3.76,35,100,600,8257,-1.8,0.29,26847,-0.92,10.72,7823,-4.69,-2.83,151.4,-0.38,1.27
2026-08-03,Monthly,2025-12-01,2025-12-31,33,State,Iowa,3354,1.78,3.58,230000,NA,0.88,41,-100,200,3742,-3.09,-2.72,14138,-0.58,6.58,3499,-1.83,6.03,156.46,-2.14,-3.2
2026-08-03,Monthly,2025-12-01,2025-12-31,35,State,Kansas,2885,1.36,4.74,269250,NA,-0.46,28,0,100,3102,-6.74,-8.55,10223,-2.79,2.33,3070,-4.09,-2.19,151.33,1.17,7.62
2026-08-03,Monthly,2025-12-01,2025-12-31,37,State,Kentucky,3949,1.53,1.95,269900,NA,3.85,45,100,500,4746,-2.9,-2.73,17790,0.58,10.11,4346,-3.3,-2.27,167.45,-1.44,1.97
2026-08-03,Monthly,2025-12-01,2025-12-31,39,State,Louisiana,3559,3.85,4.11,246200,NA,-1.52,63,500,0,4248,-7.75,-5.05,21501,-0.7,2.89,3486,-13.48,-11.7,148.16,0.27,1.3
2026-08-03,Monthly,2025-12-01,2025-12-31,41,State,Maine,1536,5.94,4.54,391621,NA,-4.48,57,-100,600,1830,-3.21,-7.55,7382,-2.89,5.34,1652,-7.31,-8.08,267.27,-0.19,-2.7
2026-08-03,Monthly,2025-12-01,2025-12-31,43,State,Maryland,5808,1.24,-3.75,427000,NA,1.67,42,0,1000,6991,-1.4,1.43,24078,1.09,23,6485,-0.69,-2.04,226.67,0.15,-0.28
2026-08-03,Monthly,2025-12-01,2025-12-31,45,State,Massachusetts,5269,1.04,-1.42,620000,NA,0.81,27,0,400,6520,-1.47,-0.7,18563,-0.42,10.16,5643,-9.06,-3.56,378.23,1.56,4.01
2026-08-03,Monthly,2025-12-01,2025-12-31,47,State,Michigan,9903,-1.15,-0.97,265000,NA,6,33,0,300,12119,0.06,2,37996,-0.04,6.31,10855,-3.24,-2.06,168.3,-0.49,3.73
2026-08-03,Monthly,2025-12-01,2025-12-31,49,State,Minnesota,5989,1.81,1.87,347500,NA,3.12,33,0,100,6855,-4.55,-2.05,17936,NA,6.96,5925,-6.79,-9.22,192.83,0.19,0.97
2026-08-03,Monthly,2025-12-01,2025-12-31,51,State,Mississippi,1865,3.38,2.45,260000,NA,0,46,-100,100,2479,-5.3,3,10434,-0.41,3.6,2299,-4.62,-0.56,148.15,0.28,-0.37
2026-08-03,Monthly,2025-12-01,2025-12-31,2,State,Missouri,6720,0.68,2.36,275000,NA,5.77,34,0,100,8069,-2.44,0.72,27348,-1.03,7.44,7562,-3.73,-0.98,162.29,-0.52,3.54
2026-08-03,Monthly,2025-12-01,2025-12-31,4,State,Montana,1021,-0.6,1.05,475000,NA,-4.98,85,100,700,1363,-4.89,4.46,7097,-0.23,4.87,1136,-3.52,-1.45,283.03,0.3,-0.18
2026-08-03,Monthly,2025-12-01,2025-12-31,6,State,Nebraska,1847,2.56,1.35,294949,NA,5.34,27,-200,-100,2104,0.12,0.53,6722,-0.89,9.88,1828,-4.91,3.53,162.71,1.98,3.85
2026-08-03,Monthly,2025-12-01,2025-12-31,8,State,Nevada,3405,1.38,-3.24,458995,NA,2,59,-400,1300,4308,4.05,-2.58,18442,-0.32,12.64,3816,-5.41,-4.72,265.65,-0.15,-1.22
2026-08-03,Monthly,2025-12-01,2025-12-31,10,State,New Hampshire,1560,4.91,12.67,500000,NA,1.21,42,100,600,1782,1.64,8.53,5702,1.1,18.43,1672,-2.09,5.21,288.62,-1.06,4.35
2026-08-03,Monthly,2025-12-01,2025-12-31,12,State,New Jersey,7373,0.07,-2.58,540000,NA,2.86,48,-100,1000,8834,0.19,-0.23,30162,0.65,10.38,8191,-1.56,1.17,323.02,0.47,3.64
2026-08-03,Monthly,2025-12-01,2025-12-31,14,State,New Mexico,1740,8.77,-0.32,346500,NA,-0.97,53,-200,400,2131,-1.35,-1.83,9120,0.59,6.22,1927,-5.41,-6.74,205.37,-0.66,0
2026-08-03,Monthly,2025-12-01,2025-12-31,16,State,New York,10693,0.49,-0.5,495000,NA,5.32,36,0,100,13946,-1.04,-0.78,50553,-0.79,2.59,11727,-1.96,-3.19,329.38,0.62,3.82
2026-08-03,Monthly,2025-12-01,2025-12-31,18,State,North Carolina,12633,1.6,3.56,371000,NA,1.37,60,300,1400,15355,0.07,0.1,65755,0.33,16.93,13721,-4.35,-1.59,203.44,-0.83,-0.76
2026-08-03,Monthly,2025-12-01,2025-12-31,20,State,North Dakota,630,6.23,-4.37,299950,NA,1.68,50,0,600,704,-3.86,-8.2,2757,-2.43,-2.72,675,-1.71,-2.57,164.08,0.06,2.99
2026-08-03,Monthly,2025-12-01,2025-12-31,22,State,Ohio,11376,2.4,5.24,249000,NA,3.75,43,100,400,12561,-2.97,-2.25,41225,-0.88,7.29,12777,-3.08,-5.78,165.56,0.87,2.75
2026-08-03,Monthly,2025-12-01,2025-12-31,23,State,Oklahoma,4193,1.98,3.26,250000,NA,3.73,46,100,300,5144,-0.92,0.84,21192,-0.68,8.61,4561,-4.11,-1,153.79,-0.89,-0.23
2026-08-03,Monthly,2025-12-01,2025-12-31,24,State,Oregon,4091,1.58,1.33,494935,NA,0.09,46,-200,600,4752,-1.17,-4.62,19647,-1.03,6.05,4294,-7.02,-5.25,292.07,-0.07,-1.37
2026-08-03,Monthly,2025-12-01,2025-12-31,26,State,Pennsylvania,11045,1.93,3.2,295000,NA,3.51,37,100,300,12443,-1.74,-2.28,41266,-0.74,4.8,11718,-1.88,-1.37,184.59,0.42,2.23
2026-08-03,Monthly,2025-12-01,2025-12-31,58,State,Puerto Rico,NA,NA,NA,NA,NA,NA,NA,NA,NA,NA,NA,NA,NA,NA,NA,NA,NA,NA,NA,NA,NA
2026-08-03,Monthly,2025-12-01,2025-12-31,28,State,Rhode Island,986,9.83,4.29,495000,NA,5.1,31,0,400,1115,3.16,-0.1,3073,-1.45,6.13,1002,-7.1,3.61,292.2,0.05,4.11
2026-08-03,Monthly,2025-12-01,2025-12-31,30,State,South Carolina,7603,1.61,4.09,340000,NA,1.57,75,100,600,9340,-1.81,1.5,43139,-0.09,13.11,8266,-5.86,-4.18,189.67,-0.78,0.33
2026-08-03,Monthly,2025-12-01,2025-12-31,32,State,South Dakota,799,6.43,-0.93,315000,NA,2.94,64,100,0,996,14.15,6.16,4094,-0.27,-2.9,848,-0.29,0.26,188.73,-0.52,-0.22
2026-08-03,Monthly,2025-12-01,2025-12-31,34,State,Tennessee,8490,4.2,5.36,374900,NA,1.35,68,0,800,10745,-0.12,3.04,47475,-0.54,13.23,9356,-2,-0.49,211.04,-0.71,-0.24
2026-08-03,Monthly,2025-12-01,2025-12-31,36,State,Texas,27802,1.6,-0.66,333990,NA,-2.34,72,200,1300,39781,0.77,-1.3,180513,-1.03,7.68,32988,-0.94,1.08,176.48,0.07,-1.78
2026-08-03,Monthly,2025-12-01,2025-12-31,38,State,Utah,3434,5.44,5.38,525000,NA,2.14,53,100,900,4624,-0.06,3.81,18233,-0.77,13.37,4064,-3.81,5.85,243.12,-0.08,-1.4
2026-08-03,Monthly,2025-12-01,2025-12-31,40,State,Vermont,655,6.09,2.23,412000,NA,9.87,68,300,1500,725,-8.58,-10.7,3527,1.27,14.04,732,-2.05,3.32,258.47,-1.67,0.8
2026-08-03,Monthly,2025-12-01,2025-12-31,42,State,Virginia,9013,0.73,3.71,415000,NA,0,36,0,700,10280,-3.02,-3.73,33638,-0.7,15.75,9967,-4.04,1.45,229.91,0.64,2.39
2026-08-03,Monthly,2025-12-01,2025-12-31,44,State,Washington,7581,4.31,0.78,575000,NA,-2.04,28,0,700,9060,1.8,-0.35,29923,-1.26,12.69,8205,-4.35,-0.1,337.76,-0.22,-2.14
2026-08-03,Monthly,2025-12-01,2025-12-31,46,State,West Virginia,1329,10.42,4.36,249950,NA,2.86,56,-400,0,1548,-3.31,3.97,6200,-0.47,11.73,1341,-12.01,3.15,146.46,0.34,0.34
2026-08-03,Monthly,2025-12-01,2025-12-31,48,State,Wisconsin,5767,0.76,1.25,312000,NA,2.3,50,0,100,6260,-5.29,-2.21,22027,0.2,5.05,5911,-8.14,-3.74,195.57,0.47,4.84
2026-08-03,Monthly,2025-12-01,2025-12-31,50,State,Wyoming,668,9.1,5.95,358800,NA,1.07,48,-200,100,406,NA,-3.1,3230,-0.38,7.75,700,2.03,3.84,191.34,1.16,7.23
2026-08-03,Monthly,2025-11-01,2025-11-30,1,State,Alabama,5249,-0.31,-0.42,289450,NA,3.37,63,0,700,6634,-2.81,-5.55,29278,-0.33,6.99,6143,-1.2,-0.72,162.26,0.29,4.47
2026-08-03,Monthly,2025-11-01,2025-11-30,3,State,Alaska,659,8.29,-4.31,404500,NA,3.72,32,-200,200,814,1.93,-1.13,2513,0.17,1,819,2,4.45,249.63,0.93,5.92
2026-08-03,Monthly,2025-11-01,2025-11-30,5,State,Arizona,8453,2.64,5.03,440000,NA,0,65,-200,700,10819,-2.88,0.32,47196,-0.53,11.71,10416,0.47,9.19,258.23,1.46,-0.95
2026-08-03,Monthly,2025-11-01,2025-11-30,7,State,Arkansas,3168,4,0.22,265000,NA,1.92,57,100,800,4281,-0.28,5.14,18556,0.48,16.7,3700,1.67,4.12,159.21,-0.6,2.17
2026-08-03,Monthly,2025-11-01,2025-11-30,9,State,California,23803,1.58,1.92,749000,NA,-0.13,44,100,900,29966,0.95,-1.25,105309,-1.08,6.16,27797,0.52,1.81,466.03,-1.26,0.44
2026-08-03,Monthly,2025-11-01,2025-11-30,11,State,Colorado,7153,0.3,-4.73,545000,NA,-1.8,53,200,900,9312,0.28,-0.22,38071,-0.07,8.79,8692,2.07,-1.32,272.72,1.01,0.32
2026-08-03,Monthly,2025-11-01,2025-11-30,17,State,Columbia,531,2.28,-6.13,700000,NA,0.43,56,-800,200,779,-7.07,-16.68,3701,-0.16,2.29,567,-5.26,-20.98,470.79,-7.33,-4.02
2026-08-03,Monthly,2025-11-01,2025-11-30,13,State,Connecticut,3099,-1.74,-2.89,425000,NA,8.72,40,0,100,3493,-1.15,1.54,10391,-0.93,1.99,3600,1.46,-1.82,248.63,0.18,4.54
2026-08-03,Monthly,2025-11-01,2025-11-30,15,State,Delaware,1184,4.02,2.76,397322,NA,1.88,47,-100,900,1361,2.62,-3.72,5255,1.56,10.24,1273,-2.06,-5.38,215.84,-0.84,1.88
2026-08-03,Monthly,2025-11-01,2025-11-30,19,State,Florida,29773,0.89,7.53,382593,NA,-0.63,75,-100,800,41969,-1.07,-5.3,209873,-0.75,3.85,35871,1.91,2.39,240.23,0.53,-1.05
2026-08-03,Monthly,2025-11-01,2025-11-30,21,State,Georgia,10910,-0.25,-0.96,359000,NA,-0.25,63,0,1100,16525,-2.71,13.33,71977,1.53,27.89,13055,0.13,0.44,183.77,-0.13,0.75
2026-08-03,Monthly,2025-11-01,2025-11-30,25,State,Hawaii,1080,-5.79,12.26,730000,NA,-2.67,98,600,1000,1500,-3.43,2.8,8214,-1.93,9.16,1289,-5.73,10.6,669.99,-12.37,-4.26
2026-08-03,Monthly,2025-11-01,2025-11-30,27,State,Idaho,2580,3.24,4.81,469990,NA,4.44,53,0,600,3125,8.78,8.2,12159,0.93,8,2817,4.99,7.32,263.14,-0.6,-0.11
2026-08-03,Monthly,2025-11-01,2025-11-30,29,State,Illinois,11395,-0.29,-2.34,300000,NA,5.26,51,0,100,13378,-1.37,-2.14,44891,0.19,1.54,13341,1.02,-2.51,186.63,-0.76,2.34
2026-08-03,Monthly,2025-11-01,2025-11-30,31,State,Indiana,7067,0.81,3.13,265000,NA,1.92,34,-100,400,8409,-0.95,3.46,27097,0.3,13.95,8208,1.11,1.71,151.98,0.43,2.89
2026-08-03,Monthly,2025-11-01,2025-11-30,33,State,Iowa,3295,1.66,2.5,237250,NA,4.29,41,0,500,3861,-4.58,-1.5,14220,0.62,8.52,3564,0.91,2.67,159.88,-0.39,2.18
2026-08-03,Monthly,2025-11-01,2025-11-30,35,State,Kansas,2846,5.56,3.14,280000,NA,3.71,28,100,0,3326,-2.82,3.48,10516,0.11,7.56,3201,1.98,4.98,149.58,-0.54,5.36
2026-08-03,Monthly,2025-11-01,2025-11-30,37,State,Kentucky,3890,0.7,2.23,272000,NA,2.64,44,0,400,4888,-1.84,0.79,17688,0.22,11.96,4494,1.2,0.32,169.89,1.02,3.64
2026-08-03,Monthly,2025-11-01,2025-11-30,39,State,Louisiana,3427,1.87,-4.77,250000,NA,4.17,58,-100,-700,4605,-2.99,6.1,21652,0.66,2.42,4029,-2.58,-3.27,147.76,0.13,-0.27
2026-08-03,Monthly,2025-11-01,2025-11-30,41,State,Maine,1450,-3.85,-0.1,400000,NA,2.56,58,0,600,1891,0.25,6.01,7602,0.57,11.19,1782,3.48,2.26,267.79,1.05,0.21
2026-08-03,Monthly,2025-11-01,2025-11-30,43,State,Maryland,5737,0.57,-3.47,425000,NA,0.26,42,100,1000,7091,-1.92,0.31,23818,1.01,22.01,6530,-0.6,-2.31,226.32,-0.71,-0.94
2026-08-03,Monthly,2025-11-01,2025-11-30,45,State,Massachusetts,5214,-0.64,-0.64,635000,NA,3.25,27,100,400,6617,0.87,5.98,18642,1.08,15.14,6205,2.36,5.22,372.43,0.73,1.91
2026-08-03,Monthly,2025-11-01,2025-11-30,47,State,Michigan,10018,0.58,0.13,265000,NA,1.92,33,0,300,12112,-0.13,1.58,38011,0.57,7.36,11218,1.39,3,169.14,0.46,5.48
2026-08-03,Monthly,2025-11-01,2025-11-30,49,State,Minnesota,5883,0.9,1.45,352500,NA,3.58,33,0,0,7181,2.64,7.06,21175,NA,5.67,6356,1.11,-0.44,192.47,0,1.59
2026-08-03,Monthly,2025-11-01,2025-11-30,51,State,Mississippi,1804,1.16,-3.29,264693,NA,4.21,47,300,100,2617,1.56,5.99,10477,0.87,4.62,2410,6.45,8.46,147.74,-1.82,1.55
2026-08-03,Monthly,2025-11-01,2025-11-30,2,State,Missouri,6675,0.78,2.54,279900,NA,6.83,33,0,200,8271,-0.13,6.86,27634,0.39,10.2,7856,0.48,2.9,163.13,1.06,4.41
2026-08-03,Monthly,2025-11-01,2025-11-30,4,State,Montana,1027,2.74,8.39,499000,NA,1.54,84,0,500,1433,2.03,5.07,7114,0.59,4.88,1178,5.98,4.62,282.17,-0.85,-1.34
2026-08-03,Monthly,2025-11-01,2025-11-30,6,State,Nebraska,1801,-4.31,0.45,309333,NA,5.94,30,100,400,2101,-3.79,1.39,6782,-1.45,13.25,1923,3.74,10.62,159.55,-1.33,1.52
2026-08-03,Monthly,2025-11-01,2025-11-30,8,State,Nevada,3359,3.92,-2.41,470000,NA,2.17,64,200,1700,4140,-3.58,-6.69,18501,0.65,16.17,4034,2.85,-1.19,266.06,-0.11,-1.46
2026-08-03,Monthly,2025-11-01,2025-11-30,10,State,New Hampshire,1487,2.41,4.8,501000,NA,4.49,41,0,400,1753,-1.64,6.04,5640,1.17,17.56,1708,0.83,6.21,291.73,1.68,1.81
2026-08-03,Monthly,2025-11-01,2025-11-30,12,State,New Jersey,7368,2.5,2.19,550000,NA,4.76,49,100,1200,8817,-2.93,-2.66,29966,0.3,10.39,8321,0.16,0.52,321.51,0.18,3.95
2026-08-03,Monthly,2025-11-01,2025-11-30,14,State,New Mexico,1600,-4.34,-8.03,355000,NA,2.9,56,200,1100,2160,1.98,0.6,9066,0.92,7.52,2037,0.26,0.5,206.73,-0.58,1.91
2026-08-03,Monthly,2025-11-01,2025-11-30,16,State,New York,10641,-0.54,-0.94,470000,NA,5.62,36,-100,200,14092,0.4,0.39,50954,0.36,4.99,11962,-0.59,-3.74,327.34,2.86,12.98
2026-08-03,Monthly,2025-11-01,2025-11-30,18,State,North Carolina,12433,0.57,3.78,375000,NA,2.74,57,100,1100,15344,-3.87,-0.67,65536,0.64,18.94,14345,0.33,3.3,205.15,0.11,1.44
2026-08-03,Monthly,2025-11-01,2025-11-30,20,State,North Dakota,593,-4.89,-13.84,300000,NA,0.03,50,400,700,732,-0.8,-4.56,2826,1.63,2.09,687,4.96,-8.39,163.99,1.98,3.62
2026-08-03,Monthly,2025-11-01,2025-11-30,22,State,Ohio,11109,0.78,2.49,255000,NA,5.81,43,0,300,12946,-1.62,0.98,41593,0.18,9.76,13183,-0.64,-2.9,164.13,-0.29,2.08
2026-08-03,Monthly,2025-11-01,2025-11-30,23,State,Oklahoma,4112,5.98,5.33,250000,NA,2.12,45,0,600,5192,-1.29,4.35,21336,0.37,11.07,4756,2,6.69,155.17,0.19,1.82
2026-08-03,Monthly,2025-11-01,2025-11-30,24,State,Oregon,4027,-0.72,-2.14,500000,NA,1.01,47,100,900,4808,-0.64,1.57,19851,0.18,9.41,4619,-1.06,3.37,292.26,-0.56,-2.41
2026-08-03,Monthly,2025-11-01,2025-11-30,26,State,Pennsylvania,10836,2.23,4.45,300000,NA,5.23,36,0,200,12664,-0.4,0.42,41576,0.47,7.35,11942,-0.97,-0.98,183.81,-0.48,1.72
2026-08-03,Monthly,2025-11-01,2025-11-30,58,State,Puerto Rico,NA,NA,NA,NA,NA,NA,NA,NA,NA,NA,NA,NA,NA,NA,NA,NA,NA,NA,NA,NA,NA
2026-08-03,Monthly,2025-11-01,2025-11-30,28,State,Rhode Island,898,6.67,5.07,500000,NA,4,32,100,400,1081,-4.66,-4.71,3118,0.32,9.91,1078,2.85,5.77,292.05,1.75,5.4
2026-08-03,Monthly,2025-11-01,2025-11-30,30,State,South Carolina,7482,0.83,3.97,341919,NA,0.27,74,-200,500,9512,-1.23,4.15,43179,0.59,14.9,8781,0.9,5.37,191.16,0.52,1.03
2026-08-03,Monthly,2025-11-01,2025-11-30,32,State,South Dakota,750,-0.85,-3.47,325000,NA,3.83,63,400,-400,873,-10.43,-14.41,4105,0.23,-1.76,851,-2.02,-1.63,189.72,0.13,0.99
2026-08-03,Monthly,2025-11-01,2025-11-30,34,State,Tennessee,8148,3.75,1.46,370000,NA,0,68,200,1000,10758,-1.63,3.36,47734,0.03,14.67,9547,0.08,0.49,212.55,0.17,0.54
2026-08-03,Monthly,2025-11-01,2025-11-30,36,State,Texas,27363,1.33,-3.36,330000,NA,-1.49,70,100,1300,39476,-1.72,-0.08,182393,-0.84,10.04,33302,-2.23,0.96,176.36,-0.03,-1.75
2026-08-03,Monthly,2025-11-01,2025-11-30,38,State,Utah,3257,0.89,-1.98,527995,NA,3.53,53,100,1000,4626,1.02,4.48,18376,0.54,15.06,4226,3.75,7.88,243.32,-0.57,-0.55
2026-08-03,Monthly,2025-11-01,2025-11-30,40,State,Vermont,617,-6.05,1.1,420000,NA,1.2,64,200,1100,793,-3.45,11.06,3483,1.38,13.69,748,1.04,-0.67,262.87,3.26,5.22
2026-08-03,Monthly,2025-11-01,2025-11-30,42,State,Virginia,8947,0.17,2.35,425000,NA,3.03,36,0,700,10600,-1.28,-0.46,33873,0.77,18.74,10386,1.38,3.74,228.45,-0.09,1.81
2026-08-03,Monthly,2025-11-01,2025-11-30,44,State,Washington,7268,0.37,-5.61,600000,NA,-1.32,28,100,700,8900,-0.81,0.21,30304,-0.31,16.33,8578,2.46,2.76,338.51,-0.14,-1.03
2026-08-03,Monthly,2025-11-01,2025-11-30,46,State,West Virginia,1204,0.83,-2.71,260000,NA,4,60,400,800,1601,2.99,10.53,6230,1.38,13.16,1524,11.1,14.26,145.97,0.45,0.78
2026-08-03,Monthly,2025-11-01,2025-11-30,48,State,Wisconsin,5724,0.81,3.24,325000,NA,4.84,51,0,200,6609,1.32,4.74,21984,0.95,5.87,6435,4.71,7,194.66,0.64,5.72
2026-08-03,Monthly,2025-11-01,2025-11-30,50,State,Wyoming,612,-0.86,-2.36,359000,NA,1.34,51,-200,600,533,NA,4.72,3242,2.68,10.32,686,1.27,2.9,189.15,3.53,5.85
2026-08-03,Monthly,2025-10-01,2025-10-31,1,State,Alabama,5265,0.24,2.09,289700,NA,3.46,64,0,900,6826,0.17,6.26,29376,0.08,9.26,6218,-6.62,0.84,161.79,0.67,3.16
2026-08-03,Monthly,2025-10-01,2025-10-31,3,State,Alaska,608,-8.11,-10.66,383000,NA,0.79,34,300,500,799,-3.09,0.17,2508,0.48,-0.32,803,7.61,3.43,247.33,0.5,4.13
2026-08-03,Monthly,2025-10-01,2025-10-31,5,State,Arizona,8235,-1.01,2.2,440000,NA,0.3,67,-200,1100,11140,2.06,6.22,47446,-0.1,14.16,10368,4.49,8.32,254.5,-0.86,-3.05
2026-08-03,Monthly,2025-10-01,2025-10-31,7,State,Arkansas,3046,-3.42,-5.43,270000,NA,5.88,56,100,400,4292,-0.62,6.88,18468,1.55,17.29,3639,2.39,0.41,160.17,1.09,2.42
2026-08-03,Monthly,2025-10-01,2025-10-31,9,State,California,23433,0.56,2.11,750000,NA,-0.3,43,0,900,29685,-0.45,-2.24,106458,-1.54,9.11,27655,1.7,3.14,472,-0.01,1.2
2026-08-03,Monthly,2025-10-01,2025-10-31,11,State,Colorado,7132,-1.47,-2.58,551000,NA,0.18,51,-100,800,9286,0.07,-4.78,38097,-0.86,9.17,8516,1.03,-2.71,270,-0.42,-1.01
2026-08-03,Monthly,2025-10-01,2025-10-31,17,State,Columbia,519,-3.49,-7.46,680000,NA,3.03,64,0,1400,838,-3.59,-5.2,3707,-0.86,5.52,598,1.96,-14.77,508.05,1.19,1.95
2026-08-03,Monthly,2025-10-01,2025-10-31,13,State,Connecticut,3154,2.13,1.98,425000,NA,7.05,39,-100,100,3534,-1.45,-0.93,10489,-0.39,2.74,3548,-0.91,-3.89,248.18,-0.29,6.3
2026-08-03,Monthly,2025-10-01,2025-10-31,15,State,Delaware,1138,0.88,-7.09,404500,NA,2.41,48,-200,800,1326,-4.08,-5.35,5175,-0.69,9.76,1300,3.97,3.7,217.67,1.26,1.1
2026-08-03,Monthly,2025-10-01,2025-10-31,19,State,Florida,29511,1.19,8.28,384000,NA,-0.78,76,0,1200,42424,0.99,15.35,211462,-0.89,8.29,35200,1.49,17.71,238.97,0.51,-1.07
2026-08-03,Monthly,2025-10-01,2025-10-31,21,State,Georgia,10938,-1.23,-0.69,355000,NA,-1.66,63,100,1100,16986,3.48,19.04,70894,1.82,27.81,13038,1.48,3.36,184,0.1,0.59
2026-08-03,Monthly,2025-10-01,2025-10-31,25,State,Hawaii,1147,-21.01,18.5,765000,NA,4.79,92,2600,1000,1553,-15.49,18.92,8375,-3.54,14.09,1367,-1.79,24.86,764.56,-7.61,9.54
2026-08-03,Monthly,2025-10-01,2025-10-31,27,State,Idaho,2499,2.99,2.53,484900,NA,5.43,53,-300,400,2873,-2.59,-1.76,12047,-1.33,6.28,2683,-1.88,-1.81,264.72,-0.07,0.09
2026-08-03,Monthly,2025-10-01,2025-10-31,29,State,Illinois,11428,1.06,0.62,303000,NA,6.32,50,-100,100,13563,0.42,-1.28,44807,0.35,1.98,13207,-1.32,-1.7,188.06,0.84,5.15
2026-08-03,Monthly,2025-10-01,2025-10-31,31,State,Indiana,7010,0.74,2.05,270000,NA,4.69,34,0,500,8490,1.63,5.17,27015,1.21,14.85,8118,0.09,1.83,151.33,0.52,2.54
2026-08-03,Monthly,2025-10-01,2025-10-31,33,State,Iowa,3241,-1.47,1.09,245000,NA,4.26,42,100,500,4046,4.03,8.13,14133,2.18,9.43,3532,-0.48,2.35,160.5,1.72,2.26
2026-08-03,Monthly,2025-10-01,2025-10-31,35,State,Kansas,2696,-1.17,-1.23,285000,NA,6.15,27,-100,-200,3423,4.09,6.27,10504,2.54,7.71,3139,0.93,1.13,150.39,2.83,3.8
2026-08-03,Monthly,2025-10-01,2025-10-31,37,State,Kentucky,3863,-0.96,1.45,276000,NA,5.77,45,0,600,4980,1.08,5.6,17649,0.83,13.44,4441,0.39,-1.07,168.18,-0.27,3.17
2026-08-03,Monthly,2025-10-01,2025-10-31,39,State,Louisiana,3364,-4.89,2.23,255000,NA,7.17,60,0,-800,4747,3.39,3.23,21509,0.33,-1.27,4135,-1.06,-1.14,147.57,-0.66,0.83
2026-08-03,Monthly,2025-10-01,2025-10-31,41,State,Maine,1508,2.61,10.25,430000,NA,8.86,58,-100,900,1886,1.27,3.67,7559,0.84,11.28,1722,0.43,-0.71,265.02,-0.03,1.03
2026-08-03,Monthly,2025-10-01,2025-10-31,43,State,Maryland,5705,0.05,-4.1,435000,NA,3.33,42,-100,900,7230,-0.56,2.55,23581,1.39,21.89,6569,0.66,-0.3,227.93,-0.07,0.33
2026-08-03,Monthly,2025-10-01,2025-10-31,45,State,Massachusetts,5248,0.67,-0.51,635000,NA,2.3,26,0,300,6560,-1.53,1.73,18443,0.94,13.43,6062,-0.35,-1.33,369.72,-1.8,2.15
2026-08-03,Monthly,2025-10-01,2025-10-31,47,State,Michigan,9960,-0.68,0.89,270000,NA,3.85,33,0,300,12127,0.42,2.65,37794,0.7,7.83,11065,0.05,2.48,168.37,0.47,3.35
2026-08-03,Monthly,2025-10-01,2025-10-31,49,State,Minnesota,5831,-0.7,-0.02,355000,NA,2.1,33,100,100,6997,0.99,2.44,24193,NA,5,6286,-1.82,-1.91,192.46,-0.23,1.24
2026-08-03,Monthly,2025-10-01,2025-10-31,51,State,Mississippi,1783,-3.65,-3.35,265000,NA,3.13,44,-300,-500,2577,1.07,1.49,10387,0.13,3.74,2264,-2.06,-3.94,150.49,1.67,4.1
2026-08-03,Monthly,2025-10-01,2025-10-31,2,State,Missouri,6623,-0.27,2.06,285000,NA,5.68,34,0,200,8282,1.26,7.77,27527,0.86,10.6,7818,2.63,3.53,161.42,0.8,3.11
2026-08-03,Monthly,2025-10-01,2025-10-31,4,State,Montana,1000,1.58,7.27,507000,NA,1.6,84,200,700,1404,2.27,-0.07,7073,-0.64,4.53,1111,-0.45,-3.84,284.58,2.11,1
2026-08-03,Monthly,2025-10-01,2025-10-31,6,State,Nebraska,1882,4.39,11.9,314489,NA,10.35,29,-100,400,2184,-2.05,6.25,6882,-0.04,15.19,1853,-0.7,0.7,161.7,1.55,3.15
2026-08-03,Monthly,2025-10-01,2025-10-31,8,State,Nevada,3232,-1.99,-7.9,455000,NA,-0.22,62,-100,1400,4294,1.45,-2.49,18381,0.16,17.88,3922,2.36,-2.8,266.35,0.33,-0.94
2026-08-03,Monthly,2025-10-01,2025-10-31,10,State,New Hampshire,1452,-3.01,4.51,500000,NA,2.35,41,0,400,1783,1.23,8.43,5575,0.7,15.66,1694,1.9,7.49,286.9,-1.64,1.88
2026-08-03,Monthly,2025-10-01,2025-10-31,12,State,New Jersey,7188,-1.95,1.95,545000,NA,4.81,47,-100,1100,9083,-2,3.08,29878,0.08,10.53,8308,0.18,0,320.93,0.48,4.17
2026-08-03,Monthly,2025-10-01,2025-10-31,14,State,New Mexico,1672,-2.14,-2.28,358625,NA,2.46,54,-100,900,2118,-0.34,-0.14,8984,0.57,8.24,2032,4.48,1.06,207.94,0.39,2.25
2026-08-03,Monthly,2025-10-01,2025-10-31,16,State,New York,10699,-0.06,2.18,480000,NA,4.35,38,100,400,14037,-0.98,1.13,50772,-0.24,6.89,12033,-0.57,-1.43,318.23,-2.95,12.59
2026-08-03,Monthly,2025-10-01,2025-10-31,18,State,North Carolina,12363,-1.67,2.18,372950,NA,1.62,57,0,1100,15961,1.58,10.85,65119,1.2,20.42,14299,0.49,5.26,204.92,-0.06,0.99
2026-08-03,Monthly,2025-10-01,2025-10-31,20,State,North Dakota,624,3.39,-1.36,306750,NA,5.05,46,0,0,738,0.89,-1.86,2780,0,0.07,654,-4.49,-14.97,160.81,-2.24,0.32
2026-08-03,Monthly,2025-10-01,2025-10-31,22,State,Ohio,11023,-0.93,2.69,258000,NA,6.17,43,0,300,13159,1.83,3.91,41517,0.94,11.43,13267,1.64,-0.76,164.6,-0.04,3.2
2026-08-03,Monthly,2025-10-01,2025-10-31,23,State,Oklahoma,3880,0.22,-1.05,254000,NA,4.2,45,-200,400,5260,0.92,4.78,21257,0.6,11.04,4663,0.25,2.42,154.88,1.58,2.07
2026-08-03,Monthly,2025-10-01,2025-10-31,24,State,Oregon,4057,2.39,2.29,510000,NA,2,47,0,900,4839,-1.65,-2.5,19816,-1.1,9.46,4668,-1.41,0.64,293.92,-0.04,-1.3
2026-08-03,Monthly,2025-10-01,2025-10-31,26,State,Pennsylvania,10599,-0.56,0.3,298000,NA,4.56,36,0,300,12714,-1.22,3.54,41383,0.35,9.19,12060,1.03,4.36,184.7,-0.49,2.62
2026-08-03,Monthly,2025-10-01,2025-10-31,58,State,Puerto Rico,NA,NA,NA,NA,NA,NA,NA,NA,NA,NA,NA,NA,NA,NA,NA,NA,NA,NA,NA,NA,NA
2026-08-03,Monthly,2025-10-01,2025-10-31,28,State,Rhode Island,841,-17.31,-10.11,500000,NA,4.17,30,-100,300,1134,-1.7,7.84,3109,-1.14,12.84,1048,0.3,3.54,287.02,-1.37,4.07
2026-08-03,Monthly,2025-10-01,2025-10-31,30,State,South Carolina,7421,-1.02,3.44,345000,NA,0.58,76,0,1000,9631,0.78,9.36,42926,0.64,15.53,8702,0.38,5.94,190.17,-0.99,-0.87
2026-08-03,Monthly,2025-10-01,2025-10-31,32,State,South Dakota,757,12.89,4.16,320000,NA,-2.16,59,200,-500,974,6.27,-6.83,4095,0.98,0.82,868,3.05,2.98,189.46,2.59,3.21
2026-08-03,Monthly,2025-10-01,2025-10-31,34,State,Tennessee,7853,-1.48,0.06,375000,NA,2.04,66,0,600,10936,2.72,6.05,47722,1.19,15,9539,0.95,1.16,212.2,0.21,0.25
2026-08-03,Monthly,2025-10-01,2025-10-31,36,State,Texas,27005,-1.24,-3.57,335000,NA,-0.59,69,100,1200,40166,0.76,0.95,183936,-0.4,11.67,34061,3.89,5.09,176.41,-0.33,-1.86
2026-08-03,Monthly,2025-10-01,2025-10-31,38,State,Utah,3228,1.26,2.47,530000,NA,2.91,52,0,800,4580,0.61,3.51,18277,1.23,16.59,4073,3.42,-0.73,244.73,-0.21,0.59
2026-08-03,Monthly,2025-10-01,2025-10-31,40,State,Vermont,657,6.05,12.78,425000,NA,3.66,62,100,700,822,1.14,5.16,3436,1.25,13.33,740,0.17,3.81,254.57,2.62,3.1
2026-08-03,Monthly,2025-10-01,2025-10-31,42,State,Virginia,8932,0.42,3.35,430000,NA,3.61,36,0,600,10737,-0.01,4.13,33613,0.56,19.55,10245,1.11,2.32,228.66,0.31,2.54
2026-08-03,Monthly,2025-10-01,2025-10-31,44,State,Washington,7241,-1.26,-4.31,600000,NA,-2.12,27,-100,600,8973,-1.77,-2.46,30397,-0.24,17.67,8372,1.29,-1.7,338.99,-0.37,-0.78
2026-08-03,Monthly,2025-10-01,2025-10-31,46,State,West Virginia,1194,-0.46,-2.71,246750,NA,3.89,57,-100,0,1555,-2.94,3.28,6145,-0.93,11.16,1372,-11.68,-4.67,145.32,0.46,0.83
2026-08-03,Monthly,2025-10-01,2025-10-31,48,State,Wisconsin,5678,0.06,1.06,333650,NA,7.63,50,0,100,6523,0.09,1.82,21777,0.47,5.24,6146,-0.25,0.16,193.42,0.27,4.53
2026-08-03,Monthly,2025-10-01,2025-10-31,50,State,Wyoming,618,-0.04,1.14,378250,NA,6.56,53,600,1200,700,NA,0.29,3158,-0.02,8.46,678,-1.86,3.87,182.71,-1.73,1.57
2026-08-03,Monthly,2025-09-01,2025-09-30,1,State,Alabama,5253,-0.39,5.93,290675,NA,1.99,64,0,900,6814,2.09,5.87,29351,0.54,10.58,6658,9.27,17.88,160.71,0.64,1.66
2026-08-03,Monthly,2025-09-01,2025-09-30,3,State,Alaska,662,-5.24,-0.07,400000,NA,2.56,31,-100,300,824,3.66,-0.21,2496,0.01,-2.09,746,-5.08,-7.85,246.1,0.94,4.08
2026-08-03,Monthly,2025-09-01,2025-09-30,5,State,Arizona,8319,0.4,5.69,439900,NA,1.13,69,-200,1100,10915,0.94,1.39,47495,-1.16,15.25,9922,0.15,-3.07,256.71,0.05,-2.16
2026-08-03,Monthly,2025-09-01,2025-09-30,7,State,Arkansas,3154,1.17,1.84,267988,NA,3.43,55,0,600,4319,2.65,8.96,18186,1.24,16.43,3554,-0.15,-2.51,158.44,-1.01,3.09
2026-08-03,Monthly,2025-09-01,2025-09-30,9,State,California,23303,2.61,4.32,747500,NA,1.29,43,-300,700,29819,0.69,-2.7,108125,-1.67,13.12,27193,1.43,2.47,472.04,0.72,-0.12
2026-08-03,Monthly,2025-09-01,2025-09-30,11,State,Colorado,7238,2.14,4.96,550000,NA,0.02,52,100,1000,9280,0.42,-5.09,38428,-0.8,12.85,8429,1.75,-3.9,271.15,0.93,-0.03
2026-08-03,Monthly,2025-09-01,2025-09-30,17,State,Columbia,537,-4.2,7.38,675000,NA,12.03,64,0,1200,870,4.65,0.57,3739,-2.51,8.06,587,-2.42,-13.65,502.06,1.33,1.48
2026-08-03,Monthly,2025-09-01,2025-09-30,13,State,Connecticut,3088,-1.42,1.73,430000,NA,6.7,40,100,400,3585,1.53,0.63,10530,0.62,5.03,3580,-1.85,-2.84,248.91,1.33,6.39
2026-08-03,Monthly,2025-09-01,2025-09-30,15,State,Delaware,1128,-4.09,-2.15,395000,NA,-0.57,50,200,1200,1382,2.1,1.99,5211,1.42,11.74,1250,-1.28,-6.28,214.96,1,0.58
2026-08-03,Monthly,2025-09-01,2025-09-30,19,State,Florida,29164,1.53,3.62,380000,NA,-0.26,76,0,1500,42009,-0.79,-3.93,213367,-1.46,6.59,34685,-0.41,-0.37,237.76,0.64,-2.04
2026-08-03,Monthly,2025-09-01,2025-09-30,21,State,Georgia,11075,1.26,1.41,352600,NA,-3.13,62,100,1300,16414,4.34,13.5,69627,1.64,25.96,12848,1.56,1.88,183.82,0.85,0.46
2026-08-03,Monthly,2025-09-01,2025-09-30,25,State,Hawaii,1452,47.25,60.81,749000,NA,-0.13,66,-3500,-1700,1837,27.03,30.39,8682,4.52,18.26,1392,10.82,22.21,827.49,21.94,19.46
2026-08-03,Monthly,2025-09-01,2025-09-30,27,State,Idaho,2426,-3.88,4.1,475000,NA,1.06,56,200,1100,2949,3.66,2.58,12209,-0.87,9.29,2734,-1.04,6.21,264.91,0.18,1.4
2026-08-03,Monthly,2025-09-01,2025-09-30,29,State,Illinois,11309,0.3,2.12,302000,NA,4.14,51,0,0,13506,1.07,-0.11,44652,0.4,2.89,13384,4.83,1,186.5,0.88,3.5
2026-08-03,Monthly,2025-09-01,2025-09-30,31,State,Indiana,6959,-1.87,1.4,270000,NA,3.85,35,0,700,8354,-0.26,4.34,26692,0.51,14.82,8110,0.42,1.06,150.54,-0.35,2.14
2026-08-03,Monthly,2025-09-01,2025-09-30,33,State,Iowa,3290,0.34,7.51,239995,NA,4.8,41,0,400,3890,2.55,1.98,13832,1.96,9.09,3549,2.9,2.62,157.8,1.07,0.41
2026-08-03,Monthly,2025-09-01,2025-09-30,35,State,Kansas,2728,2.26,6.44,274500,NA,5.58,27,100,0,3288,-0.41,0.17,10244,0.32,5.75,3110,0.81,0.12,146.25,0.13,-0.08
2026-08-03,Monthly,2025-09-01,2025-09-30,37,State,Kentucky,3900,-0.39,4.52,270000,NA,1.89,45,0,700,4926,-0.17,5.64,17503,0.3,14.25,4424,-2.16,2.12,168.64,0.58,4.24
2026-08-03,Monthly,2025-09-01,2025-09-30,39,State,Louisiana,3537,1.41,12.6,251493,NA,2.65,60,-400,-800,4591,2.28,9.36,21438,0.13,0.33,4179,6.04,18.38,148.55,2.1,2.02
2026-08-03,Monthly,2025-09-01,2025-09-30,41,State,Maine,1469,-4.51,3.99,410000,NA,0,59,-200,800,1862,2.14,2.03,7496,1.02,12.26,1715,-2.85,-1.83,265.09,0.9,0.7
2026-08-03,Monthly,2025-09-01,2025-09-30,43,State,Maryland,5702,1.3,0.97,425000,NA,1.19,43,100,1100,7270,4.37,4.71,23258,1.8,22.86,6526,-0.26,-2.93,228.09,0.77,0.37
2026-08-03,Monthly,2025-09-01,2025-09-30,45,State,Massachusetts,5213,0.28,2.2,625000,NA,2.46,26,100,400,6662,2.59,3.45,18271,1.27,15.16,6084,3.42,0.86,376.49,1.38,3.58
2026-08-03,Monthly,2025-09-01,2025-09-30,47,State,Michigan,10028,-0.29,1.46,279900,NA,6.22,33,0,500,12076,0.12,1.7,37533,0.4,8.15,11059,-0.46,1.89,167.59,0.97,3.85
2026-08-03,Monthly,2025-09-01,2025-09-30,49,State,Minnesota,5872,0.24,4.51,360000,NA,2.86,33,-100,100,6928,0.54,0.91,24789,NA,7.56,6403,0.18,3.26,192.91,0.17,2.24
2026-08-03,Monthly,2025-09-01,2025-09-30,51,State,Mississippi,1851,4.37,4.16,261328,NA,2.48,46,0,0,2550,3.19,2.71,10373,0.13,4.85,2312,-2.75,2.5,148.02,1.87,3.62
2026-08-03,Monthly,2025-09-01,2025-09-30,2,State,Missouri,6641,0.19,2.82,279900,NA,5.62,34,-200,200,8179,1.16,4.56,27293,0.18,10.5,7618,-1.65,0.59,160.13,-0.2,1.89
2026-08-03,Monthly,2025-09-01,2025-09-30,4,State,Montana,984,-0.92,10.34,514500,NA,2.92,82,-200,300,1373,-1.01,-5.7,7118,-1.5,7.18,1116,-5.64,-3.3,278.7,-1.43,-0.37
2026-08-03,Monthly,2025-09-01,2025-09-30,6,State,Nebraska,1803,2.5,9.57,309333,NA,8.54,30,0,300,2230,3.48,11.5,6885,1.21,16.51,1866,-0.47,4.48,159.24,-1.8,0.44
2026-08-03,Monthly,2025-09-01,2025-09-30,8,State,Nevada,3298,0.54,-2.78,458500,NA,-0.33,63,200,1600,4233,3.71,-6.1,18351,-0.64,20.28,3832,2.58,-7.13,265.47,0.22,-1.3
2026-08-03,Monthly,2025-09-01,2025-09-30,10,State,New Hampshire,1497,3.3,8.32,510000,NA,2.02,41,100,600,1761,0.97,6.23,5536,1.55,16.28,1662,-2.26,3.23,291.69,2.03,4.04
2026-08-03,Monthly,2025-09-01,2025-09-30,12,State,New Jersey,7331,2.41,4.75,545995,NA,4,49,200,1300,9269,4.46,3.79,29854,0.51,11.37,8293,0.06,2.12,319.4,0.16,3.94
2026-08-03,Monthly,2025-09-01,2025-09-30,14,State,New Mexico,1709,4.9,6.49,360000,NA,7.46,55,300,1200,2125,-0.2,-7.17,8933,-0.13,8.02,1945,-3.98,-4.38,207.13,1.1,2.97
2026-08-03,Monthly,2025-09-01,2025-09-30,16,State,New York,10705,0.08,0.62,490000,NA,6.36,37,100,300,14176,1.82,0.53,50896,0.74,9.01,12102,0.16,1.05,327.9,2.51,15.53
2026-08-03,Monthly,2025-09-01,2025-09-30,18,State,North Carolina,12573,1.73,7.17,370000,NA,0.37,57,0,1200,15714,0.79,4.55,64346,0.87,20.37,14230,-1.36,3.99,205.05,1.25,1.82
2026-08-03,Monthly,2025-09-01,2025-09-30,20,State,North Dakota,603,-5.64,-0.36,299000,NA,2.08,46,-100,300,731,-2.69,-8.71,2781,0.71,2.9,685,-1.25,-6.32,164.5,0.35,6.23
2026-08-03,Monthly,2025-09-01,2025-09-30,22,State,Ohio,11127,1.12,5,255000,NA,2.86,43,0,300,12922,0.09,2.66,41132,0.16,12.06,13053,-1.01,-3.08,164.66,0.71,4.45
2026-08-03,Monthly,2025-09-01,2025-09-30,23,State,Oklahoma,3871,-4.21,4.9,252000,NA,2.02,47,100,600,5212,0.87,4.5,21131,0.6,12.01,4651,-0.38,4.24,152.46,0.16,1.03
2026-08-03,Monthly,2025-09-01,2025-09-30,24,State,Oregon,3962,0.07,5.29,500000,NA,0,46,100,800,4920,6,-1.79,20037,-0.59,12.23,4735,2.75,1.75,294.03,0.56,-0.86
2026-08-03,Monthly,2025-09-01,2025-09-30,26,State,Pennsylvania,10659,1.02,5.12,296950,NA,2.43,36,-100,300,12871,1.94,4.21,41240,1.19,9.61,11937,-0.32,0.86,185.61,1.37,3.97
2026-08-03,Monthly,2025-09-01,2025-09-30,58,State,Puerto Rico,NA,NA,NA,NA,NA,NA,NA,NA,NA,NA,NA,NA,NA,NA,NA,NA,NA,NA,NA,NA,NA
2026-08-03,Monthly,2025-09-01,2025-09-30,28,State,Rhode Island,1018,4.52,11.73,525000,NA,6.06,32,100,500,1153,3.9,0.35,3144,0.36,11.79,1045,2.17,1.9,291.01,2.27,6.95
2026-08-03,Monthly,2025-09-01,2025-09-30,30,State,South Carolina,7497,0.65,6.91,342730,NA,1.4,77,100,800,9556,1.58,6.62,42655,0.7,15.27,8669,-0.11,5.8,192.07,1.14,0.47
2026-08-03,Monthly,2025-09-01,2025-09-30,32,State,South Dakota,670,-5.68,-5.69,320000,NA,1.62,56,-300,-500,917,-1.31,-5.16,4055,-0.29,4.3,843,1.5,0.9,184.68,-1.63,-1.04
2026-08-03,Monthly,2025-09-01,2025-09-30,34,State,Tennessee,7971,-1.04,4.25,375000,NA,2.74,66,100,800,10647,-0.33,3.69,47161,-0.01,15.82,9450,-0.43,0.54,211.76,0.56,0.78
2026-08-03,Monthly,2025-09-01,2025-09-30,36,State,Texas,27343,-1.34,2.34,332199,NA,-2.01,68,0,1100,39862,0.22,1.31,184684,-0.84,13.76,32785,-0.81,-0.47,177,0.42,-1.26
2026-08-03,Monthly,2025-09-01,2025-09-30,38,State,Utah,3188,-1.5,1.94,520000,NA,1.56,52,0,900,4552,0.26,4.99,18054,-0.48,16.58,3938,-3.11,-2.28,245.24,1.01,1.09
2026-08-03,Monthly,2025-09-01,2025-09-30,40,State,Vermont,620,-5.83,10.23,410375,NA,2.59,61,300,600,812,4.6,-2.48,3393,0.93,15.25,739,-3.7,5.19,248.06,-1.66,-2.88
2026-08-03,Monthly,2025-09-01,2025-09-30,42,State,Virginia,8895,0.43,3.68,420000,NA,1.2,36,0,700,10738,2.71,6.2,33427,1.55,20.35,10132,0.13,-0.08,227.95,0.17,1.34
2026-08-03,Monthly,2025-09-01,2025-09-30,44,State,Washington,7334,0.29,2.62,599900,NA,-0.02,28,0,700,9134,3.54,1.86,30470,0.8,20.71,8265,0.92,-0.71,340.25,0.52,-1.07
2026-08-03,Monthly,2025-09-01,2025-09-30,46,State,West Virginia,1199,2.63,4.17,249000,NA,3.32,58,0,200,1602,0.11,6.57,6202,2.18,15,1553,6.35,10.31,144.65,0.35,0.87
2026-08-03,Monthly,2025-09-01,2025-09-30,48,State,Wisconsin,5674,-0.52,3.25,332000,NA,7.1,50,0,200,6517,3.31,3.13,21676,0.45,6.24,6161,0.37,0.3,192.91,0,5.23
2026-08-03,Monthly,2025-09-01,2025-09-30,50,State,Wyoming,618,7.46,8.44,360500,NA,1.55,46,0,100,760,NA,-0.26,3158,-0.64,10.41,691,3.14,4.24,185.92,1.19,4.26
2026-08-03,Monthly,2025-08-01,2025-08-31,1,State,Alabama,5273,1.85,5.09,294900,NA,3.47,63,0,900,6674,1.76,4.3,29193,0.38,11.11,6093,-1.76,9.07,159.68,0.33,1.75
2026-08-03,Monthly,2025-08-01,2025-08-31,3,State,Alaska,698,2.7,9.5,405000,NA,1.5,32,300,-100,795,2.94,-4.87,2496,-1.43,-1.03,786,1.8,1.86,243.81,-0.6,2.26
2026-08-03,Monthly,2025-08-01,2025-08-31,5,State,Arizona,8286,2.1,6.37,432000,NA,0.1,71,300,1300,10813,-1.06,1.24,48050,-1.75,19.22,9907,-2.74,9.69,256.59,0.77,-1.71
2026-08-03,Monthly,2025-08-01,2025-08-31,7,State,Arkansas,3118,-1.96,0.44,269900,NA,3.41,55,200,700,4207,1.57,4.15,17963,0.65,16.62,3560,-2.89,2.93,160.06,1.05,3.97
2026-08-03,Monthly,2025-08-01,2025-08-31,9,State,California,22709,0.59,-0.37,747500,NA,0.34,46,-100,1300,29614,-0.09,-0.5,109963,-1.43,19.85,26809,2.88,5.75,468.67,1.62,-0.64
2026-08-03,Monthly,2025-08-01,2025-08-31,11,State,Colorado,7086,0.66,-2.14,550000,NA,1.48,51,200,1100,9241,0.24,-2.28,38738,-1.29,17.72,8284,-1.6,-2.24,268.66,-0.86,-1.68
2026-08-03,Monthly,2025-08-01,2025-08-31,17,State,Columbia,561,2.25,10.65,662500,NA,5.16,64,-100,1300,831,3,-1.66,3836,0.46,12.95,601,-3.71,-0.74,495.49,3.75,-1.78
2026-08-03,Monthly,2025-08-01,2025-08-31,13,State,Connecticut,3133,-0.65,0.76,440000,NA,6.02,39,-100,200,3531,0.71,2.47,10466,0.09,6.13,3648,0.81,4.42,245.64,0.36,5.14
2026-08-03,Monthly,2025-08-01,2025-08-31,15,State,Delaware,1177,6.36,7.1,389000,NA,-1.64,48,-100,1000,1354,2.04,-4.3,5138,0.77,12.07,1266,-4.58,0.13,212.83,0.25,-0.36
2026-08-03,Monthly,2025-08-01,2025-08-31,19,State,Florida,28726,2.43,-2.74,380000,NA,-1.27,76,300,1600,42345,0.09,-4.01,216530,-1.38,9.04,34829,3.51,4.89,236.24,-0.04,-2.1
2026-08-03,Monthly,2025-08-01,2025-08-31,21,State,Georgia,10937,0.31,-0.37,362000,NA,0.7,62,200,1400,15730,4.13,6.79,68505,2.02,24.13,12651,0.07,1.02,182.26,0.37,0
2026-08-03,Monthly,2025-08-01,2025-08-31,25,State,Hawaii,986,4.54,2.63,740000,NA,-1.33,101,200,2100,1446,7.26,3.86,8306,-0.15,15.77,1256,1.83,6.98,678.6,0.22,-3.51
2026-08-03,Monthly,2025-08-01,2025-08-31,27,State,Idaho,2524,1.41,15.87,475556,NA,3.4,54,200,600,2845,2.54,1.09,12317,-0.54,13.31,2763,1.87,13.22,264.44,-0.72,0.5
2026-08-03,Monthly,2025-08-01,2025-08-31,29,State,Illinois,11275,-1.47,0.47,315000,NA,6.78,51,0,100,13363,0.67,-0.11,44474,-0.5,3.63,12768,-0.65,0.99,184.87,-0.14,3.31
2026-08-03,Monthly,2025-08-01,2025-08-31,31,State,Indiana,7092,1.84,6.98,275000,NA,3.77,35,100,800,8375,0.85,4.35,26557,0.62,15.53,8076,-1.31,5.49,151.07,0.99,3.2
2026-08-03,Monthly,2025-08-01,2025-08-31,33,State,Iowa,3278,3.77,7.37,245000,NA,2.08,41,0,400,3793,-1.53,1.66,13565,0.63,11.25,3449,-2.31,4.59,156.13,0.13,0.54
2026-08-03,Monthly,2025-08-01,2025-08-31,35,State,Kansas,2668,0.1,2.66,285000,NA,5.56,27,100,-200,3302,2.88,3.57,10211,1.83,8.09,3085,-1.56,2.67,146.07,-0.91,3.36
2026-08-03,Monthly,2025-08-01,2025-08-31,37,State,Kentucky,3916,-0.37,6.73,275000,NA,5.16,45,200,700,4935,2.08,5.48,17450,0.94,15.99,4521,-0.6,8.72,167.66,0.11,4
2026-08-03,Monthly,2025-08-01,2025-08-31,39,State,Louisiana,3488,1.95,6.83,254500,NA,4.67,64,300,-300,4489,2.85,-1.19,21410,-1.27,-0.66,3941,0.23,9.08,145.49,-1,0.85
2026-08-03,Monthly,2025-08-01,2025-08-31,41,State,Maine,1539,2.36,12.95,411812,NA,2.95,61,100,1000,1823,0.98,0.21,7420,-0.59,14.95,1765,-2.2,13.62,262.71,0.38,0.46
2026-08-03,Monthly,2025-08-01,2025-08-31,43,State,Maryland,5629,0.39,-1.36,435000,NA,2.56,42,100,1100,6966,3.98,2.99,22846,1.72,22.9,6543,1.28,0.27,226.34,-0.78,0.01
2026-08-03,Monthly,2025-08-01,2025-08-31,45,State,Massachusetts,5198,-0.51,1.71,650000,NA,3.17,25,0,300,6494,-0.41,4.81,18042,0.21,18.79,5882,-1.39,6.06,371.35,1.47,1.72
2026-08-03,Monthly,2025-08-01,2025-08-31,47,State,Michigan,10057,-0.53,3.02,280000,NA,4.28,33,100,400,12063,0.1,2.32,37384,0.3,9.25,11110,0.4,5.01,165.98,-0.76,3.04
2026-08-03,Monthly,2025-08-01,2025-08-31,49,State,Minnesota,5858,0.81,3.29,362995,NA,2.98,34,-100,100,6891,0.15,4.5,24883,NA,7.89,6391,1.68,9.27,192.59,0.42,1.58
2026-08-03,Monthly,2025-08-01,2025-08-31,51,State,Mississippi,1773,-2.38,-3.31,265000,NA,4.33,47,-200,-200,2471,-1.54,-0.82,10360,-0.35,5.3,2377,1.66,11.56,145.31,-1.52,0.54
2026-08-03,Monthly,2025-08-01,2025-08-31,2,State,Missouri,6629,0.88,3.15,280000,NA,3.74,35,300,200,8085,1.07,5.59,27245,0.67,12.78,7746,2.14,10.15,160.45,0.49,2.11
2026-08-03,Monthly,2025-08-01,2025-08-31,4,State,Montana,993,-3.22,5.6,499900,NA,0,84,100,900,1387,1.04,2.41,7227,-0.7,11.26,1183,3.66,10.19,282.73,0.02,0.41
2026-08-03,Monthly,2025-08-01,2025-08-31,6,State,Nebraska,1759,-3.45,2.54,305000,NA,3.57,30,100,500,2155,0.5,16.19,6803,0.47,16.93,1875,-0.98,12.94,162.16,1.54,3.9
2026-08-03,Monthly,2025-08-01,2025-08-31,8,State,Nevada,3280,1.04,-6.49,464000,NA,1.54,61,200,1500,4081,-1.37,-6.32,18468,-1.88,26.71,3735,-4.04,-0.88,264.89,0.58,-0.74
2026-08-03,Monthly,2025-08-01,2025-08-31,10,State,New Hampshire,1449,-2.63,5.06,530000,NA,4.45,40,0,300,1744,0.5,6.94,5451,-0.16,16.05,1701,1.66,11.93,285.89,0.15,2.11
2026-08-03,Monthly,2025-08-01,2025-08-31,12,State,New Jersey,7158,-0.72,-0.82,575000,NA,6.54,47,100,1200,8873,0.27,3.86,29703,0.72,12.04,8288,0.54,3.11,318.91,0.4,4.55
2026-08-03,Monthly,2025-08-01,2025-08-31,14,State,New Mexico,1629,-3.68,-3.47,359900,NA,4.32,52,0,1100,2130,1.41,-3.42,8945,0.05,11.97,2025,1.76,5.08,204.87,-0.64,1.62
2026-08-03,Monthly,2025-08-01,2025-08-31,16,State,New York,10697,-0.09,2.51,517000,NA,6.6,35,100,200,13922,-0.15,1.89,50520,-0.13,11.41,12082,1.09,3.61,319.86,-0.3,12.45
2026-08-03,Monthly,2025-08-01,2025-08-31,18,State,North Carolina,12359,-0.02,4.03,375000,NA,0.27,56,300,1400,15590,-0.46,5.36,63791,0.79,22.49,14426,2.64,11.47,202.51,-0.57,-0.68
2026-08-03,Monthly,2025-08-01,2025-08-31,20,State,North Dakota,640,0.43,6.43,326250,NA,10.22,46,200,400,752,-0.71,-1.05,2761,-0.64,5.33,694,-1.59,-6.21,163.93,0.45,4.32
2026-08-03,Monthly,2025-08-01,2025-08-31,22,State,Ohio,11003,0.54,4.83,264375,NA,5.75,43,0,300,12911,0.39,2.24,41066,0.05,13.98,13185,1.21,-1.36,163.5,0.17,3.4
2026-08-03,Monthly,2025-08-01,2025-08-31,23,State,Oklahoma,4042,0.71,2.94,255000,NA,2,46,200,700,5167,-1.23,3.16,21005,0.46,13.92,4669,-1.3,7.8,152.22,-0.86,0.28
2026-08-03,Monthly,2025-08-01,2025-08-31,24,State,Oregon,3959,3.04,3.98,510000,NA,0.59,46,300,1000,4642,-2.72,-1.53,20157,-0.91,16.78,4608,2.84,8.3,292.39,-0.45,-1.3
2026-08-03,Monthly,2025-08-01,2025-08-31,26,State,Pennsylvania,10551,0.43,2.92,315000,NA,5,37,100,500,12627,0.54,3.95,40753,1.01,10.4,11975,2.04,8.15,183.1,0.15,2.71
2026-08-03,Monthly,2025-08-01,2025-08-31,58,State,Puerto Rico,NA,NA,NA,NA,NA,NA,NA,NA,NA,NA,NA,NA,NA,NA,NA,NA,NA,NA,NA,NA,NA
2026-08-03,Monthly,2025-08-01,2025-08-31,28,State,Rhode Island,974,3.92,5.63,500000,NA,3.55,30,-200,200,1110,3.46,2.96,3133,0.75,17.46,1023,1.37,11.25,284.54,0.53,2.83
2026-08-03,Monthly,2025-08-01,2025-08-31,30,State,South Carolina,7449,0.12,5.87,349000,NA,1.26,76,0,1000,9407,-0.04,5.46,42357,0.63,15.09,8678,0.23,11.07,189.9,0.73,0.51
2026-08-03,Monthly,2025-08-01,2025-08-31,32,State,South Dakota,711,-6.92,-2.23,345000,NA,6.15,59,1000,-400,929,-0.33,-2.96,4067,-0.14,5.94,830,-1.03,2.42,187.74,-2.37,0.91
2026-08-03,Monthly,2025-08-01,2025-08-31,34,State,Tennessee,8055,0.04,5.12,375000,NA,1.08,65,-100,700,10682,1.19,4.83,47167,-1.24,17.44,9491,-1.59,2.62,210.58,0.13,0.22
2026-08-03,Monthly,2025-08-01,2025-08-31,36,State,Texas,27716,0.86,6.16,338008,NA,-0.59,68,100,1100,39776,-2.31,0.21,186256,-0.88,16.94,33052,-0.09,3.73,176.26,-0.04,-1.63
2026-08-03,Monthly,2025-08-01,2025-08-31,38,State,Utah,3236,1.58,7.53,525000,NA,2.45,52,100,900,4540,-0.88,6.27,18141,-1.31,20.48,4064,-1.98,5.21,242.79,-0.43,-0.26
2026-08-03,Monthly,2025-08-01,2025-08-31,40,State,Vermont,658,8.65,17.49,435000,NA,8.75,58,-100,500,777,-8.35,0.48,3362,1.4,18.83,767,3.4,18.29,252.25,0.17,2.78
2026-08-03,Monthly,2025-08-01,2025-08-31,42,State,Virginia,8857,0.57,4,425000,NA,2.41,36,0,800,10455,1.59,6.19,32918,0.62,20.88,10119,1.96,7.84,227.57,0.02,2.78
2026-08-03,Monthly,2025-08-01,2025-08-31,44,State,Washington,7312,0.52,1.32,615000,NA,1.65,28,0,800,8822,-2.07,2.31,30228,-0.51,23.37,8190,1.8,5.73,338.49,0.06,-0.37
2026-08-03,Monthly,2025-08-01,2025-08-31,46,State,West Virginia,1168,-3.18,-4.92,254945,NA,4.06,58,200,200,1600,1.75,11.35,6070,1.71,14.53,1460,-1.36,11.29,144.15,0.4,0.95
2026-08-03,Monthly,2025-08-01,2025-08-31,48,State,Wisconsin,5704,1.48,4.6,338995,NA,5.11,50,100,200,6308,0.04,0.48,21579,0.02,7.49,6139,-0.49,6.13,192.91,0.69,4.98
2026-08-03,Monthly,2025-08-01,2025-08-31,50,State,Wyoming,575,-6.93,-10.17,380000,NA,8.57,47,-100,300,885,NA,-1.88,3179,-0.28,11.79,670,1.68,0.89,183.74,-3.96,0.04
2026-08-03,Monthly,2025-07-01,2025-07-31,1,State,Alabama,5178,3.29,0.99,299000,NA,3.46,63,300,900,6559,1.11,2.41,29081,0.33,11.64,6202,3.08,8.25,159.15,0.01,1.88
2026-08-03,Monthly,2025-07-01,2025-07-31,3,State,Alaska,680,-0.42,4.74,419900,NA,7.67,29,0,200,772,-1.17,-2.58,2532,-2.51,1.97,772,-3.46,0.43,245.29,0.03,5.42
2026-08-03,Monthly,2025-07-01,2025-07-31,5,State,Arizona,8115,-0.09,3.25,435000,NA,0,68,200,1200,10929,0.44,5.17,48904,-1.25,23.44,10186,7.59,10.04,254.64,0.23,-2.23
2026-08-03,Monthly,2025-07-01,2025-07-31,7,State,Arkansas,3180,1.49,1.28,268200,NA,5.18,53,100,600,4142,-2.5,0.49,17847,0.4,18.11,3666,3.52,6.73,158.39,1.18,3.06
2026-08-03,Monthly,2025-07-01,2025-07-31,9,State,California,22577,1.78,-2.06,750000,NA,-0.66,47,400,1400,29641,0.53,1.8,111561,-2.24,23.52,26060,1.54,-0.87,461.21,-0.23,-2.35
2026-08-03,Monthly,2025-07-01,2025-07-31,11,State,Colorado,7040,-2.2,0.44,550000,NA,0,48,100,800,9219,-3.32,-0.32,39244,-0.82,22.18,8419,1.7,0.4,270.98,0.48,-0.92
2026-08-03,Monthly,2025-07-01,2025-07-31,17,State,Columbia,549,4.46,6.76,677000,NA,0.3,65,-100,1200,807,-5.35,-0.27,3818,-2.21,13.72,624,-1.76,8.12,477.57,-1.44,-4.91
2026-08-03,Monthly,2025-07-01,2025-07-31,13,State,Connecticut,3153,2.52,2.14,450000,NA,7.14,40,100,300,3507,0.84,1.83,10456,0.14,5.84,3618,1.55,1.29,244.75,1,5.56
2026-08-03,Monthly,2025-07-01,2025-07-31,15,State,Delaware,1106,-3.96,-5.09,406745,NA,6.21,48,100,900,1327,-3.1,-0.92,5099,0.15,12.95,1327,5.92,9.41,212.29,0.99,0.01
2026-08-03,Monthly,2025-07-01,2025-07-31,19,State,Florida,28045,1.16,-5.72,382500,NA,-1.67,74,200,1300,42305,-1.21,-3.66,219563,-1.19,11.51,33649,0.64,-4.52,236.34,0.1,-2.35
2026-08-03,Monthly,2025-07-01,2025-07-31,21,State,Georgia,10902,-1.1,-2.11,365000,NA,0.99,60,100,1400,15106,2.36,3.39,67146,2.06,22.41,12641,2.08,0.17,181.59,-0.57,-0.57
2026-08-03,Monthly,2025-07-01,2025-07-31,25,State,Hawaii,943,-4.61,-4.26,718500,NA,-6.08,99,1000,1900,1348,-3.48,-7.44,8319,-2.02,18.58,1233,-1.21,6.6,677.1,1.41,-1.58
2026-08-03,Monthly,2025-07-01,2025-07-31,27,State,Idaho,2489,3.11,8.8,475266,NA,1.12,52,0,400,2774,-1.9,5.01,12383,-0.2,16.87,2712,4.07,14.12,266.35,0.16,2.91
2026-08-03,Monthly,2025-07-01,2025-07-31,29,State,Illinois,11443,-0.49,1.3,318000,NA,3.58,51,0,100,13274,-2.01,0.82,44697,-0.94,4.8,12852,-3.13,-0.08,185.13,1.11,4.35
2026-08-03,Monthly,2025-07-01,2025-07-31,31,State,Indiana,6964,0.27,2.61,275000,NA,3.81,34,0,800,8305,-0.4,4.81,26394,0.76,17.78,8183,3.27,7.35,149.59,-0.43,2.07
2026-08-03,Monthly,2025-07-01,2025-07-31,33,State,Iowa,3159,-2,3.09,245000,NA,0.72,41,0,600,3852,3.51,10.92,13480,1.1,13.99,3530,1.08,8.68,155.93,0.78,0.48
2026-08-03,Monthly,2025-07-01,2025-07-31,35,State,Kansas,2665,1.1,2.24,300000,NA,7.62,25,0,-300,3209,-1.43,1.57,10028,0.86,8.91,3134,1.77,8.37,147.4,0.44,2.43
2026-08-03,Monthly,2025-07-01,2025-07-31,37,State,Kentucky,3930,2.64,5.23,279900,NA,5.66,43,-100,400,4834,1.39,5.58,17288,0.96,17.55,4548,1.36,9.54,167.47,0.64,4.86
2026-08-03,Monthly,2025-07-01,2025-07-31,39,State,Louisiana,3421,0.26,0.02,249900,NA,0.77,62,-100,-600,4364,-0.94,-0.16,21686,0.17,1.67,3933,1.59,9.28,146.96,0.15,2.42
2026-08-03,Monthly,2025-07-01,2025-07-31,41,State,Maine,1503,4.82,7.79,420500,NA,5.13,60,100,800,1805,-0.83,5.3,7464,0.01,18.73,1805,6.87,11.4,261.73,-1.5,-0.57
2026-08-03,Monthly,2025-07-01,2025-07-31,43,State,Maryland,5607,0.01,-4.47,440000,NA,2.33,41,0,900,6699,-4.64,1.75,22461,0.37,21.32,6461,-0.2,-2.83,228.13,0.34,1.43
2026-08-03,Monthly,2025-07-01,2025-07-31,45,State,Massachusetts,5225,1.03,1.64,669750,NA,3.04,25,0,300,6521,-0.51,4.44,18005,0.31,19.7,5965,1.33,5.05,365.98,-1,0.63
2026-08-03,Monthly,2025-07-01,2025-07-31,47,State,Michigan,10110,1.64,2.63,288500,NA,6.07,31,0,300,12050,0.07,2.03,37272,0.49,10.23,11066,-0.02,3.85,167.25,1.13,4.91
2026-08-03,Monthly,2025-07-01,2025-07-31,49,State,Minnesota,5811,-0.7,2.06,365000,NA,2.82,34,0,400,6881,0.8,4.95,25193,NA,11.3,6286,1.15,6.13,191.79,0.45,1.45
2026-08-03,Monthly,2025-07-01,2025-07-31,51,State,Mississippi,1816,-1.34,-0.02,260000,NA,0.96,49,300,600,2510,2.5,8.54,10396,0.77,6.67,2338,3.76,7.16,147.55,1.19,2.62
2026-08-03,Monthly,2025-07-01,2025-07-31,2,State,Missouri,6571,0.23,2.03,285000,NA,5.56,33,0,0,7999,-1.06,6.97,27063,0.31,13.46,7584,-0.1,3.25,159.66,-0.08,2.63
2026-08-03,Monthly,2025-07-01,2025-07-31,4,State,Montana,1026,4.94,19.8,525000,NA,7.16,82,200,600,1373,-3.44,2.65,7278,-0.18,12.83,1141,-4.42,-2.99,282.69,-1.79,1.09
2026-08-03,Monthly,2025-07-01,2025-07-31,6,State,Nebraska,1822,0.9,3.92,305000,NA,3.39,29,100,400,2144,6.09,9.6,6771,4.42,13.73,1894,6.27,9.63,159.7,0.52,2.64
2026-08-03,Monthly,2025-07-01,2025-07-31,8,State,Nevada,3246,2.11,-7.2,460000,NA,0,60,400,1500,4138,-4.41,-4.06,18822,-0.89,31.9,3892,5.32,-5.15,263.36,-0.9,-1.24
2026-08-03,Monthly,2025-07-01,2025-07-31,10,State,New Hampshire,1488,4.87,8.42,515000,NA,1.98,40,100,500,1735,-1.35,6.01,5460,1.24,16.84,1673,2.26,7.6,285.46,-0.67,2.46
2026-08-03,Monthly,2025-07-01,2025-07-31,12,State,New Jersey,7210,0.76,0.07,560000,NA,3.7,46,200,1100,8849,0.86,1.31,29492,0.79,12.43,8244,2.58,1.11,317.62,0.16,4.67
2026-08-03,Monthly,2025-07-01,2025-07-31,14,State,New Mexico,1691,1.54,1.9,355000,NA,1.43,52,300,1000,2100,0.14,1.84,8941,0.34,14.73,1990,0.99,-0.8,206.2,-0.4,2.96
2026-08-03,Monthly,2025-07-01,2025-07-31,16,State,New York,10707,0.64,1.34,525000,NA,8.5,35,0,300,13943,1.17,2.41,50588,-0.18,10.68,11952,0.74,0.3,320.83,2.78,14.15
2026-08-03,Monthly,2025-07-01,2025-07-31,18,State,North Carolina,12361,1.38,3.38,375000,NA,1.35,53,200,1100,15662,-0.45,8.44,63294,0.97,24.69,14056,0.61,5.05,203.66,0.65,0.57
2026-08-03,Monthly,2025-07-01,2025-07-31,20,State,North Dakota,637,8.54,4.57,305000,NA,0.51,45,500,100,757,2.37,4.91,2779,1.48,7.42,705,-1.23,-5.98,163.19,-0.36,7.54
2026-08-03,Monthly,2025-07-01,2025-07-31,22,State,Ohio,10944,0.09,3.61,269900,NA,5.99,43,100,300,12861,-1.25,4.87,41045,-0.13,16.63,13028,0.83,-1.03,163.23,-0.03,4.18
2026-08-03,Monthly,2025-07-01,2025-07-31,23,State,Oklahoma,4013,5.81,8.18,260000,NA,4.42,44,-100,600,5232,2.58,7.15,20909,1.96,16.83,4730,4.73,7.83,153.54,-0.13,2.02
2026-08-03,Monthly,2025-07-01,2025-07-31,24,State,Oregon,3843,1.37,0.38,515000,NA,0,43,200,600,4772,-2.68,2.13,20341,-0.22,18.96,4481,-0.58,2.91,293.72,0.18,-1.51
2026-08-03,Monthly,2025-07-01,2025-07-31,26,State,Pennsylvania,10505,1.14,0.8,315000,NA,5,36,100,500,12559,3.77,5.76,40348,0.23,10.71,11736,-0.02,3.2,182.83,-0.21,3.43
2026-08-03,Monthly,2025-07-01,2025-07-31,58,State,Puerto Rico,NA,NA,NA,NA,NA,NA,NA,NA,NA,NA,NA,NA,NA,NA,NA,NA,NA,NA,NA,NA,NA
2026-08-03,Monthly,2025-07-01,2025-07-31,28,State,Rhode Island,937,1.52,-3.91,500000,NA,2.58,32,100,500,1073,-6.02,-3.35,3110,-2.12,14.65,1009,1.84,-1.53,283.05,-1.96,2.96
2026-08-03,Monthly,2025-07-01,2025-07-31,30,State,South Carolina,7440,1.66,4.17,353000,NA,2.32,75,500,1200,9411,0.01,6.6,42094,1.4,14.88,8658,2.26,8.27,188.52,-0.57,-1.85
2026-08-03,Monthly,2025-07-01,2025-07-31,32,State,South Dakota,763,0.87,4.72,335000,NA,1.61,49,-700,-1200,932,-5.29,3.05,4073,2.69,6.97,839,-1.19,3.95,192.29,3.3,4.18
2026-08-03,Monthly,2025-07-01,2025-07-31,34,State,Tennessee,8052,2.53,4.38,375000,NA,1.37,66,200,900,10556,0.31,5.35,47757,0.76,20.62,9644,2.25,4.67,210.31,0.11,0.71
2026-08-03,Monthly,2025-07-01,2025-07-31,36,State,Texas,27479,3.02,3.99,340000,NA,-1.98,67,200,1300,40716,1.93,7.22,187908,0.09,20.26,33083,2.08,6.35,176.33,0.05,-1.83
2026-08-03,Monthly,2025-07-01,2025-07-31,38,State,Utah,3186,2.02,4.82,525000,NA,1.96,51,100,800,4580,1.46,7.76,18382,-0.2,24.05,4147,4.24,10.41,243.83,-0.07,1.18
2026-08-03,Monthly,2025-07-01,2025-07-31,40,State,Vermont,606,0.94,-11.69,430000,NA,-3.37,60,-100,800,847,1.34,9.33,3315,1.83,19.71,742,2.97,7.56,251.83,0.49,0.89
2026-08-03,Monthly,2025-07-01,2025-07-31,42,State,Virginia,8807,0.16,3.09,435000,NA,1.75,36,0,900,10291,0.07,6,32714,0.32,21.92,9925,-1.79,3.75,227.51,0.57,3.06
2026-08-03,Monthly,2025-07-01,2025-07-31,44,State,Washington,7274,0.14,0.73,615000,NA,0,28,300,800,9008,-1.62,7.71,30383,-0.13,26.25,8045,-1.32,1.76,338.28,-0.42,-1.26
2026-08-03,Monthly,2025-07-01,2025-07-31,46,State,West Virginia,1207,0.67,1.1,250000,NA,4.21,55,0,-700,1573,1.84,12.18,5968,3.2,11.04,1480,6.57,8.66,143.57,0.27,1.25
2026-08-03,Monthly,2025-07-01,2025-07-31,48,State,Wisconsin,5621,-0.08,1.35,335000,NA,3.08,50,-100,200,6306,0.45,4.98,21574,0.3,8.64,6169,0.57,6.43,191.59,-0.57,3.96
2026-08-03,Monthly,2025-07-01,2025-07-31,50,State,Wyoming,618,3.63,6.91,367250,NA,8.01,47,300,400,991,NA,3.66,3188,2.34,13.75,659,-1.09,-2.44,191.32,-0.65,5.77
2026-08-03,Monthly,2025-06-01,2025-06-30,1,State,Alabama,5013,-4.24,0.73,299000,NA,1.75,60,0,700,6487,-2.87,-0.92,28984,0.7,12.92,6017,-1.33,2.7,159.14,-0.4,2.49
2026-08-03,Monthly,2025-06-01,2025-06-30,3,State,Alaska,683,0.11,8.91,409500,NA,3.67,29,-100,-100,781,-4.3,-3.42,2598,-1.61,4.44,800,3.77,3.08,245.22,0.24,4.19
2026-08-03,Monthly,2025-06-01,2025-06-30,5,State,Arizona,8123,1.16,4.54,435000,NA,-2,66,100,1000,10880,-1.17,3.22,49524,0.29,25.81,9468,0.45,0.97,254.06,-0.36,-2.1
2026-08-03,Monthly,2025-06-01,2025-06-30,7,State,Arkansas,3133,1.31,3.43,278613,NA,3.19,52,300,700,4249,3.39,8.27,17776,2.02,20.27,3541,0.24,0.28,156.55,-1.38,2.03
2026-08-03,Monthly,2025-06-01,2025-06-30,9,State,California,22183,1.01,-1.56,762500,NA,-0.33,43,200,1000,29485,-4.64,-1.12,114116,-0.87,26.87,25665,-0.18,-1.68,462.27,-1.02,-2.55
2026-08-03,Monthly,2025-06-01,2025-06-30,11,State,Colorado,7198,0.33,4.17,565000,NA,0.01,47,0,600,9535,-6.52,2.96,39570,-0.49,24.84,8278,-6.33,-0.28,269.7,-0.48,-1.32
2026-08-03,Monthly,2025-06-01,2025-06-30,17,State,Columbia,525,7.2,1.95,707000,NA,-1.12,67,400,1400,852,-3.94,1.72,3904,0.96,16.15,635,3.78,6.47,484.56,-2.94,-4.28
2026-08-03,Monthly,2025-06-01,2025-06-30,13,State,Connecticut,3076,-2.79,1.5,450000,NA,4.65,39,0,200,3477,0.04,3.33,10442,-0.12,6.86,3563,-1.08,-1.69,242.32,-1.25,5.07
2026-08-03,Monthly,2025-06-01,2025-06-30,15,State,Delaware,1152,-3.08,1.39,405000,NA,3.58,48,300,800,1369,-1.27,3.48,5091,0.43,14.15,1253,1.21,-2.02,210.21,-1.56,-0.44
2026-08-03,Monthly,2025-06-01,2025-06-30,19,State,Florida,27725,-0.06,-6.15,388000,NA,-2.71,71,200,1200,42821,0.19,-3.03,222218,-0.46,13.75,33436,1.58,-6.07,236.11,0.14,-2.41
2026-08-03,Monthly,2025-06-01,2025-06-30,21,State,Georgia,11024,1.68,1.64,374000,NA,2.47,58,200,1400,14757,-3.35,-2.2,65792,1.22,21.19,12383,-2.86,-4.59,182.63,0.23,0.31
2026-08-03,Monthly,2025-06-01,2025-06-30,25,State,Hawaii,989,8.15,5.75,750000,NA,-6.25,89,-100,1300,1397,-6.45,1.57,8491,0.18,25.71,1249,7.51,6.38,667.69,-1.98,-5.09
2026-08-03,Monthly,2025-06-01,2025-06-30,27,State,Idaho,2414,0.5,9.17,482740,NA,2.46,52,100,500,2828,-7.31,3.55,12408,0.48,16.27,2606,0.56,3.38,265.92,-0.32,0.29
2026-08-03,Monthly,2025-06-01,2025-06-30,29,State,Illinois,11499,1.94,6.3,323000,NA,2.54,51,200,100,13546,-2.47,3.01,45122,0.23,6.71,13268,1.87,3.01,183.09,0.21,3.19
2026-08-03,Monthly,2025-06-01,2025-06-30,31,State,Indiana,6945,-0.31,4.61,275000,NA,1.85,34,100,700,8338,-0.29,5.46,26197,0.38,18.97,7924,-2.2,0.28,150.23,0.59,4.03
2026-08-03,Monthly,2025-06-01,2025-06-30,33,State,Iowa,3224,-1.96,6.97,252745,NA,2.74,41,-100,800,3721,-3.5,3.31,13334,-1.49,13.4,3493,-0.37,5.15,154.73,-2.23,-1.64
2026-08-03,Monthly,2025-06-01,2025-06-30,35,State,Kansas,2636,-4.85,2.83,290000,NA,5.45,25,0,-400,3256,-3.84,2.42,9942,0.74,9.16,3080,-2.3,2.2,146.76,-0.6,3.1
2026-08-03,Monthly,2025-06-01,2025-06-30,37,State,Kentucky,3829,0.87,3.84,280000,NA,3.7,44,100,600,4768,-0.2,6.06,17124,1.08,17.35,4487,1.31,3.47,166.41,0.73,4.06
2026-08-03,Monthly,2025-06-01,2025-06-30,39,State,Louisiana,3412,3.18,4.51,262000,NA,4.84,63,100,-200,4405,-4.88,-1.26,21650,0.19,2.25,3871,0.15,6.01,146.74,-0.07,1.39
2026-08-03,Monthly,2025-06-01,2025-06-30,41,State,Maine,1434,-5.27,2.93,425000,NA,3.79,59,700,800,1820,-2.3,2.07,7464,-0.46,18.87,1689,-5.31,5.91,265.72,-1.66,4.11
2026-08-03,Monthly,2025-06-01,2025-06-30,43,State,Maryland,5607,0.59,-2.06,449990,NA,3.45,41,100,900,7025,-0.74,3.85,22377,0.9,19.67,6474,-0.75,-2.53,227.35,-0.85,2.15
2026-08-03,Monthly,2025-06-01,2025-06-30,45,State,Massachusetts,5171,-2.53,0.71,680000,NA,3.03,25,100,200,6554,1.39,4.44,17948,1.8,19.87,5887,-0.11,2.98,369.67,-0.09,2.56
2026-08-03,Monthly,2025-06-01,2025-06-30,47,State,Michigan,9947,-0.66,1.64,288000,NA,4.73,32,100,400,12041,0.01,2.76,37089,0.58,10.63,11067,2.54,4.42,165.37,-0.76,4.32
2026-08-03,Monthly,2025-06-01,2025-06-30,49,State,Minnesota,5852,0.33,4.72,370000,NA,2.78,34,200,300,6826,-0.82,4.92,24706,NA,12.93,6214,2.14,5.36,190.94,0.09,1.14
2026-08-03,Monthly,2025-06-01,2025-06-30,51,State,Mississippi,1841,1.77,0.69,270000,NA,3.85,46,100,300,2448,1.36,-0.93,10316,0.18,5.54,2254,-3.41,-0.94,145.82,0.33,0.6
2026-08-03,Monthly,2025-06-01,2025-06-30,2,State,Missouri,6556,-0.95,2.61,290000,NA,3.57,33,0,0,8085,-6.06,6.31,26978,-3.13,13.41,7591,-2.4,2.33,159.8,1.78,4.22
2026-08-03,Monthly,2025-06-01,2025-06-30,4,State,Montana,978,0.42,6.07,499000,NA,0,81,300,600,1422,-7.85,3.72,7291,1.23,14.04,1194,-7.97,-0.67,287.85,-2.18,3.73
2026-08-03,Monthly,2025-06-01,2025-06-30,6,State,Nebraska,1806,0.62,6.78,310000,NA,1.64,29,0,400,2021,-4.69,3.32,6484,0.85,9.54,1782,-2.31,2.02,158.87,0.44,2.41
2026-08-03,Monthly,2025-06-01,2025-06-30,8,State,Nevada,3179,-1.34,-9.08,465000,NA,2.2,56,100,1000,4328,-7.8,0,18991,0.24,33.93,3696,-1.86,-10.81,265.76,0.16,-0.06
2026-08-03,Monthly,2025-06-01,2025-06-30,10,State,New Hampshire,1419,0.26,4.06,530000,NA,3.92,38,0,500,1759,3.02,9.5,5393,1.71,17.44,1636,-0.44,6.68,287.39,0.4,5.72
2026-08-03,Monthly,2025-06-01,2025-06-30,12,State,New Jersey,7155,-3.18,1.39,565000,NA,5.81,45,100,900,8774,-1.06,3.85,29261,0.7,12.33,8036,-1.73,1.39,317.11,0,5.33
2026-08-03,Monthly,2025-06-01,2025-06-30,14,State,New Mexico,1666,1.93,3.88,352000,NA,3.53,49,0,700,2097,-2.82,1.68,8910,1.04,15.74,1971,-1.63,-1.57,207.03,-0.26,5.02
2026-08-03,Monthly,2025-06-01,2025-06-30,16,State,New York,10639,-1.02,1.78,515750,NA,3.15,34,100,100,13782,-0.88,1.96,50679,-0.4,11.32,11864,0.06,0.04,312.17,-0.68,12.13
2026-08-03,Monthly,2025-06-01,2025-06-30,18,State,North Carolina,12193,-0.63,2.85,380000,NA,1.33,52,0,1000,15734,-4.12,5.79,62687,1.45,25.72,13970,-0.08,1.35,202.35,-0.96,0.2
2026-08-03,Monthly,2025-06-01,2025-06-30,20,State,North Dakota,587,-7.79,-1.97,320000,NA,8.49,40,0,-500,739,-1.79,8.65,2738,1.76,5.65,714,6.02,1.08,163.79,-0.21,7.96
2026-08-03,Monthly,2025-06-01,2025-06-30,22,State,Ohio,10933,1.51,3.88,273000,NA,7.06,42,0,200,13024,0.81,6.76,41099,1.28,17.11,12921,-0.72,-2.57,163.28,0.72,4.55
2026-08-03,Monthly,2025-06-01,2025-06-30,23,State,Oklahoma,3793,-3.55,-1.8,260000,NA,1.45,45,-200,500,5100,-1.24,3.78,20508,1.01,16.14,4517,-0.02,1.58,153.74,-0.36,2.62
2026-08-03,Monthly,2025-06-01,2025-06-30,24,State,Oregon,3791,-2.81,-1.99,529000,NA,1.21,40,-200,400,4903,-5.74,1.4,20385,0.6,19.54,4507,0.84,2.74,293.2,-0.52,-1.42
2026-08-03,Monthly,2025-06-01,2025-06-30,26,State,Pennsylvania,10387,-1.14,3.91,320000,NA,5.82,35,0,500,12102,-4.81,1.02,40254,-0.38,10.52,11738,0.8,1.56,183.22,-0.16,3.28
2026-08-03,Monthly,2025-06-01,2025-06-30,58,State,Puerto Rico,NA,NA,NA,NA,NA,NA,NA,NA,NA,NA,NA,NA,NA,NA,NA,NA,NA,NA,NA,NA,NA
2026-08-03,Monthly,2025-06-01,2025-06-30,28,State,Rhode Island,923,-4.94,7.36,510000,NA,3.38,32,100,800,1142,0.33,6.55,3177,-0.33,20.27,991,-4.11,-5.36,288.72,-0.25,7.57
2026-08-03,Monthly,2025-06-01,2025-06-30,30,State,South Carolina,7318,-0.81,3.37,350000,NA,0.29,70,0,700,9409,0.66,5.16,41514,0.78,14.77,8467,1.49,0.74,189.6,-0.39,0.38
2026-08-03,Monthly,2025-06-01,2025-06-30,32,State,South Dakota,757,-2.25,6.76,335500,NA,2.85,57,-600,-400,984,-3.27,9.96,3966,-6.45,6.18,849,0.43,3.6,186.14,-0.03,1.22
2026-08-03,Monthly,2025-06-01,2025-06-30,34,State,Tennessee,7853,1.71,5.9,380000,NA,1.33,64,100,700,10523,-2.95,4.34,47397,1.53,21.73,9431,-0.04,1.17,210.09,-0.08,1.23
2026-08-03,Monthly,2025-06-01,2025-06-30,36,State,Texas,26674,-1.27,1.58,348000,NA,0.14,66,200,1200,39946,-1.92,2.1,187733,0.63,20.15,32408,-1.55,1.17,176.25,-0.76,-1.83
2026-08-03,Monthly,2025-06-01,2025-06-30,38,State,Utah,3123,-5.41,1.7,522000,NA,1.76,50,0,800,4514,-1.88,5.56,18419,-0.46,25.8,3978,-1.6,4.05,244.01,0.28,0.36
2026-08-03,Monthly,2025-06-01,2025-06-30,40,State,Vermont,600,-5.04,3.15,432500,NA,9.98,60,100,800,836,6.53,9.64,3256,1.95,19.71,721,1.14,1.02,250.61,3.67,-1.26
2026-08-03,Monthly,2025-06-01,2025-06-30,42,State,Virginia,8793,0.72,4.35,445000,NA,3.17,36,200,900,10284,-3.16,6.21,32610,0.57,22.18,10106,3.13,6.33,226.22,-0.6,2.49
2026-08-03,Monthly,2025-06-01,2025-06-30,44,State,Washington,7264,1.39,1.32,626272,NA,3.19,25,0,700,9157,-5.42,5.59,30423,2.24,25.74,8152,2.26,3.03,339.69,-1.04,0.16
2026-08-03,Monthly,2025-06-01,2025-06-30,46,State,West Virginia,1199,-3.7,-0.17,263000,NA,8.68,55,200,-900,1544,-0.3,6.1,5783,1.55,5.24,1389,-9.96,2.23,143.18,0.6,1.53
2026-08-03,Monthly,2025-06-01,2025-06-30,48,State,Wisconsin,5625,-0.22,3.22,340000,NA,4.62,51,0,300,6278,-1.11,6.58,21509,0.73,9.09,6134,0.85,4.38,192.68,1.2,6.47
2026-08-03,Monthly,2025-06-01,2025-06-30,50,State,Wyoming,596,-3.7,6.25,365000,NA,4.29,44,200,-100,1138,NA,11.68,3115,1.82,11.12,666,-4.7,-1.14,192.58,3.75,3.22
2026-08-03,Monthly,2025-05-01,2025-05-31,1,State,Alabama,5235,1.5,4.53,295000,NA,2.11,60,0,900,6678,0.14,4.47,28783,1.19,14.01,6098,2.69,3.53,159.78,0.26,3.36
2026-08-03,Monthly,2025-05-01,2025-05-31,3,State,Alaska,682,-0.72,5.32,412500,NA,5.77,30,-300,100,817,2.31,1.59,2640,-1.01,7.33,771,1.52,3.03,244.63,0.74,6.82
2026-08-03,Monthly,2025-05-01,2025-05-31,5,State,Arizona,8030,-1.2,2.2,445000,NA,0,65,200,800,11010,-3.2,5.43,49381,1.59,27.25,9425,-1.89,1.13,254.99,-1.16,-1.85
2026-08-03,Monthly,2025-05-01,2025-05-31,7,State,Arkansas,3093,1.08,-1.03,269900,NA,4.21,49,-200,300,4109,-1.69,4.24,17425,1.64,18.19,3532,0.56,1.11,158.73,0.69,4.61
2026-08-03,Monthly,2025-05-01,2025-05-31,9,State,California,21961,-3.25,-3.15,762000,NA,-0.39,41,200,900,30921,-2.24,4.76,115120,1.81,30.39,25713,3.28,-0.39,467.02,-0.73,-1.73
2026-08-03,Monthly,2025-05-01,2025-05-31,11,State,Colorado,7174,-2.62,2.01,555700,NA,-0.77,47,0,700,10201,-1.62,8.49,39766,3.7,28.28,8838,3.96,8.42,270.99,-0.22,-0.69
2026-08-03,Monthly,2025-05-01,2025-05-31,17,State,Columbia,490,-2.19,-9.83,704000,NA,2.03,62,600,1300,887,-4.62,5.04,3867,0.58,17.69,612,5.33,6.04,499.27,-0.2,-0.76
2026-08-03,Monthly,2025-05-01,2025-05-31,13,State,Connecticut,3164,0.29,4.44,425000,NA,7.59,39,300,200,3476,0.34,3.93,10454,-0.74,5.62,3602,0.34,3.78,245.39,1.58,8.09
2026-08-03,Monthly,2025-05-01,2025-05-31,15,State,Delaware,1188,-0.35,4.29,400000,NA,0.01,45,400,500,1387,-4.23,1.17,5069,0.66,15.2,1238,-3.65,-0.54,213.54,-1.75,0.18
2026-08-03,Monthly,2025-05-01,2025-05-31,19,State,Florida,27741,-0.71,-8.49,389000,NA,-1.52,69,200,1100,42742,-2.19,-3.31,223252,0.51,15.97,32917,2.78,-5.96,235.78,-1.69,-2.47
2026-08-03,Monthly,2025-05-01,2025-05-31,21,State,Georgia,10842,-1.1,-2.4,365000,NA,-1.08,57,200,1300,15269,-3.21,2.32,64998,1.29,22.02,12748,1.79,0.37,182.21,-0.05,0.02
2026-08-03,Monthly,2025-05-01,2025-05-31,25,State,Hawaii,914,-3.76,-12.7,738750,NA,-1.43,90,100,1200,1494,-5.68,2.3,8476,1.12,27.44,1161,1.05,-1.12,681.16,-2.03,-8.93
2026-08-03,Monthly,2025-05-01,2025-05-31,27,State,Idaho,2402,-0.89,7.95,475000,NA,0.92,51,200,500,3051,-0.25,13.48,12348,2.19,18.08,2592,2.11,8.27,266.78,0.93,1.99
2026-08-03,Monthly,2025-05-01,2025-05-31,29,State,Illinois,11280,0.42,0.61,316000,NA,5.33,49,100,0,13889,1.91,5.67,45018,1.2,6.93,13024,1.89,4.21,182.71,-0.83,3.06
2026-08-03,Monthly,2025-05-01,2025-05-31,31,State,Indiana,6967,0.6,4.78,270000,NA,1.89,33,0,600,8363,1.32,6.66,26097,1.1,19.78,8102,1.46,6.95,149.35,-0.28,2.67
2026-08-03,Monthly,2025-05-01,2025-05-31,33,State,Iowa,3288,2.9,7.82,247500,NA,3.99,42,100,900,3856,-2.32,8.91,13535,0.6,17.01,3505,1.89,10.33,158.25,1.51,3.56
2026-08-03,Monthly,2025-05-01,2025-05-31,35,State,Kansas,2771,1.37,4.34,280000,NA,6.46,25,-300,-400,3386,4.59,13.4,9870,2.48,10.17,3152,2.02,8.51,147.65,0.51,3.61
2026-08-03,Monthly,2025-05-01,2025-05-31,37,State,Kentucky,3796,-1.39,2.86,275000,NA,3.68,43,100,400,4778,0.45,6.6,16941,1.9,18.13,4429,2.93,5.7,165.21,-0.96,2.56
2026-08-03,Monthly,2025-05-01,2025-05-31,39,State,Louisiana,3307,1.84,-3.03,256000,NA,4.07,62,-200,-400,4631,1.01,3.72,21608,1.11,2.68,3865,-3.94,5.79,146.84,-0.52,1.99
2026-08-03,Monthly,2025-05-01,2025-05-31,41,State,Maine,1514,3.13,9.73,425000,NA,6.4,52,-500,0,1863,-3.48,8.03,7498,1.22,19.66,1784,3.84,11.75,270.2,3.29,4.8
2026-08-03,Monthly,2025-05-01,2025-05-31,43,State,Maryland,5574,-1.61,-3.58,437750,NA,2.23,39,300,800,7077,1.75,5.5,22178,2.54,20.92,6523,-0.35,0.13,229.3,0.99,3.02
2026-08-03,Monthly,2025-05-01,2025-05-31,45,State,Massachusetts,5306,-0.2,3.8,665000,NA,5.22,24,0,200,6464,-3.11,3.07,17630,0.04,18.35,5894,-0.2,5.39,370,-2.01,2.99
2026-08-03,Monthly,2025-05-01,2025-05-31,47,State,Michigan,10012,1.29,1.31,279900,NA,3.67,31,-100,300,12040,0.45,2.36,36876,0.7,10.89,10793,-2.56,1.27,166.65,0.68,5.65
2026-08-03,Monthly,2025-05-01,2025-05-31,49,State,Minnesota,5833,-1.63,1.31,360000,NA,1.98,32,0,0,6882,-1.37,7.58,23839,NA,11.63,6084,-1.81,2.88,190.76,0.04,1.47
2026-08-03,Monthly,2025-05-01,2025-05-31,51,State,Mississippi,1809,1.92,-2.75,269900,NA,3.81,44,-300,200,2416,-2.65,0.29,10297,0.94,7.38,2333,3.66,4.64,145.35,-0.23,1.52
2026-08-03,Monthly,2025-05-01,2025-05-31,2,State,Missouri,6619,2.32,3.23,280000,NA,4.09,33,0,300,8607,6.44,15.59,27851,6.21,18.82,7778,3.19,8.01,157,-1.19,1.11
2026-08-03,Monthly,2025-05-01,2025-05-31,4,State,Montana,974,3.17,4.58,499900,NA,1.01,78,-700,300,1543,3.82,9.44,7203,2.63,14.67,1297,3.07,8.42,294.25,1.49,4.45
2026-08-03,Monthly,2025-05-01,2025-05-31,6,State,Nebraska,1795,2.06,0.83,310000,NA,4.73,28,0,600,2120,-2.19,7.31,6429,2.79,10.95,1824,2.37,8.73,158.17,-0.74,1.62
2026-08-03,Monthly,2025-05-01,2025-05-31,8,State,Nevada,3222,-3.62,-8.96,460000,NA,2.22,55,200,900,4695,-4.03,5.66,18946,2.89,34.77,3766,-0.96,-8.75,265.33,-0.26,0.33
2026-08-03,Monthly,2025-05-01,2025-05-31,10,State,New Hampshire,1416,-4.65,-1.71,518150,NA,3.63,39,100,500,1707,-1.06,3.94,5302,0.75,15.61,1643,3.8,8.44,286.24,-0.57,4.58
2026-08-03,Monthly,2025-05-01,2025-05-31,12,State,New Jersey,7390,2.47,2.17,545000,NA,5.83,44,200,600,8868,0.83,5.58,29057,0.57,11.09,8177,2.1,-0.96,317.11,0.38,6.09
2026-08-03,Monthly,2025-05-01,2025-05-31,14,State,New Mexico,1634,-4.33,-2.91,350000,NA,0,48,0,800,2158,2.45,3.25,8819,1.05,16.57,2003,4.32,2.13,207.56,-0.14,4.19
2026-08-03,Monthly,2025-05-01,2025-05-31,16,State,New York,10748,-0.03,2.41,505000,NA,6.32,33,0,100,13904,1.07,1.68,50881,-0.48,8.55,11857,-1.14,2.81,314.32,2.29,14.52
2026-08-03,Monthly,2025-05-01,2025-05-31,18,State,North Carolina,12270,0.98,3.04,375000,NA,1.35,51,200,1100,16410,2.29,15.79,61792,2.44,27.49,13982,2.49,5.85,204.3,-0.33,1.15
2026-08-03,Monthly,2025-05-01,2025-05-31,20,State,North Dakota,636,3.46,-0.92,304075,NA,2.73,41,-200,-1000,753,-2.3,8.06,2691,-1.99,0.34,673,-3.87,-8.15,164.14,-0.23,5.44
2026-08-03,Monthly,2025-05-01,2025-05-31,22,State,Ohio,10771,-2.81,0.74,260000,NA,4,42,100,300,12920,-0.91,5.21,40579,0.49,15.67,13015,-0.69,-1.8,162.11,-0.21,4.3
2026-08-03,Monthly,2025-05-01,2025-05-31,23,State,Oklahoma,3933,-1.34,0.69,259000,NA,3.6,47,0,800,5164,0.61,6.45,20302,1.76,16.32,4518,3.13,2.5,154.3,0.1,2.72
2026-08-03,Monthly,2025-05-01,2025-05-31,24,State,Oregon,3900,-0.05,0.69,520000,NA,0.39,42,-100,800,5202,-4.99,6.79,20264,2.34,19.57,4469,-0.59,1.49,294.72,-0.64,-0.13
2026-08-03,Monthly,2025-05-01,2025-05-31,26,State,Pennsylvania,10507,-2.34,0.78,302000,NA,5.96,35,200,400,12714,1.42,6.34,40410,1.55,10.59,11645,-0.74,3.34,183.5,0.74,2.99
2026-08-03,Monthly,2025-05-01,2025-05-31,58,State,Puerto Rico,NA,NA,NA,NA,NA,NA,NA,NA,NA,NA,NA,NA,NA,NA,NA,NA,NA,NA,NA,NA,NA
2026-08-03,Monthly,2025-05-01,2025-05-31,28,State,Rhode Island,971,8.2,8.39,497500,NA,6.99,30,500,700,1138,-2.99,5.27,3188,0.99,20.95,1033,-1.76,8.94,289.44,2,5.51
2026-08-03,Monthly,2025-05-01,2025-05-31,30,State,South Carolina,7378,1.42,4.61,345900,NA,-0.32,70,200,700,9348,0.51,5.33,41192,0.93,15.5,8343,-0.75,3.92,190.35,0.17,0.55
2026-08-03,Monthly,2025-05-01,2025-05-31,32,State,South Dakota,774,-0.92,5.12,330000,NA,-1.27,63,-500,0,1018,-1.51,14.65,4240,1.71,16.94,845,-0.95,6.63,186.19,-1.67,0.44
2026-08-03,Monthly,2025-05-01,2025-05-31,34,State,Tennessee,7721,-1.37,-6.13,379900,NA,3.37,63,0,600,10843,-0.57,9.14,46685,1.66,20.81,9435,0.91,1.96,210.25,-0.34,1.35
2026-08-03,Monthly,2025-05-01,2025-05-31,36,State,Texas,27016,1.66,2.05,340276,NA,-2.5,64,200,1200,40726,0.04,6.7,186550,2.09,20.46,32918,0.72,4.63,177.59,-0.48,-0.7
2026-08-03,Monthly,2025-05-01,2025-05-31,38,State,Utah,3302,2.98,6.67,520000,NA,0.42,50,200,800,4601,-0.39,9.21,18505,1.91,28.7,4043,3.68,7.34,243.33,-0.49,0.66
2026-08-03,Monthly,2025-05-01,2025-05-31,40,State,Vermont,632,14.09,13.04,432500,NA,5.75,59,300,200,785,-5.4,10.17,3193,2.16,21.2,712,-4.35,9.32,241.74,-4.9,-3.15
2026-08-03,Monthly,2025-05-01,2025-05-31,42,State,Virginia,8729,-0.04,2.11,440000,NA,3.53,34,100,700,10620,-0.48,10.82,32426,2.14,22.79,9799,-1.42,4.94,227.6,0.53,3.97
2026-08-03,Monthly,2025-05-01,2025-05-31,44,State,Washington,7165,-1.18,-0.3,618000,NA,0.33,25,300,900,9681,1.95,10.36,29755,4.94,24.23,7972,1.22,0.11,343.27,0.05,1.2
2026-08-03,Monthly,2025-05-01,2025-05-31,46,State,West Virginia,1245,3.22,1.24,255000,NA,4.08,53,-400,-900,1549,3.83,11.16,5694,2.84,3.58,1543,-4.24,-7.04,142.32,0.4,1.29
2026-08-03,Monthly,2025-05-01,2025-05-31,48,State,Wisconsin,5637,1.25,1.69,332200,NA,5.29,50,100,300,6349,1.27,4.23,21354,0.48,7.08,6082,-1.38,4.44,190.4,-0.14,5.26
2026-08-03,Monthly,2025-05-01,2025-05-31,50,State,Wyoming,619,-0.79,7.85,364950,NA,5.17,42,-200,-700,1105,NA,12.53,3059,1.5,11.87,699,0.22,4.44,185.62,-0.7,1.24
2026-08-03,Monthly,2025-04-01,2025-04-30,1,State,Alabama,5158,-0.12,2.43,286000,NA,4,60,0,800,6669,-1.71,3.35,28444,0.41,14.39,5938,-3.84,-3.48,159.37,-0.32,2.51
2026-08-03,Monthly,2025-04-01,2025-04-30,3,State,Alaska,687,2.88,13.63,387600,NA,3.37,33,300,800,798,-7.84,3.21,2667,-2.57,12.5,759,-7.37,-1.87,242.83,1.12,5.25
2026-08-03,Monthly,2025-04-01,2025-04-30,5,State,Arizona,8128,-0.02,4.52,437500,NA,-1.89,63,100,900,11373,2.28,11.62,48608,2.6,28.44,9607,-3.3,1.26,257.99,-0.41,-0.48
2026-08-03,Monthly,2025-04-01,2025-04-30,7,State,Arkansas,3060,-5.33,-2.95,262650,NA,3,51,-300,600,4180,-4.08,5.11,17145,0.76,17.18,3513,-4.59,-2.05,157.65,0.69,3.61
2026-08-03,Monthly,2025-04-01,2025-04-30,9,State,California,22699,-1.83,1.06,765000,NA,0.79,39,200,700,31628,1.64,11.02,113071,2.79,32.55,24896,-4.94,-1.52,470.46,-0.33,0.22
2026-08-03,Monthly,2025-04-01,2025-04-30,11,State,Colorado,7368,-2.34,4.32,560000,NA,0,46,0,800,10369,0.03,14.85,38348,1.72,27.97,8501,-6.14,1.95,271.59,-0.21,0.2
2026-08-03,Monthly,2025-04-01,2025-04-30,17,State,Columbia,501,-9.77,-8.48,741250,NA,5.91,56,-200,300,930,0.18,15.92,3845,2.71,19.32,581,-0.96,-3.89,500.25,1.33,0.59
2026-08-03,Monthly,2025-04-01,2025-04-30,13,State,Connecticut,3155,0.55,4.09,415000,NA,8.14,36,-200,-100,3464,-6.75,2.62,10532,-0.9,5.21,3590,-3.69,1.19,241.58,0.23,7.45
2026-08-03,Monthly,2025-04-01,2025-04-30,15,State,Delaware,1193,-0.75,5.85,388000,NA,-0.51,40,100,100,1448,-2.26,13.28,5036,0.31,16.46,1285,-3.43,1.02,217.35,2.48,3.62
2026-08-03,Monthly,2025-04-01,2025-04-30,19,State,Florida,27939,-3.14,-6.41,385000,NA,-3.51,67,0,1000,43699,-1.34,0.24,222119,1.06,17.86,32028,-4.12,-10.83,239.84,-0.44,-1.15
2026-08-03,Monthly,2025-04-01,2025-04-30,21,State,Georgia,10963,1.83,-1.87,360000,NA,0,55,0,1300,15776,-0.83,5.46,64171,1.45,21.89,12524,-3.09,-5.48,182.31,-1.01,0.58
2026-08-03,Monthly,2025-04-01,2025-04-30,25,State,Hawaii,950,-0.51,-9.71,731000,NA,-6.7,89,100,1600,1583,-5.66,17.39,8382,2.6,30.48,1149,-7.17,-6.77,695.3,2.9,-1.64
2026-08-03,Monthly,2025-04-01,2025-04-30,27,State,Idaho,2424,2.73,5.98,459900,NA,-1.09,50,200,600,3059,-2.42,6.53,12084,0.7,15.55,2538,-3.57,3.66,264.31,-1.27,0.79
2026-08-03,Monthly,2025-04-01,2025-04-30,29,State,Illinois,11233,-1.15,-1.03,310000,NA,6.53,48,0,0,13629,-0.41,4.13,44482,-0.36,5.65,12783,-3.99,0.49,184.24,0.32,4.95
2026-08-03,Monthly,2025-04-01,2025-04-30,31,State,Indiana,6926,-0.34,2.58,263950,NA,5.58,32,200,700,8254,-1.52,6.38,25812,0.29,19.65,7986,-2.96,2.32,149.77,0.69,3.96
2026-08-03,Monthly,2025-04-01,2025-04-30,33,State,Iowa,3196,-2.38,2.19,235000,NA,2.17,40,-100,600,3948,2.95,9.67,13454,0.83,15.38,3440,-3.56,-0.04,155.89,-0.39,2.3
2026-08-03,Monthly,2025-04-01,2025-04-30,35,State,Kansas,2733,3.58,-2.72,272900,NA,9.82,28,0,-100,3238,0.59,6.15,9631,-1.03,5.25,3090,-5.16,3.31,146.9,1.2,3.18
2026-08-03,Monthly,2025-04-01,2025-04-30,37,State,Kentucky,3850,1.5,4.14,262000,NA,2.75,42,100,500,4757,-1.78,8.05,16625,0.19,16.69,4303,-2.13,3.1,166.81,0.55,5.39
2026-08-03,Monthly,2025-04-01,2025-04-30,39,State,Louisiana,3247,0.18,-7.07,250000,NA,2.04,64,-200,100,4585,0.07,-0.74,21371,0.99,2.65,4024,4.26,9.52,147.6,-0.24,3.23
2026-08-03,Monthly,2025-04-01,2025-04-30,41,State,Maine,1468,-0.77,3.55,415000,NA,7.79,56,600,1100,1931,-3.42,17.13,7408,2.5,20.31,1718,-0.99,10.46,261.61,-2.5,1.97
2026-08-03,Monthly,2025-04-01,2025-04-30,43,State,Maryland,5665,-0.68,-1.9,431000,NA,4.61,36,200,500,6955,-3.68,8.91,21629,1.73,19.63,6545,-0.1,0.23,227.06,-0.19,1.85
2026-08-03,Monthly,2025-04-01,2025-04-30,45,State,Massachusetts,5316,2.54,3.14,636000,NA,3.67,24,100,200,6672,3.89,10.83,17624,0.03,20.8,5906,-2.53,4.45,377.6,1.38,5.64
2026-08-03,Monthly,2025-04-01,2025-04-30,47,State,Michigan,9885,-1.81,-2.32,265000,NA,3.92,32,100,600,11987,-0.45,1.67,36618,0.49,10.93,11076,-0.33,3.8,165.52,0.77,4.83
2026-08-03,Monthly,2025-04-01,2025-04-30,49,State,Minnesota,5929,0.65,2.48,360000,NA,2.56,32,-100,200,6977,-3.76,6.22,21305,NA,10.24,6197,-5.82,1.08,190.68,-0.35,1.29
2026-08-03,Monthly,2025-04-01,2025-04-30,51,State,Mississippi,1775,-2.97,-5.32,265000,NA,11.81,48,-200,600,2481,1.81,-3.17,10202,0.02,7.22,2251,-2.1,0,145.68,-1.03,1.95
2026-08-03,Monthly,2025-04-01,2025-04-30,2,State,Missouri,6469,-1.33,-0.16,270000,NA,3.85,33,0,400,8086,0.41,5.91,26223,0.75,11.78,7538,-3.76,-1.93,158.89,-0.22,3.35
2026-08-03,Monthly,2025-04-01,2025-04-30,4,State,Montana,944,3.82,-2.44,499000,NA,0.81,85,100,1100,1486,-1.71,9.12,7018,3.47,13.31,1259,1.78,4.76,289.94,3.25,3.44
2026-08-03,Monthly,2025-04-01,2025-04-30,6,State,Nebraska,1758,0.07,-2.37,298000,NA,4.56,29,100,600,2168,6.48,7.34,6255,1.63,8.41,1782,-4.71,-0.97,159.36,0.03,2.24
2026-08-03,Monthly,2025-04-01,2025-04-30,8,State,Nevada,3343,-2.93,-4.47,460000,NA,2.91,54,300,1000,4892,1.16,19.26,18415,3.08,33.22,3802,-3.5,-7.48,266.03,-1.14,1.57
2026-08-03,Monthly,2025-04-01,2025-04-30,10,State,New Hampshire,1485,4.22,3.41,490000,NA,4.26,37,0,300,1726,-0.53,8.31,5263,0.68,17.59,1583,-5.18,2.6,287.88,1.15,6.85
2026-08-03,Monthly,2025-04-01,2025-04-30,12,State,New Jersey,7212,-0.83,-0.78,528500,NA,7.42,41,0,400,8795,-3.36,7.44,28894,0.26,10.49,8009,-5.55,-2.37,315.91,0.43,6.43
2026-08-03,Monthly,2025-04-01,2025-04-30,14,State,New Mexico,1708,-1.11,2.86,346000,NA,2.05,49,200,800,2106,-0.91,0.41,8728,-0.45,17.71,1920,-5.97,-5.46,207.85,1.64,4.69
2026-08-03,Monthly,2025-04-01,2025-04-30,16,State,New York,10751,-1.37,2.33,491998,NA,6.96,32,-200,0,13757,-1.95,4.87,51127,-0.32,8.66,11993,-0.7,2.56,307.29,-2.34,12.25
2026-08-03,Monthly,2025-04-01,2025-04-30,18,State,North Carolina,12151,-0.84,1.92,370000,NA,0.68,49,-100,1000,16043,0.38,13.39,60319,1.48,26.51,13642,-1.81,1.13,204.97,0.33,2.14
2026-08-03,Monthly,2025-04-01,2025-04-30,20,State,North Dakota,615,-1.77,-6.8,314900,NA,10.49,43,-100,-2300,771,-0.05,-0.03,2746,0.71,-13.77,700,0.38,-8.83,164.52,0.73,6.37
2026-08-03,Monthly,2025-04-01,2025-04-30,22,State,Ohio,11083,2.25,2.16,247750,NA,7.72,42,100,200,13038,-1.86,8.78,40383,0.09,15.86,13105,-0.87,-2.52,162.44,0.14,5.18
2026-08-03,Monthly,2025-04-01,2025-04-30,23,State,Oklahoma,3986,0.6,0.03,254990,NA,5.15,47,400,1200,5133,-2.06,2.2,19951,0.22,16.01,4380,-3.76,-0.85,154.14,0.16,2.58
2026-08-03,Monthly,2025-04-01,2025-04-30,24,State,Oregon,3902,-1.11,-0.15,505000,NA,0,43,100,400,5475,3.47,10.04,19801,3.03,18.61,4496,-2.3,1.16,296.61,-0.02,-0.04
2026-08-03,Monthly,2025-04-01,2025-04-30,26,State,Pennsylvania,10759,0.28,3.01,293000,NA,6.76,34,0,100,12536,-1.1,7.98,39792,-1.08,6.99,11732,-4.25,0.81,182.16,0.1,3.33
2026-08-03,Monthly,2025-04-01,2025-04-30,58,State,Puerto Rico,NA,NA,NA,NA,NA,NA,NA,NA,NA,NA,NA,NA,NA,NA,NA,NA,NA,NA,NA,NA,NA
2026-08-03,Monthly,2025-04-01,2025-04-30,28,State,Rhode Island,897,-4,-0.8,475000,NA,5.56,25,-100,100,1173,-5.99,11.42,3156,0.14,17.44,1052,0.86,5.29,283.75,-0.42,5.15
2026-08-03,Monthly,2025-04-01,2025-04-30,30,State,South Carolina,7275,-0.97,2.38,345000,NA,0,68,0,500,9300,-0.43,5.42,40811,1.45,15.09,8406,-1.36,3.5,190.03,-1.34,-0.09
2026-08-03,Monthly,2025-04-01,2025-04-30,32,State,South Dakota,782,-6.12,2.19,320000,NA,2.89,67,-200,100,1033,7.34,10.59,4168,1.84,14.2,854,0.24,3.72,189.36,3.08,3.7
2026-08-03,Monthly,2025-04-01,2025-04-30,34,State,Tennessee,7828,-2.13,-4.35,375000,NA,4.17,63,200,700,10905,0.33,9.2,45921,2.67,20.38,9350,-1.1,-0.9,210.96,0.12,1.62
2026-08-03,Monthly,2025-04-01,2025-04-30,36,State,Texas,26574,-1.8,-2.99,340000,NA,-1.33,63,100,1100,40708,1.04,5.51,182737,2.69,19.62,32684,0.17,1.5,178.45,-0.11,-0.79
2026-08-03,Monthly,2025-04-01,2025-04-30,38,State,Utah,3206,-1.41,2.7,518000,NA,1.57,48,100,500,4618,-0.3,10.33,18157,2.02,27.57,3899,-5.01,3.1,244.52,0.38,0.54
2026-08-03,Monthly,2025-04-01,2025-04-30,40,State,Vermont,554,-14.38,-1.8,440000,NA,3.59,56,0,1000,830,5.32,25.83,3126,1.38,21.98,745,6.98,12.98,254.19,2.5,5.48
2026-08-03,Monthly,2025-04-01,2025-04-30,42,State,Virginia,8733,1.05,2.85,425000,NA,1.92,33,200,600,10671,0.49,13.79,31746,2.49,22,9941,-1.55,3.57,226.4,0.07,4.26
2026-08-03,Monthly,2025-04-01,2025-04-30,44,State,Washington,7250,-2.12,0.25,616000,NA,0.98,22,-100,600,9496,1.04,8.56,28355,2.3,19.65,7876,-5.47,-4.14,343.1,-0.25,1.78
2026-08-03,Monthly,2025-04-01,2025-04-30,46,State,West Virginia,1206,-2.44,8.59,249000,NA,1.63,57,600,100,1492,-1.85,5.46,5537,0.17,2.66,1611,1.52,38.84,141.76,0.45,1.16
2026-08-03,Monthly,2025-04-01,2025-04-30,48,State,Wisconsin,5567,-0.43,0.09,324900,NA,6.52,49,-100,200,6269,-3.09,2,21252,-0.33,5.89,6167,-1.29,2.25,190.67,0.83,7.37
2026-08-03,Monthly,2025-04-01,2025-04-30,50,State,Wyoming,624,5.78,-0.04,349450,NA,5.89,44,-1000,-800,945,NA,1.61,3014,0.66,9.17,697,-1.02,-2.41,186.94,3.87,3.76
2026-08-03,Monthly,2025-03-01,2025-03-31,1,State,Alabama,5164,1.19,2.92,286400,NA,2.29,60,200,1000,6785,-1.02,7.61,28327,0.7,15.85,6175,1.74,2.48,159.87,0.91,2.73
2026-08-03,Monthly,2025-03-01,2025-03-31,3,State,Alaska,668,6.45,3.8,390000,NA,5.06,30,200,1100,866,4.39,17.37,2737,1.2,18.76,820,2.19,7.57,240.13,-0.65,3.36
2026-08-03,Monthly,2025-03-01,2025-03-31,5,State,Arizona,8130,-1.29,5.53,446500,NA,1.71,61,100,800,11120,-1.35,7.41,47375,2.83,27.6,9934,-0.95,3.45,259.05,-0.42,-0.56
2026-08-03,Monthly,2025-03-01,2025-03-31,7,State,Arkansas,3233,5.23,7.05,259900,NA,3.96,54,0,1000,4358,7.27,12.01,17016,2.32,18.12,3681,3.46,6.89,156.58,2.51,3.7
2026-08-03,Monthly,2025-03-01,2025-03-31,9,State,California,23122,-2.38,3.91,755000,NA,3.42,37,100,600,31117,-1.24,8.38,109997,1.78,30.65,26189,-5.03,2.86,472,-0.46,1.97
2026-08-03,Monthly,2025-03-01,2025-03-31,11,State,Colorado,7544,2.5,4.32,553000,NA,0.55,47,0,700,10366,4.11,17.05,37698,3.35,27.7,9058,4.03,7.66,272.15,0.48,-0.12
2026-08-03,Monthly,2025-03-01,2025-03-31,17,State,Columbia,555,-6.96,1.24,655000,NA,1.87,58,300,1200,929,5.44,10.96,3743,0.57,17.59,587,2.98,-7.3,493.7,-2.63,-1.53
2026-08-03,Monthly,2025-03-01,2025-03-31,13,State,Connecticut,3138,-3.14,1.89,395000,NA,6.76,38,100,400,3715,0.81,11.44,10628,1.55,5.37,3728,2.87,2.67,241.03,0.29,7.59
2026-08-03,Monthly,2025-03-01,2025-03-31,15,State,Delaware,1202,-3.26,9.15,386655,NA,2.56,39,-300,200,1482,2.89,13.53,5021,1.77,17.97,1330,-1.19,8.93,212.08,-2.6,0.97
2026-08-03,Monthly,2025-03-01,2025-03-31,19,State,Florida,28846,1.09,-3.43,385000,NA,-1.53,67,100,1200,44295,0.38,1.6,219779,1.95,19.41,33406,-1.42,-5.05,240.9,-0.26,-1.29
2026-08-03,Monthly,2025-03-01,2025-03-31,21,State,Georgia,10766,-1.82,-4.49,360000,NA,1.41,55,-100,1400,15908,2.29,8.74,63251,2.56,20.6,12923,4.03,-1.88,184.16,0.56,1.83
2026-08-03,Monthly,2025-03-01,2025-03-31,25,State,Hawaii,955,-0.89,-3.18,737000,NA,-7.3,88,-100,1300,1678,13.91,19.6,8169,4.01,29.93,1238,0.99,-0.12,675.72,-2.33,-5.32
2026-08-03,Monthly,2025-03-01,2025-03-31,27,State,Idaho,2359,-6.74,5.5,470000,NA,3.41,47,0,100,3134,3.39,15.25,12000,1.97,16.61,2632,3.32,3.56,267.71,2.54,2.92
2026-08-03,Monthly,2025-03-01,2025-03-31,29,State,Illinois,11364,-4.57,-1.07,295000,NA,5.36,49,0,400,13685,-1.68,4.99,44642,-0.36,6.37,13314,0.95,2.3,183.66,0.36,5.16
2026-08-03,Monthly,2025-03-01,2025-03-31,31,State,Indiana,6949,0.19,3.02,260000,NA,4.04,31,-100,500,8381,2.02,8.38,25737,3.08,19.74,8230,3.39,3.85,148.73,-0.55,3.16
2026-08-03,Monthly,2025-03-01,2025-03-31,33,State,Iowa,3273,-0.28,6.03,235500,NA,7.05,41,0,700,3835,3.69,4.2,13343,-0.38,14.69,3567,5.15,4.5,156.5,1.13,0.79
2026-08-03,Monthly,2025-03-01,2025-03-31,35,State,Kansas,2639,-0.35,-4.96,260000,NA,4.73,28,100,100,3219,1.61,-1.59,9731,0.14,4.17,3257,8.69,9.11,145.15,1.92,1.37
2026-08-03,Monthly,2025-03-01,2025-03-31,37,State,Kentucky,3793,-0.49,0.79,263000,NA,3.99,42,-200,700,4843,0.04,6.38,16593,0.01,14.97,4397,-3.97,2.7,165.9,0.91,5.3
2026-08-03,Monthly,2025-03-01,2025-03-31,39,State,Louisiana,3241,-3.24,-8.96,245000,NA,2.08,66,100,400,4582,0.31,4.19,21161,0.72,3.57,3859,-1.99,1.51,147.95,0.63,3.67
2026-08-03,Monthly,2025-03-01,2025-03-31,41,State,Maine,1479,-1.36,-0.81,390000,NA,1.43,50,-100,900,1999,6.56,16.56,7227,3.16,14.61,1735,2.69,4.34,268.32,-1.57,7.17
2026-08-03,Monthly,2025-03-01,2025-03-31,43,State,Maryland,5704,-1.29,-3.4,419900,NA,4.97,34,100,700,7221,0.85,12.84,21260,3.92,16.41,6552,0.94,-1.13,227.48,-1.39,2.12
2026-08-03,Monthly,2025-03-01,2025-03-31,45,State,Massachusetts,5184,-4.6,-0.54,610000,NA,1.67,24,0,200,6422,-2.7,3.95,17618,0.88,12.64,6059,3.15,2.06,372.47,-0.53,5.9
2026-08-03,Monthly,2025-03-01,2025-03-31,47,State,Michigan,10067,0.09,1.59,253000,NA,3.27,31,200,700,12040,1.17,2.37,36440,0.69,11.53,11114,1.15,2.31,164.25,0.5,4.76
2026-08-03,Monthly,2025-03-01,2025-03-31,49,State,Minnesota,5891,-0.27,1.78,346000,NA,3.28,33,100,300,7250,9.96,8.93,19097,NA,10.01,6580,5.78,4.14,191.35,0.21,1.9
2026-08-03,Monthly,2025-03-01,2025-03-31,51,State,Mississippi,1829,-1.9,-1.4,258370,NA,3.35,50,0,800,2437,-3.11,-3.95,10200,-0.72,8.72,2299,-0.17,-1.76,147.2,0.8,4.42
2026-08-03,Monthly,2025-03-01,2025-03-31,2,State,Missouri,6557,1.67,0.6,264000,NA,5.85,33,0,500,8053,2.94,3.47,26028,1.59,11.43,7832,2.65,3.75,159.24,0.01,3.9
2026-08-03,Monthly,2025-03-01,2025-03-31,4,State,Montana,909,-6.5,-9.93,515000,NA,3.43,85,400,1400,1512,30.3,20.18,6782,2.45,10.27,1237,5.88,-2.32,280.81,1.42,0.41
2026-08-03,Monthly,2025-03-01,2025-03-31,6,State,Nebraska,1757,-6.25,0.01,290000,NA,1.75,28,0,600,2036,1.98,-3.39,6154,-0.5,7.31,1870,7.2,6.76,159.31,-0.12,2.2
2026-08-03,Monthly,2025-03-01,2025-03-31,8,State,Nevada,3444,-4.76,2.11,462933,NA,4.91,51,300,800,4836,2.05,14.15,17864,2.51,27.33,3940,-3.18,-6.84,269.09,0.2,2.57
2026-08-03,Monthly,2025-03-01,2025-03-31,10,State,New Hampshire,1425,-6.55,-2.16,500000,NA,5.28,37,100,500,1735,2.77,8.62,5227,2.99,15.85,1669,4.5,6.81,284.6,-1.14,3.99
2026-08-03,Monthly,2025-03-01,2025-03-31,12,State,New Jersey,7272,-1.88,0.67,510000,NA,7.37,42,100,500,9101,0.02,8.1,28819,1.7,9.32,8480,3.64,1.42,314.56,0.48,7.38
2026-08-03,Monthly,2025-03-01,2025-03-31,14,State,New Mexico,1727,-5.37,5.34,347500,NA,5.33,47,-500,800,2126,-6.96,7.05,8767,-0.96,21.61,2042,-0.62,2.73,204.5,-0.46,2.96
2026-08-03,Monthly,2025-03-01,2025-03-31,16,State,New York,10900,0.76,4.53,490000,NA,15.29,35,-100,200,14030,-0.18,3.75,51290,1.17,4.97,12078,-0.79,0.36,314.65,-0.85,15.24
2026-08-03,Monthly,2025-03-01,2025-03-31,18,State,North Carolina,12254,-0.24,1.75,367000,NA,1.94,50,300,1300,15983,0.7,11.77,59441,1.7,26.46,13893,-0.01,0.96,204.3,-0.05,1.92
2026-08-03,Monthly,2025-03-01,2025-03-31,20,State,North Dakota,626,-3.32,-3.9,281000,NA,-1.39,44,-200,-2100,771,10.86,2.59,2726,0.81,-14.65,698,-0.4,-5.53,163.33,-1.41,6.13
2026-08-03,Monthly,2025-03-01,2025-03-31,22,State,Ohio,10839,-0.49,-1.89,244900,NA,8.84,40,100,800,13286,0.33,9.61,40347,1.87,15.28,13219,-0.42,-2.14,162.22,0.3,5.66
2026-08-03,Monthly,2025-03-01,2025-03-31,23,State,Oklahoma,3962,-2.6,-0.65,248000,NA,3.33,43,-200,900,5241,5.31,6.86,19908,1.58,17.51,4551,3.86,0.28,153.89,0.08,3.03
2026-08-03,Monthly,2025-03-01,2025-03-31,24,State,Oregon,3946,-1.9,3.22,500000,NA,2.04,43,600,400,5292,8,9.9,19219,1.43,16.53,4601,1.43,1.06,296.66,0.44,0.58
2026-08-03,Monthly,2025-03-01,2025-03-31,26,State,Pennsylvania,10729,-1.82,-0.45,285000,NA,7.55,33,-200,200,12675,-1.52,4.03,40224,0.41,6.53,12252,3,5.53,181.98,1.23,4.52
2026-08-03,Monthly,2025-03-01,2025-03-31,58,State,Puerto Rico,NA,NA,NA,NA,NA,NA,NA,NA,NA,NA,NA,NA,NA,NA,NA,NA,NA,NA,NA,NA,NA
2026-08-03,Monthly,2025-03-01,2025-03-31,28,State,Rhode Island,935,-3.03,-0.25,478500,NA,7.53,27,-100,500,1248,3.86,22.58,3152,2.97,14.73,1043,7.71,5.22,284.95,0.86,7.75
2026-08-03,Monthly,2025-03-01,2025-03-31,30,State,South Carolina,7346,-0.24,3.57,339000,NA,-0.26,68,0,900,9340,-0.6,6.66,40228,1.56,14.91,8522,1.22,3.57,192.6,1.5,3.49
2026-08-03,Monthly,2025-03-01,2025-03-31,32,State,South Dakota,833,4.03,9.81,320000,NA,1.64,70,200,300,963,1.39,9.45,4093,-1.49,13.32,851,1.54,-0.06,183.69,-2.39,0.29
2026-08-03,Monthly,2025-03-01,2025-03-31,34,State,Tennessee,7999,-0.68,-1.92,370000,NA,3.86,60,0,400,10869,0.77,8.44,44728,2.26,17.06,9453,-0.41,-0.49,210.7,-0.31,1.53
2026-08-03,Monthly,2025-03-01,2025-03-31,36,State,Texas,27061,-1.77,-1.2,340000,NA,0.03,62,200,1300,40289,-0.28,4.94,177955,2.35,18.85,32627,-0.25,1.76,178.65,-0.09,-0.78
2026-08-03,Monthly,2025-03-01,2025-03-31,38,State,Utah,3252,-3.87,0.71,508245,NA,1.67,47,0,600,4632,1.84,11.32,17799,3.79,25.44,4105,8.05,7.64,243.58,-1.14,-0.17
2026-08-03,Monthly,2025-03-01,2025-03-31,40,State,Vermont,647,0.1,7.29,400000,NA,7.89,56,-200,1000,788,9.09,8.92,3083,-0.34,15.33,696,2.53,0.6,248,-3.44,1.87
2026-08-03,Monthly,2025-03-01,2025-03-31,60,State,Virgin Islands of the U.S.,NA,NA,NA,NA,NA,NA,NA,NA,NA,NA,NA,NA,NA,NA,NA,NA,NA,NA,NA,NA,NA
2026-08-03,Monthly,2025-03-01,2025-03-31,42,State,Virginia,8642,-0.39,1.43,419115,NA,4.8,32,300,600,10618,4.06,10.75,30975,3.12,17.7,10097,3.41,4.32,226.25,-0.45,4.96
2026-08-03,Monthly,2025-03-01,2025-03-31,44,State,Washington,7407,0.04,4.79,605000,NA,1.17,23,300,700,9398,5.33,10,27719,1.3,17.79,8331,1.94,3.37,343.97,-0.27,2.57
2026-08-03,Monthly,2025-03-01,2025-03-31,46,State,West Virginia,1236,3.73,9.99,244000,NA,3.83,51,-700,-500,1520,5.03,4.07,5527,1.89,4.18,1587,6.85,38.1,141.13,0.23,1.01
2026-08-03,Monthly,2025-03-01,2025-03-31,48,State,Wisconsin,5591,-1.6,0.51,310000,NA,3.71,50,100,300,6468,2.3,3.85,21323,-0.03,6.77,6248,4.09,0.76,189.1,0.14,6.43
2026-08-03,Monthly,2025-03-01,2025-03-31,50,State,Wyoming,590,-5.28,-8.37,335000,NA,0.15,53,800,500,832,NA,23.63,2994,1.8,8.57,704,5.11,-5.65,179.97,-1.48,3.49
2026-08-03,Monthly,2025-02-01,2025-02-28,1,State,Alabama,5103,-0.39,-0.13,278000,NA,1.13,58,-100,800,6855,5.76,5.81,28129,1.6,15.94,6070,3.83,-1.01,158.43,-0.28,1.89
2026-08-03,Monthly,2025-02-01,2025-02-28,3,State,Alaska,627,-7.64,1.27,385000,NA,6.94,28,400,500,830,-2.06,12.19,2705,2.38,16.5,802,0.67,9.89,241.71,0.55,4.94
2026-08-03,Monthly,2025-02-01,2025-02-28,5,State,Arizona,8236,2.9,4.95,445000,NA,2.43,61,200,800,11271,2.49,13,46074,3.44,26.31,10030,2.1,3.08,260.13,-0.29,-0.19
2026-08-03,Monthly,2025-02-01,2025-02-28,7,State,Arkansas,3072,-2.32,0.29,250000,NA,4.49,54,400,1000,4063,-5.86,5.24,16630,-0.03,16.23,3558,-0.43,0.33,152.75,-2.02,1.45
2026-08-03,Monthly,2025-02-01,2025-02-28,9,State,California,23687,5.01,5.72,745000,NA,4.2,36,-200,600,31509,-0.48,14.29,108074,3.14,29.53,27576,1.47,8.51,474.16,-0.29,2.74
2026-08-03,Monthly,2025-02-01,2025-02-28,11,State,Colorado,7360,-2.67,-2.06,545000,NA,1.88,47,0,800,9957,-1.41,10.63,36477,2.32,22.93,8707,1.32,2.89,270.85,-1.45,-0.98
2026-08-03,Monthly,2025-02-01,2025-02-28,17,State,Columbia,597,-5.65,6.4,649900,NA,10.34,55,-100,900,881,-6.41,4.19,3722,-0.28,17.54,570,-12.21,-12.91,507.04,-3.35,2.23
2026-08-03,Monthly,2025-02-01,2025-02-28,13,State,Connecticut,3239,3.62,7.93,387750,NA,9.23,37,-200,200,3685,1.07,10.78,10466,1.5,1.61,3624,-1.84,0.11,240.34,1.45,9.43
2026-08-03,Monthly,2025-02-01,2025-02-28,15,State,Delaware,1242,-1.67,8.32,390000,NA,5.09,42,300,600,1440,4.06,7.84,4933,1.25,16.61,1346,3.12,13.4,217.74,2.66,5.65
2026-08-03,Monthly,2025-02-01,2025-02-28,19,State,Florida,28534,-0.47,-5.35,385000,NA,0,66,0,1200,44128,-0.71,1.67,215571,2.61,20.29,33889,1.01,-5.82,241.53,-0.17,-1.04
2026-08-03,Monthly,2025-02-01,2025-02-28,21,State,Georgia,10966,-0.01,-1.85,350000,NA,0,56,0,1500,15552,7.96,2.72,61670,3.44,18.56,12422,2.26,-8.16,183.14,0.42,1.01
2026-08-03,Monthly,2025-02-01,2025-02-28,25,State,Hawaii,963,-5.36,-8.87,737350,NA,0.32,89,400,1500,1473,-2.29,15.8,7854,0.17,28.31,1226,1.94,-0.79,691.84,1.25,-0.41
2026-08-03,Monthly,2025-02-01,2025-02-28,27,State,Idaho,2530,10.47,12.39,454950,NA,2.47,48,-100,500,3032,-5.14,17.44,11768,-0.01,14.42,2548,-3.04,8.94,261.09,-1.68,0.4
2026-08-03,Monthly,2025-02-01,2025-02-28,29,State,Illinois,11908,-0.05,5.42,282000,NA,5.42,49,-200,300,13918,1.61,7.57,44803,0.25,7.62,13188,1.83,4.43,182.99,-0.79,6.06
2026-08-03,Monthly,2025-02-01,2025-02-28,31,State,Indiana,6936,0.92,2.32,254000,NA,5.88,32,300,500,8215,0.78,5.91,24969,2.03,13.76,7960,1.27,-1.5,149.56,1.74,4.9
2026-08-03,Monthly,2025-02-01,2025-02-28,33,State,Iowa,3283,1.78,9.72,220000,NA,2.33,40,100,600,3698,-4.47,-0.24,13394,-2.05,16.88,3393,-0.02,0.38,154.75,1.92,1.92
2026-08-03,Monthly,2025-02-01,2025-02-28,35,State,Kansas,2648,-3.21,-3.67,269900,NA,7.96,27,0,0,3168,4.08,2.59,9718,-0.44,5.77,2997,-0.11,-2.05,142.41,0.18,0.22
2026-08-03,Monthly,2025-02-01,2025-02-28,37,State,Kentucky,3811,-0.08,3.7,259900,NA,4,43,200,700,4841,6.75,2.47,16592,3.56,14.25,4579,8.15,4.95,164.4,-0.27,3.5
2026-08-03,Monthly,2025-02-01,2025-02-28,39,State,Louisiana,3350,7.38,-0.55,247500,NA,5.32,65,500,200,4567,10.05,5.67,21010,1.26,3.52,3937,-0.05,6.73,147.03,-0.81,2.76
2026-08-03,Monthly,2025-02-01,2025-02-28,41,State,Maine,1500,0.69,2.95,389000,NA,9.73,51,0,600,1876,-4.39,1.57,7006,0.23,11.05,1689,-3.28,-3.44,272.61,-0.53,7.03
2026-08-03,Monthly,2025-02-01,2025-02-28,43,State,Maryland,5778,-2.14,1.36,405000,NA,1.5,33,0,600,7160,3.42,5.25,20459,3.01,11.62,6491,1.08,-2.07,230.69,0.69,4.6
2026-08-03,Monthly,2025-02-01,2025-02-28,45,State,Massachusetts,5434,3.62,7.54,590000,NA,7.27,23,0,200,6600,2.34,9.45,17465,1.75,6.94,5874,-2.21,0.27,374.47,0.37,7.42
2026-08-03,Monthly,2025-02-01,2025-02-28,47,State,Michigan,10058,1.18,1.63,250000,NA,6.38,30,0,500,11901,-0.39,1.19,36190,0.53,12.66,10987,0.46,2.6,163.43,-1.22,5.83
2026-08-03,Monthly,2025-02-01,2025-02-28,49,State,Minnesota,5907,-0.16,1.89,345000,NA,4.55,32,-100,300,6594,-8.19,-4.05,16289,NA,4.13,6220,-2.05,-2.06,190.96,-0.4,1.67
2026-08-03,Monthly,2025-02-01,2025-02-28,51,State,Mississippi,1865,3.96,0.32,253500,NA,1.6,50,-100,1100,2516,-2.59,-0.78,10273,0.91,9.34,2303,2.47,0.9,146.03,0.48,2.44
2026-08-03,Monthly,2025-02-01,2025-02-28,2,State,Missouri,6449,-0.25,0.63,256000,NA,7.11,33,100,500,7823,0.9,1.36,25622,1.42,10.87,7630,4.7,-0.7,159.22,0.35,4.11
2026-08-03,Monthly,2025-02-01,2025-02-28,4,State,Montana,972,-0.67,-2.76,510000,NA,7.37,80,100,800,1161,-3.55,-9.62,6620,-0.96,7.73,1168,0.4,-4.37,276.88,-1.96,-1.48
2026-08-03,Monthly,2025-02-01,2025-02-28,6,State,Nebraska,1874,3.88,10.95,287250,NA,4.45,28,100,600,1996,-3.48,-4.8,6185,-1.39,8.39,1744,-4.81,-1.49,159.5,0.48,4.45
2026-08-03,Monthly,2025-02-01,2025-02-28,8,State,Nevada,3616,6.44,3.16,455000,NA,3.41,48,0,900,4739,-1.34,12.56,17428,2.54,24.11,4070,1.68,-0.28,268.56,-0.96,2.94
2026-08-03,Monthly,2025-02-01,2025-02-28,10,State,New Hampshire,1524,8.14,4.45,480000,NA,6.67,36,-200,300,1688,-2.59,4.61,5076,0.83,9.26,1597,-0.37,1.09,287.87,-0.28,7.41
2026-08-03,Monthly,2025-02-01,2025-02-28,12,State,New Jersey,7412,-0.64,4.8,495000,NA,7.61,40,100,400,9099,3.51,4.18,28338,2.34,7.25,8182,-2.24,-2.48,313.05,-0.42,6.94
2026-08-03,Monthly,2025-02-01,2025-02-28,14,State,New Mexico,1825,0.74,8.8,342000,NA,5.39,52,300,1100,2285,3.78,16.7,8852,1.52,23.77,2055,1.13,6.5,205.45,-0.62,4.49
2026-08-03,Monthly,2025-02-01,2025-02-28,16,State,New York,10818,0.03,5.53,503500,NA,18.47,36,200,200,14056,0.26,3.58,50695,0.98,1.96,12174,2.2,2.26,317.37,4.44,18.82
2026-08-03,Monthly,2025-02-01,2025-02-28,18,State,North Carolina,12283,0.5,3.24,355000,NA,0.14,48,0,1000,15872,2.7,5.78,58448,2.1,25.78,13895,3.37,0.71,204.39,-0.8,1.65
2026-08-03,Monthly,2025-02-01,2025-02-28,20,State,North Dakota,647,2.16,5.8,292500,NA,14.71,46,-100,-1800,696,-1.64,-9.64,2704,-3.86,-15.47,700,-1.87,-2.42,165.67,1.93,10.52
2026-08-03,Monthly,2025-02-01,2025-02-28,22,State,Ohio,10892,-0.55,-1.34,236000,NA,7.27,39,-100,700,13242,4.51,6.2,39607,2.27,12.4,13275,0.41,-4.17,161.74,0.62,6.29
2026-08-03,Monthly,2025-02-01,2025-02-28,23,State,Oklahoma,4068,-1.83,6.16,245000,NA,3.38,45,300,1100,4977,-3.19,-0.76,19598,-0.27,15.95,4382,-3.78,-3.72,153.76,-0.55,3.76
2026-08-03,Monthly,2025-02-01,2025-02-28,24,State,Oregon,4023,0.45,3.4,490000,NA,1.03,37,-300,-100,4900,-10.83,6.14,18947,0.3,15.46,4537,-4.17,5.45,295.36,-0.61,-0.2
2026-08-03,Monthly,2025-02-01,2025-02-28,26,State,Pennsylvania,10927,2.88,4.83,275875,NA,8.19,35,200,400,12871,2.92,4.51,40060,1.38,6.49,11895,0.04,-0.18,179.76,-0.76,3.63
2026-08-03,Monthly,2025-02-01,2025-02-28,58,State,Puerto Rico,NA,NA,NA,NA,NA,NA,NA,NA,NA,NA,NA,NA,NA,NA,NA,NA,NA,NA,NA,NA,NA
2026-08-03,Monthly,2025-02-01,2025-02-28,28,State,Rhode Island,964,2.34,7.35,469900,NA,8.3,28,0,100,1201,6.19,14.45,3061,4.55,9.47,968,1.66,-4.24,282.51,1.92,8.08
2026-08-03,Monthly,2025-02-01,2025-02-28,30,State,South Carolina,7364,1.37,3.14,334921,NA,1.03,68,-200,1000,9397,4.85,6.32,39610,2.5,13.89,8419,4.55,2.34,189.75,-0.62,0.68
2026-08-03,Monthly,2025-02-01,2025-02-28,32,State,South Dakota,800,7.96,6.64,319950,NA,6.67,68,100,500,949,-0.72,4.26,4154,0.4,15.03,839,-1.33,4.6,188.19,0.81,2.03
2026-08-03,Monthly,2025-02-01,2025-02-28,34,State,Tennessee,8053,2.49,1.19,360000,NA,2.54,60,0,400,10786,1.25,4.32,43739,1.88,15.27,9492,1.57,1.43,211.36,-0.23,2.51
2026-08-03,Monthly,2025-02-01,2025-02-28,36,State,Texas,27548,-0.08,0.69,330000,NA,-1.49,60,100,1100,40402,0.82,6.32,173862,2.3,18.55,32708,1.21,1.71,178.82,-0.78,-0.87
2026-08-03,Monthly,2025-02-01,2025-02-28,38,State,Utah,3383,9.49,3.05,510000,NA,3.37,47,200,800,4549,0.32,12.81,17149,3.84,18.84,3799,-1.01,-0.36,246.4,0.15,1.37
2026-08-03,Monthly,2025-02-01,2025-02-28,40,State,Vermont,646,6.15,8.26,387682,NA,12.37,57,-600,1500,722,-7.78,-5.05,3094,-0.57,19.08,679,-6.76,-4.41,256.83,1.34,6.44
2026-08-03,Monthly,2025-02-01,2025-02-28,42,State,Virginia,8676,0,2.87,405000,NA,6.58,29,0,200,10204,-0.55,2.67,30039,2.01,11.44,9763,5.57,1.56,227.27,1.11,5.65
2026-08-03,Monthly,2025-02-01,2025-02-28,44,State,Washington,7404,-2.02,5.5,599000,NA,3.28,20,-100,300,8922,-7.25,5.7,27362,0.79,17.18,8173,-3.28,4.52,344.89,0.07,2.9
2026-08-03,Monthly,2025-02-01,2025-02-28,46,State,West Virginia,1192,-3.19,3.71,245000,NA,6.52,58,100,-100,1447,5.37,-1,5425,-0.68,7.15,1485,3.51,28.08,140.8,-4.2,1.35
2026-08-03,Monthly,2025-02-01,2025-02-28,48,State,Wisconsin,5682,1.91,3.31,305000,NA,10.91,49,-100,200,6323,-6.83,2.64,21330,-0.11,8.19,6002,-4.01,-0.64,188.84,-0.01,6.35
2026-08-03,Monthly,2025-02-01,2025-02-28,50,State,Wyoming,623,-1.25,6.65,350000,NA,9.38,45,0,-900,589,NA,-1.34,2941,-1.88,4.82,670,-1.48,-7.86,182.67,-1.44,3.09
2026-08-03,Monthly,2025-01-01,2025-01-31,1,State,Alabama,5123,-3.19,2.21,275000,NA,3.19,59,200,900,6482,-2.97,6.83,27685,0.54,15.82,5846,-4.65,-4.3,158.87,1.01,2.83
2026-08-03,Monthly,2025-01-01,2025-01-31,3,State,Alaska,679,7.67,11.34,389000,NA,13.08,25,-800,300,847,1.6,14.98,2642,4.32,10.62,797,5.34,7.87,240.38,2.27,2.98
2026-08-03,Monthly,2025-01-01,2025-01-31,5,State,Arizona,8004,-1.02,3.93,445000,NA,4.71,59,-100,800,10998,0.48,9.44,44540,2.87,24.05,9823,0.92,-0.56,260.88,0.23,-0.66
2026-08-03,Monthly,2025-01-01,2025-01-31,7,State,Arkansas,3145,-1.47,4.64,255000,NA,6.69,51,-100,700,4316,0.8,20.71,16634,2.47,17.93,3574,1.26,2.65,155.9,-0.95,4.02
2026-08-03,Monthly,2025-01-01,2025-01-31,9,State,California,22557,-4.63,1.46,719848,NA,6.64,37,0,600,31660,3.11,14.89,104786,3.25,22.77,27176,-0.85,2.58,475.55,1.1,3
2026-08-03,Monthly,2025-01-01,2025-01-31,11,State,Colorado,7562,0.1,9.09,545000,NA,3.82,47,0,1100,10099,0.84,13.84,35649,1.02,20.66,8594,-2.33,-2.13,274.85,1.22,0.88
2026-08-03,Monthly,2025-01-01,2025-01-31,17,State,Columbia,633,2.05,22.93,550000,NA,-9.84,56,-500,800,941,4,7.67,3733,-1.21,21.59,649,5.91,5.75,524.63,1.15,5.16
2026-08-03,Monthly,2025-01-01,2025-01-31,13,State,Connecticut,3126,-1.77,2.31,382500,NA,7.07,39,0,300,3646,3.11,4.93,10311,1.94,1.74,3691,0.94,6.37,236.9,0.22,7.9
2026-08-03,Monthly,2025-01-01,2025-01-31,15,State,Delaware,1263,3.62,18.62,380000,NA,4.11,39,-100,400,1384,-3.96,4.87,4872,0.35,17.03,1306,-1.88,2.33,212.1,-2.37,3.38
2026-08-03,Monthly,2025-01-01,2025-01-31,19,State,Florida,28668,-2.8,-0.39,380000,NA,0,66,0,1400,44442,0.75,3.33,210091,2.3,20.87,33550,-4.3,-6.68,241.95,-0.55,-2.14
2026-08-03,Monthly,2025-01-01,2025-01-31,21,State,Georgia,10967,-1.32,-1.91,348243,NA,2.05,56,300,1500,14405,-3.81,-4.23,59618,3.09,15.78,12148,-4.78,-10.74,182.38,0.51,1.06
2026-08-03,Monthly,2025-01-01,2025-01-31,25,State,Hawaii,1018,7.44,3.26,775000,NA,4.73,85,-200,1100,1508,5.59,16.7,7841,2.38,29.75,1203,0.06,-6.25,683.28,-4.43,-1.48
2026-08-03,Monthly,2025-01-01,2025-01-31,27,State,Idaho,2290,-8.36,5.11,459280,NA,5.58,48,200,700,3196,2.05,31.89,11770,3.03,13.92,2627,3.9,13.19,265.54,1.41,2.87
2026-08-03,Monthly,2025-01-01,2025-01-31,29,State,Illinois,11914,2.41,5.59,282500,NA,9.82,51,0,500,13697,-2.4,8.22,44692,0.26,7.01,12951,-1.08,4.14,184.46,2.63,8.12
2026-08-03,Monthly,2025-01-01,2025-01-31,31,State,Indiana,6872,-0.37,2.61,249900,NA,6.36,29,0,200,8151,-1,6.24,24473,0.93,12.81,7860,-2.38,-1.91,147,-1.68,3.21
2026-08-03,Monthly,2025-01-01,2025-01-31,33,State,Iowa,3225,-0.4,4.01,218813,NA,1.77,39,100,700,3872,0.65,27.48,13674,3.08,22.45,3393,2.83,4.86,151.83,-6.06,-1.55
2026-08-03,Monthly,2025-01-01,2025-01-31,35,State,Kansas,2736,-0.68,2.51,255000,NA,8.51,27,0,100,3043,-10.27,2.41,9761,-2.3,7.66,3000,-4.43,-0.97,142.16,1.09,0.33
2026-08-03,Monthly,2025-01-01,2025-01-31,37,State,Kentucky,3814,-1.53,5.55,259950,NA,8.31,41,0,700,4535,-7.06,2.88,16023,-0.83,12.88,4234,-4.8,-2.12,164.84,0.38,4.88
2026-08-03,Monthly,2025-01-01,2025-01-31,39,State,Louisiana,3120,-8.76,-5.72,247668,NA,7.68,60,-300,-400,4150,-7.23,-2.03,20748,-0.71,3.58,3939,-0.21,8.26,148.23,1.35,2.85
2026-08-03,Monthly,2025-01-01,2025-01-31,41,State,Maine,1489,1.4,7.78,392000,NA,8.29,51,0,700,1962,-0.87,6.85,6989,-0.26,14.35,1747,-2.82,2.79,274.06,-0.23,10.36
2026-08-03,Monthly,2025-01-01,2025-01-31,43,State,Maryland,5905,-2.16,6.88,400000,NA,5.26,33,100,400,6924,0.46,3.22,19861,1.46,10.75,6421,-3,-3.61,229.11,0.8,4.02
2026-08-03,Monthly,2025-01-01,2025-01-31,45,State,Massachusetts,5244,-1.88,5.89,600000,NA,7.14,24,0,200,6449,-1.78,4.28,17164,1.86,7.47,6006,2.65,1.4,373.1,2.6,5.15
2026-08-03,Monthly,2025-01-01,2025-01-31,47,State,Michigan,9940,-0.59,-0.22,242000,NA,7.8,30,0,600,11948,0.56,14.54,35999,0.73,13.91,10936,-1.32,1.51,165.45,1.97,7.84
2026-08-03,Monthly,2025-01-01,2025-01-31,49,State,Minnesota,5916,0.63,3.01,335000,NA,5.8,33,200,400,7182,2.63,2.81,15975,NA,8.04,6351,-2.69,-0.19,191.73,0.4,2.49
2026-08-03,Monthly,2025-01-01,2025-01-31,51,State,Mississippi,1793,-1.46,-4.12,249900,NA,8.65,50,600,700,2582,7.31,8.24,10180,1.08,9.49,2248,-2.79,-2.73,145.32,-2.27,2.33
2026-08-03,Monthly,2025-01-01,2025-01-31,2,State,Missouri,6466,-1.51,0.34,255000,NA,6.29,32,0,500,7753,-3.23,5.35,25262,-0.76,12.8,7287,-4.58,-1.55,158.65,1.23,4.4
2026-08-03,Monthly,2025-01-01,2025-01-31,4,State,Montana,979,-3.09,0.66,485000,NA,3.41,80,200,1100,1203,-7.76,-0.23,6684,-1.24,10.6,1163,0.88,-2.97,282.41,-0.4,2.11
2026-08-03,Monthly,2025-01-01,2025-01-31,6,State,Nebraska,1804,-1.01,1.01,279000,NA,1.45,27,-200,300,2068,-1.17,25.13,6272,2.53,14.84,1832,3.78,9.73,158.74,1.32,4.95
2026-08-03,Monthly,2025-01-01,2025-01-31,8,State,Nevada,3398,-3.45,1.46,455000,NA,7.06,47,0,500,4803,8.62,14.75,16996,3.81,22.05,4002,-0.06,-4.36,271.17,0.83,3.46
2026-08-03,Monthly,2025-01-01,2025-01-31,10,State,New Hampshire,1410,1.8,-3.86,490000,NA,11.36,38,200,700,1733,5.55,7.61,5034,4.55,10.71,1603,0.87,2.04,288.68,4.37,9.09
2026-08-03,Monthly,2025-01-01,2025-01-31,12,State,New Jersey,7459,-1.43,8.73,522000,NA,9.89,39,200,300,8790,-0.73,2.11,27688,1.33,7.34,8369,3.38,4.45,314.36,0.86,8.56
2026-08-03,Monthly,2025-01-01,2025-01-31,14,State,New Mexico,1812,3.8,14.67,335000,NA,3.25,49,0,1000,2201,1.42,10.03,8719,1.55,22.03,2032,-1.65,0.58,206.73,0.66,5.77
2026-08-03,Monthly,2025-01-01,2025-01-31,16,State,New York,10815,0.64,3.4,499000,NA,11.38,34,-100,0,14019,-0.26,4.9,50202,1.88,2.68,11913,-1.66,-2.93,303.88,-4.22,16.32
2026-08-03,Monthly,2025-01-01,2025-01-31,18,State,North Carolina,12222,0.19,2.4,358000,NA,2.29,47,100,1000,15454,0.75,3.64,57245,1.79,25.39,13442,-3.59,-3.86,206.03,0.51,2.93
2026-08-03,Monthly,2025-01-01,2025-01-31,20,State,North Dakota,634,-3.84,-5.48,285000,NA,8.37,47,200,-2100,707,-7.75,-8.58,2813,-0.76,-11.92,714,3.01,-3.78,162.54,2.02,8.12
2026-08-03,Monthly,2025-01-01,2025-01-31,22,State,Ohio,10953,1.33,-0.12,225000,NA,7.81,40,100,900,12671,-1.39,0.91,38728,0.79,11.08,13220,-2.51,-4.53,160.73,-0.24,6.59
2026-08-03,Monthly,2025-01-01,2025-01-31,23,State,Oklahoma,4144,2.06,9.3,239900,NA,5.9,43,0,1000,5141,0.78,22.67,19650,0.71,21.9,4554,-1.15,3.86,154.61,0.3,4.81
2026-08-03,Monthly,2025-01-01,2025-01-31,24,State,Oregon,4005,-0.81,7.08,499900,NA,5.24,40,100,700,5495,10.29,27,18890,1.96,14.5,4734,4.45,13.02,297.16,0.35,1.01
2026-08-03,Monthly,2025-01-01,2025-01-31,26,State,Pennsylvania,10622,-0.75,4.19,275000,NA,8.72,33,0,200,12506,-1.79,1.57,39516,0.36,5.74,11890,0.07,0.2,181.15,0.32,4.94
2026-08-03,Monthly,2025-01-01,2025-01-31,58,State,Puerto Rico,NA,NA,NA,NA,NA,NA,NA,NA,NA,NA,NA,NA,NA,NA,NA,NA,NA,NA,NA,NA,NA
2026-08-03,Monthly,2025-01-01,2025-01-31,28,State,Rhode Island,942,-0.36,10.38,479900,NA,8.94,28,100,200,1131,1.35,6.48,2928,1.11,3.68,952,-1.48,-10.85,277.19,-1.24,7.91
2026-08-03,Monthly,2025-01-01,2025-01-31,30,State,South Carolina,7264,-0.54,3.71,340000,NA,3.34,70,100,1200,8962,-2.6,1.53,38646,1.33,12.63,8052,-6.66,-5.16,190.94,1.01,1.44
2026-08-03,Monthly,2025-01-01,2025-01-31,32,State,South Dakota,741,-8.03,2.26,315000,NA,1.61,67,300,400,956,1.89,13.97,4138,-1.85,18.13,850,0.44,7.05,186.67,-1.3,3.97
2026-08-03,Monthly,2025-01-01,2025-01-31,34,State,Tennessee,7858,-2.48,1.19,360000,NA,1.41,60,0,600,10653,2.16,22.2,42932,2.39,17.63,9345,-0.6,1.7,211.85,0.14,2.34
2026-08-03,Monthly,2025-01-01,2025-01-31,36,State,Texas,27569,-1.5,1.04,329900,NA,1.51,59,100,1200,40075,-0.57,7.16,169955,1.39,17.94,32318,-0.98,-0.1,180.21,0.3,0.17
2026-08-03,Monthly,2025-01-01,2025-01-31,38,State,Utah,3090,-5.18,-5.14,500000,NA,2.04,44,0,500,4534,1.81,11.3,16514,2.68,14.64,3838,-0.04,-0.68,246.03,-0.22,1.31
2026-08-03,Monthly,2025-01-01,2025-01-31,40,State,Vermont,609,-4.98,6.31,420000,NA,9.02,63,900,2000,783,-3.57,4.26,3111,0.6,25.17,728,2.75,2.6,253.43,-1.17,0.92
2026-08-03,Monthly,2025-01-01,2025-01-31,42,State,Virginia,8676,-0.16,3.12,395000,NA,6.77,29,0,200,10261,-3.91,4.51,29447,1.33,11.07,9249,-5.86,-6.95,224.78,0.11,4.25
2026-08-03,Monthly,2025-01-01,2025-01-31,44,State,Washington,7557,0.45,10.11,580000,NA,3.57,22,0,200,9620,5.82,21.95,27147,2.24,16.45,8450,2.88,8.4,344.64,-0.15,3.37
2026-08-03,Monthly,2025-01-01,2025-01-31,46,State,West Virginia,1231,-3.34,17.28,240000,NA,6.67,57,0,-500,1373,-7.78,-1.54,5462,-1.57,14.04,1435,10.37,23.13,146.98,0.69,6.1
2026-08-03,Monthly,2025-01-01,2025-01-31,48,State,Wisconsin,5576,-2.11,1.16,291000,NA,9.81,50,0,400,6787,6.03,12.15,21354,1.83,10.07,6253,1.83,5.4,188.86,1.24,8.16
2026-08-03,Monthly,2025-01-01,2025-01-31,50,State,Wyoming,631,0.03,9.48,349900,NA,9.86,45,-300,-800,559,NA,5.87,2998,0,6.42,680,0.85,-4.29,185.35,3.88,8.25
2026-08-03,Monthly,2024-12-01,2024-12-31,1,State,Alabama,5292,0.41,8.47,280000,NA,3.7,56,0,700,6680,-4.89,3.62,27537,0.63,17.7,6131,-0.92,5.44,157.28,1.27,1.97
2026-08-03,Monthly,2024-12-01,2024-12-31,3,State,Alaska,631,-8.32,15.88,380000,NA,3.26,33,400,1400,834,1.25,9.44,2532,1.8,6.3,756,-3.54,5.38,235.04,-0.27,2.45
2026-08-03,Monthly,2024-12-01,2024-12-31,5,State,Arizona,8086,0.48,6.86,440000,NA,3.53,60,200,1300,10945,1.49,8.98,43300,2.48,24.55,9733,2.03,8.32,260.28,-0.17,0.23
2026-08-03,Monthly,2024-12-01,2024-12-31,7,State,Arkansas,3192,0.97,11.31,259000,NA,6.69,51,200,800,4281,5.17,6.58,16233,2.09,15.57,3529,-0.69,2.62,157.4,1.01,7.95
2026-08-03,Monthly,2024-12-01,2024-12-31,9,State,California,23652,1.28,13.45,735000,NA,6.06,37,200,800,30706,1.19,8.49,101487,2.3,19.28,27409,0.38,1.77,470.38,1.38,3.33
2026-08-03,Monthly,2024-12-01,2024-12-31,11,State,Colorado,7554,0.62,12.28,544000,NA,4.62,47,300,1000,10015,7.31,15.61,35288,0.83,21,8799,-0.11,4.14,271.54,-0.11,-0.02
2026-08-03,Monthly,2024-12-01,2024-12-31,17,State,Columbia,620,9.67,16.41,630000,NA,5,61,800,1400,905,-3.25,7.67,3778,4.42,28.29,613,-14.52,-7.63,518.67,5.74,5.13
2026-08-03,Monthly,2024-12-01,2024-12-31,13,State,Connecticut,3182,-0.28,3.44,400000,NA,12.68,39,0,400,3536,2.79,-2.65,10114,-0.72,1.68,3657,-0.26,0.96,236.39,-0.61,8.75
2026-08-03,Monthly,2024-12-01,2024-12-31,15,State,Delaware,1219,5.79,19.87,395000,NA,9.42,40,200,500,1441,1.95,1.67,4855,1.85,18.42,1331,-1.09,7.22,217.25,2.55,3.23
2026-08-03,Monthly,2024-12-01,2024-12-31,19,State,Florida,29495,6.53,4.41,385500,NA,0.13,66,-100,1900,44110,-0.47,3.56,205369,1.62,21.56,35056,0.06,-2.44,243.3,0.22,-1.51
2026-08-03,Monthly,2024-12-01,2024-12-31,21,State,Georgia,11114,0.9,1.57,360000,NA,5.26,53,200,1400,14976,2.71,-0.34,57830,2.75,12.67,12758,-1.84,-0.71,181.46,-0.52,-0.13
2026-08-03,Monthly,2024-12-01,2024-12-31,25,State,Hawaii,947,-1.56,6.88,750000,NA,-0.83,87,-200,1900,1428,-2.11,5,7659,1.79,31.49,1202,3.15,-0.16,714.97,2.17,-2.24
2026-08-03,Monthly,2024-12-01,2024-12-31,27,State,Idaho,2499,1.52,26.15,463445,NA,5.57,47,0,600,3132,8.44,12.96,11424,1.47,9,2529,-3.66,6.65,261.84,-0.6,0.78
2026-08-03,Monthly,2024-12-01,2024-12-31,29,State,Illinois,11633,-0.29,3.53,281250,NA,10.29,50,100,300,14033,2.66,2.71,44577,0.83,5.3,13093,-4.33,-1.12,179.73,-1.45,4.16
2026-08-03,Monthly,2024-12-01,2024-12-31,31,State,Indiana,6898,0.66,6.24,252500,NA,7.45,29,-100,300,8234,1.31,6.78,24247,1.96,14.24,8051,-0.23,2.91,149.51,1.22,6.63
2026-08-03,Monthly,2024-12-01,2024-12-31,33,State,Iowa,3238,0.73,8.64,228000,NA,6.05,39,300,600,3847,-1.87,2.39,13265,1.23,18.3,3300,-4.94,2.99,161.63,3.3,7.53
2026-08-03,Monthly,2024-12-01,2024-12-31,35,State,Kansas,2754,-0.19,4.57,270500,NA,12.71,27,0,200,3392,5.52,7.5,9990,2.18,10.57,3139,2.95,6.66,140.62,-0.94,-2.09
2026-08-03,Monthly,2024-12-01,2024-12-31,37,State,Kentucky,3873,1.8,6.59,259900,NA,7,41,0,700,4879,0.62,4.92,16156,2.26,14.35,4447,-0.74,4.52,164.22,0.17,5.98
2026-08-03,Monthly,2024-12-01,2024-12-31,39,State,Louisiana,3419,-5,6.28,250000,NA,6.38,63,-200,300,4474,3.09,-3.14,20896,-1.16,3.89,3948,-5.21,8.32,146.25,-1.29,2.85
2026-08-03,Monthly,2024-12-01,2024-12-31,41,State,Maine,1469,1.23,12.56,410000,NA,13.89,51,-100,800,1979,10.98,15.94,7008,2.5,18.19,1797,3.12,6.18,274.69,2.79,11.62
2026-08-03,Monthly,2024-12-01,2024-12-31,43,State,Maryland,6035,1.54,11.74,420000,NA,6.33,32,0,500,6892,-2.49,-2.98,19575,0.27,11.55,6620,-0.96,0.32,227.29,-0.51,3.14
2026-08-03,Monthly,2024-12-01,2024-12-31,45,State,Massachusetts,5344,1.83,9.55,615000,NA,9.82,23,100,200,6566,5.16,9.86,16851,4.08,8.75,5851,-0.78,0.06,363.64,-0.49,2.85
2026-08-03,Monthly,2024-12-01,2024-12-31,47,State,Michigan,10000,-0.06,1.32,250000,NA,8.7,30,0,500,11881,-0.35,1.09,35739,0.94,8.85,11083,1.75,3.58,162.25,1.19,4.31
2026-08-03,Monthly,2024-12-01,2024-12-31,49,State,Minnesota,5879,1.39,5.67,337000,NA,6.98,31,-100,100,6998,4.33,-0.99,16769,NA,8.28,6526,2.22,1.92,190.97,0.8,2.81
2026-08-03,Monthly,2024-12-01,2024-12-31,51,State,Mississippi,1820,-2.41,-0.59,260000,NA,13.04,45,-100,100,2407,-2.55,-8.95,10072,0.57,9.11,2312,4.04,4.01,148.7,2.21,6.12
2026-08-03,Monthly,2024-12-01,2024-12-31,2,State,Missouri,6565,0.86,4.28,259995,NA,9.24,33,100,700,8012,3.51,3.96,25455,1.51,15.42,7637,0.04,0.37,156.73,0.31,4.4
2026-08-03,Monthly,2024-12-01,2024-12-31,4,State,Montana,1010,6.62,15.81,499900,NA,4.36,78,-200,600,1304,-4.34,-11.35,6768,-0.23,15.79,1153,2.43,6.65,283.54,-0.86,-4.17
2026-08-03,Monthly,2024-12-01,2024-12-31,6,State,Nebraska,1823,1.65,9.68,280000,NA,2.56,28,300,800,2093,0.98,4.65,6118,2.16,7.71,1766,1.6,1.68,156.68,-0.31,2.39
2026-08-03,Monthly,2024-12-01,2024-12-31,8,State,Nevada,3519,2.25,12.52,450000,NA,5.15,47,0,800,4422,-0.33,9.98,16372,2.8,21.13,4005,-1.9,-0.22,268.94,-0.39,1.98
2026-08-03,Monthly,2024-12-01,2024-12-31,10,State,New Hampshire,1385,-2.41,4.57,494000,NA,9.79,36,-100,600,1642,-0.7,1.74,4815,0.35,9.47,1589,-1.15,-0.8,276.6,-3.47,2
2026-08-03,Monthly,2024-12-01,2024-12-31,12,State,New Jersey,7568,4.97,11.88,525000,NA,12.9,38,100,0,8855,-2.25,0.95,27325,0.66,8.36,8096,-2.2,0.34,311.68,0.77,8.42
2026-08-03,Monthly,2024-12-01,2024-12-31,14,State,New Mexico,1746,0.35,10.55,349900,NA,7.68,49,500,1200,2170,1.08,7.06,8586,1.83,23.4,2066,1.93,0.9,205.37,1.25,3.97
2026-08-03,Monthly,2024-12-01,2024-12-31,16,State,New York,10746,0.04,4.04,470000,NA,11.9,35,100,100,14055,0.12,1.96,49277,1.53,2.07,12114,-2.52,3.14,317.27,9.5,25.05
2026-08-03,Monthly,2024-12-01,2024-12-31,18,State,North Carolina,12198,1.81,6.11,366000,NA,4.27,46,0,900,15339,-0.7,3.01,56237,2.07,25.68,13943,0.41,2.77,204.99,1.36,2.91
2026-08-03,Monthly,2024-12-01,2024-12-31,20,State,North Dakota,659,-4.29,6.95,295000,NA,11.32,45,100,-2200,767,-0.05,-0.92,2834,2.4,-10.58,693,-7.58,-3.4,159.32,0.67,16.27
2026-08-03,Monthly,2024-12-01,2024-12-31,22,State,Ohio,10809,-0.27,4.01,240000,NA,11.63,39,-100,800,12850,0.24,-1.28,38426,1.41,13.32,13560,-0.12,-0.98,161.13,0.21,7.76
2026-08-03,Monthly,2024-12-01,2024-12-31,23,State,Oklahoma,4060,4.01,10.83,241000,NA,5.24,43,400,1400,5101,2.53,2.93,19512,1.57,18.04,4607,3.34,0.82,154.14,1.15,4.53
2026-08-03,Monthly,2024-12-01,2024-12-31,24,State,Oregon,4037,-1.9,19.26,494500,NA,3.02,39,100,600,4982,5.24,6.76,18526,2.11,11.25,4532,1.44,6.96,296.13,-1.12,0.56
2026-08-03,Monthly,2024-12-01,2024-12-31,26,State,Pennsylvania,10702,3.16,5.26,285000,NA,8.78,33,-100,100,12734,0.98,-0.29,39375,1.67,6.17,11881,-1.48,0.08,180.57,-0.08,5.04
2026-08-03,Monthly,2024-12-01,2024-12-31,58,State,Puerto Rico,NA,NA,NA,NA,NA,NA,NA,NA,NA,NA,NA,NA,NA,NA,NA,NA,NA,NA,NA,NA,NA
2026-08-03,Monthly,2024-12-01,2024-12-31,28,State,Rhode Island,945,10.65,16.58,471000,NA,9.53,27,0,200,1116,-1.6,2.16,2896,2.06,5.58,967,-5.16,2.44,280.66,1.29,9.62
2026-08-03,Monthly,2024-12-01,2024-12-31,30,State,South Carolina,7304,1.49,5.23,334750,NA,2.84,69,0,1300,9201,0.75,4.57,38140,1.49,18.14,8627,3.52,14.22,189.04,-0.09,0.68
2026-08-03,Monthly,2024-12-01,2024-12-31,32,State,South Dakota,806,3.71,28.17,306000,NA,3.42,64,-300,600,939,-7.96,8.99,4216,0.91,22.26,846,-2.18,6.91,189.14,0.68,2.66
2026-08-03,Monthly,2024-12-01,2024-12-31,34,State,Tennessee,8058,0.34,10.14,369900,NA,5.69,60,200,700,10428,0.19,2.63,41929,0.73,15.33,9402,-1.04,2.17,211.55,0.06,3.39
2026-08-03,Monthly,2024-12-01,2024-12-31,36,State,Texas,27988,-1.15,10.8,342000,NA,1.8,58,100,1200,40306,2.02,7.72,167631,1.13,18.26,32636,-1.06,0.36,179.68,0.1,-0.09
2026-08-03,Monthly,2024-12-01,2024-12-31,38,State,Utah,3259,-1.93,14.21,514000,NA,7.1,44,200,500,4454,0.59,-3.41,16083,0.71,12.16,3840,-1.97,-2.77,246.56,0.78,3.33
2026-08-03,Monthly,2024-12-01,2024-12-31,40,State,Vermont,641,4.92,18.07,375000,NA,1.35,53,0,1100,812,13.69,3.94,3093,0.95,30.53,709,-5.83,3.36,256.43,2.64,5.57
2026-08-03,Monthly,2024-12-01,2024-12-31,42,State,Virginia,8691,-0.59,5.27,415000,NA,9.21,29,-100,200,10679,0.28,8.36,29060,1.87,13.33,9824,-1.87,3.04,224.54,0.07,4.87
2026-08-03,Monthly,2024-12-01,2024-12-31,44,State,Washington,7523,-2.3,16.59,587000,NA,5.4,21,0,300,9091,2.36,8.56,26553,1.93,14.12,8213,-1.61,5.75,345.16,0.92,4.7
2026-08-03,Monthly,2024-12-01,2024-12-31,46,State,West Virginia,1273,2.94,21.73,243000,NA,5.65,56,400,-500,1489,2.79,5.2,5549,0.8,18.16,1300,-2.54,5.93,145.97,0.78,5.66
2026-08-03,Monthly,2024-12-01,2024-12-31,48,State,Wisconsin,5696,2.74,7.45,305000,NA,12.13,50,100,400,6401,1.43,-2.12,20969,0.99,9.48,6141,2.1,1.35,186.55,1.31,6.31
2026-08-03,Monthly,2024-12-01,2024-12-31,50,State,Wyoming,631,0.55,20.76,355000,NA,7.58,48,300,-200,419,NA,24.33,2998,2,7.91,674,1.1,8.55,178.43,-0.15,1.34
2026-08-03,Monthly,2024-11-01,2024-11-30,1,State,Alabama,5271,2.2,7.9,280000,NA,3.7,57,100,1000,7024,9.34,13.48,27365,1.78,20.35,6188,0.35,9.45,155.31,-0.97,0.48
2026-08-03,Monthly,2024-11-01,2024-11-30,3,State,Alaska,688,1.11,14.79,390000,NA,11.43,29,0,1000,823,3.27,7.01,2488,-1.15,6.66,784,1.01,12.29,235.68,-0.78,3.79
2026-08-03,Monthly,2024-11-01,2024-11-30,5,State,Arizona,8048,-0.12,6.4,440000,NA,2.3,58,200,1200,10785,2.83,7.25,42250,1.66,28.15,9540,-0.33,12.68,260.71,-0.69,0.37
2026-08-03,Monthly,2024-11-01,2024-11-30,7,State,Arkansas,3161,-1.87,8.67,260000,NA,9.24,49,-200,1000,4071,1.38,4.55,15901,0.99,18.32,3554,-1.96,7.58,155.82,-0.36,2.05
2026-08-03,Monthly,2024-11-01,2024-11-30,9,State,California,23353,1.76,14.13,750000,NA,3.45,35,100,700,30345,-0.06,9.84,99202,1.68,23.37,27304,1.84,8.73,463.99,-0.52,0.83
2026-08-03,Monthly,2024-11-01,2024-11-30,11,State,Colorado,7508,2.55,14.89,555000,NA,4.72,44,0,1000,9333,-4.3,3.77,34996,0.29,25.64,8809,0.63,13.37,271.84,-0.34,0.4
2026-08-03,Monthly,2024-11-01,2024-11-30,17,State,Columbia,565,0.84,6.62,697000,NA,9.76,54,400,600,935,5.73,21.76,3618,2.99,25.31,717,2.2,15.27,490.5,-1.58,-0.88
2026-08-03,Monthly,2024-11-01,2024-11-30,13,State,Connecticut,3191,3.18,4.89,390900,NA,7.1,38,0,400,3440,-3.55,-7.64,10188,-0.2,4.21,3666,-0.67,3.1,237.84,1.87,10.42
2026-08-03,Monthly,2024-11-01,2024-11-30,15,State,Delaware,1152,-5.95,0.35,390000,NA,1.3,38,-200,600,1413,0.88,0.09,4767,1.11,18.16,1345,7.34,10.38,211.85,-1.6,2.64
2026-08-03,Monthly,2024-11-01,2024-11-30,19,State,Florida,27688,1.59,-7.19,385000,NA,-1.18,67,300,2300,44319,20.5,3.52,202087,3.49,23.62,35035,17.15,-0.79,242.76,0.5,-1.35
2026-08-03,Monthly,2024-11-01,2024-11-30,21,State,Georgia,11015,0.01,-1.22,359900,NA,2.83,52,0,1500,14581,2.19,-7.86,56282,1.47,10.7,12997,3.04,3.58,182.4,-0.29,0.24
2026-08-03,Monthly,2024-11-01,2024-11-30,25,State,Hawaii,962,-0.55,10.07,750000,NA,10.29,88,700,1500,1459,11.72,17.83,7524,2.5,34.24,1165,6.43,-0.38,699.8,0.26,1.43
2026-08-03,Monthly,2024-11-01,2024-11-30,27,State,Idaho,2461,0.99,23.68,450000,NA,0.9,47,-200,800,2888,-1.24,7.48,11258,-0.68,11.05,2625,-3.94,21.26,263.42,-0.4,2.83
2026-08-03,Monthly,2024-11-01,2024-11-30,29,State,Illinois,11668,2.73,4.58,285000,NA,7.55,50,0,300,13670,-0.5,-0.54,44211,0.63,6.35,13685,1.86,6.84,182.37,1.97,6.89
2026-08-03,Monthly,2024-11-01,2024-11-30,31,State,Indiana,6853,-0.24,3.22,260000,NA,8.33,29,0,500,8127,0.68,5.49,23780,1.1,15.42,8070,1.23,10.01,147.71,0.09,1.7
2026-08-03,Monthly,2024-11-01,2024-11-30,33,State,Iowa,3215,0.26,6.01,227500,NA,7.31,36,-100,400,3920,4.75,10.1,13104,1.47,19.96,3472,0.6,10.25,156.47,-0.31,3.1
2026-08-03,Monthly,2024-11-01,2024-11-30,35,State,Kansas,2759,1.08,4.51,269995,NA,10.2,27,-200,200,3214,-0.2,3.32,9777,0.25,11.68,3049,-1.77,3.13,141.96,-2.01,1.61
2026-08-03,Monthly,2024-11-01,2024-11-30,37,State,Kentucky,3805,-0.07,6.14,265000,NA,7.31,40,200,700,4849,2.83,8.72,15799,1.55,18.03,4480,-0.2,11.33,163.93,0.56,4.96
2026-08-03,Monthly,2024-11-01,2024-11-30,39,State,Louisiana,3599,9.36,10.2,240000,NA,2.13,65,-200,500,4340,-5.62,-2.2,21141,-2.96,6.96,4165,-0.44,16.06,148.16,1.24,4.51
2026-08-03,Monthly,2024-11-01,2024-11-30,41,State,Maine,1451,6.12,3.77,390000,NA,8.33,51,200,1200,1783,-1.96,-0.45,6837,0.66,19.61,1743,0.47,7.56,267.24,1.87,12.38
2026-08-03,Monthly,2024-11-01,2024-11-30,43,State,Maryland,5943,-0.09,6.49,423890,NA,6.24,32,0,600,7069,0.27,1.16,19522,0.91,13.81,6684,1.44,2.48,228.45,0.56,3.58
2026-08-03,Monthly,2024-11-01,2024-11-30,45,State,Massachusetts,5248,-0.51,4.67,615000,NA,6.03,23,0,100,6244,-3.18,1.97,16190,-0.42,12.34,5897,-4.02,9.67,365.44,0.96,5.4
2026-08-03,Monthly,2024-11-01,2024-11-30,47,State,Michigan,10005,1.35,1.35,260000,NA,10.64,30,100,600,11923,0.92,2.48,35406,1.01,9.98,10891,0.88,1.62,160.35,-1.57,4.5
2026-08-03,Monthly,2024-11-01,2024-11-30,49,State,Minnesota,5799,-0.57,2.92,340302,NA,4.08,33,0,500,6708,-1.79,-1.48,20039,NA,10.12,6384,-0.38,7.38,189.46,-0.34,1.33
2026-08-03,Monthly,2024-11-01,2024-11-30,51,State,Mississippi,1865,1.1,1.89,254000,NA,6.82,46,-300,700,2470,-2.74,-1.28,10014,0.01,11.64,2222,-5.72,-0.85,145.48,0.64,3.47
2026-08-03,Monthly,2024-11-01,2024-11-30,2,State,Missouri,6509,0.3,1.75,262000,NA,6.94,32,-100,700,7740,0.72,1.48,25077,0.75,17.7,7634,1.08,5.51,156.24,-0.19,3.39
2026-08-03,Monthly,2024-11-01,2024-11-30,4,State,Montana,947,1.68,6.87,491431,NA,7.07,80,200,1500,1364,-2.96,0.15,6783,0.25,20.76,1126,-2.58,-0.55,286.01,1.51,3.96
2026-08-03,Monthly,2024-11-01,2024-11-30,6,State,Nebraska,1793,6.6,5.91,292000,NA,7.35,26,100,500,2072,0.82,-3.81,5989,0.24,7.01,1738,-5.56,0.61,157.17,0.25,1.72
2026-08-03,Monthly,2024-11-01,2024-11-30,8,State,Nevada,3442,-1.92,12.85,460000,NA,6.98,46,-200,800,4437,0.75,5.52,15926,2.13,25.36,4082,1.17,13.23,269.99,0.42,3.69
2026-08-03,Monthly,2024-11-01,2024-11-30,10,State,New Hampshire,1419,2.12,1.87,479450,NA,8.97,37,0,600,1653,0.57,2.69,4798,-0.47,10.89,1608,2.04,7.74,286.53,1.75,10.8
2026-08-03,Monthly,2024-11-01,2024-11-30,12,State,New Jersey,7210,2.26,3.62,525000,NA,11.7,37,0,0,9058,2.8,2.37,27146,0.42,8.6,8278,-0.35,5,309.3,0.39,8.54
2026-08-03,Monthly,2024-11-01,2024-11-30,14,State,New Mexico,1740,1.64,7.37,345000,NA,2.99,44,0,1100,2147,1.24,4.34,8432,1.59,23.8,2027,0.82,4.19,202.85,-0.26,3
2026-08-03,Monthly,2024-11-01,2024-11-30,16,State,New York,10741,2.58,3.24,445000,NA,9.88,34,100,-100,14038,1.14,3.79,48533,2.18,2.78,12427,1.8,10.54,289.73,2.51,12.1
2026-08-03,Monthly,2024-11-01,2024-11-30,18,State,North Carolina,11981,-0.98,0.76,365000,NA,2.82,47,100,1000,15447,7.27,6.03,55099,1.89,25.01,13887,2.22,5.14,202.25,-0.33,1.09
2026-08-03,Monthly,2024-11-01,2024-11-30,20,State,North Dakota,689,8.89,15.42,299900,NA,13.21,43,-200,-2200,767,2,3.93,2768,-0.38,-11.13,750,-2.58,13.51,158.26,-1.27,10.01
2026-08-03,Monthly,2024-11-01,2024-11-30,22,State,Ohio,10839,0.97,2.36,241000,NA,9.55,40,0,900,12820,1.23,0.37,37893,1.71,17.05,13577,1.56,3.04,160.79,0.81,7.63
2026-08-03,Monthly,2024-11-01,2024-11-30,23,State,Oklahoma,3904,-0.43,1.3,244801,NA,6.44,39,-200,800,4975,-0.88,-0.2,19210,0.34,19.83,4458,-2.07,0.11,152.39,0.42,3.96
2026-08-03,Monthly,2024-11-01,2024-11-30,24,State,Oregon,4115,3.77,21.9,495000,NA,3.13,39,100,700,4734,-4.62,-3.77,18144,0.23,13.33,4468,-3.67,9.7,299.48,0.57,1.75
2026-08-03,Monthly,2024-11-01,2024-11-30,26,State,Pennsylvania,10374,-1.83,0.4,285100,NA,9.65,34,100,400,12611,2.69,1.7,38727,2.18,7.99,12060,4.36,6.35,180.71,0.4,5.41
2026-08-03,Monthly,2024-11-01,2024-11-30,58,State,Puerto Rico,NA,NA,NA,NA,NA,NA,NA,NA,NA,NA,NA,NA,NA,NA,NA,NA,NA,NA,NA,NA,NA
2026-08-03,Monthly,2024-11-01,2024-11-30,28,State,Rhode Island,854,-8.75,-0.24,480750,NA,10.52,28,100,500,1134,7.9,5.86,2837,2.99,13.97,1019,0.68,12.01,277.08,0.47,8.26
2026-08-03,Monthly,2024-11-01,2024-11-30,30,State,South Carolina,7197,0.32,1.35,340995,NA,4.3,69,200,1300,9133,3.71,5.83,37580,1.14,18.73,8334,1.45,5.2,189.21,-1.37,0.09
2026-08-03,Monthly,2024-11-01,2024-11-30,32,State,South Dakota,777,6.98,6.44,313000,NA,2.62,67,300,1300,1020,-2.51,3.21,4178,2.87,20.3,865,2.57,11.78,187.86,2.34,1.64
2026-08-03,Monthly,2024-11-01,2024-11-30,34,State,Tennessee,8031,2.32,4.78,370000,NA,5.71,58,-200,600,10408,0.93,2.18,41627,0.31,17.73,9500,0.74,3.78,211.42,-0.12,2.68
2026-08-03,Monthly,2024-11-01,2024-11-30,36,State,Texas,28314,1.1,9.58,335000,NA,1.52,57,0,1400,39507,-0.7,3.91,165756,0.63,20.4,32986,1.78,5.87,179.49,-0.15,-0.5
2026-08-03,Monthly,2024-11-01,2024-11-30,38,State,Utah,3323,5.48,24.2,510000,NA,3.03,42,-100,300,4428,0.08,13.01,15971,1.87,17.23,3917,-4.53,10.68,244.66,0.56,1.82
2026-08-03,Monthly,2024-11-01,2024-11-30,40,State,Vermont,611,4.8,5.03,415000,NA,7.79,53,-200,1100,714,-8.57,-8.9,3064,1.06,33.21,753,5.61,17.52,249.83,1.19,6.07
2026-08-03,Monthly,2024-11-01,2024-11-30,42,State,Virginia,8742,1.15,5.66,412500,NA,7.14,29,-100,500,10648,3.27,8.18,28528,1.46,13.5,10012,0,9.49,224.39,0.62,5.3
2026-08-03,Monthly,2024-11-01,2024-11-30,44,State,Washington,7700,1.75,21.29,608000,NA,5.74,21,100,400,8882,-3.45,6.33,26051,0.84,18.8,8348,-1.99,17.66,342.03,0.11,3.69
2026-08-03,Monthly,2024-11-01,2024-11-30,46,State,West Virginia,1237,0.83,8.44,250000,NA,8.74,52,-400,-800,1449,-3.76,12,5505,-0.41,19.48,1334,-7.31,14.08,144.84,0.49,5.75
2026-08-03,Monthly,2024-11-01,2024-11-30,48,State,Wisconsin,5544,-1.32,1.61,310000,NA,11.71,49,0,300,6311,-1.49,-1.23,20765,0.35,9.77,6014,-1.98,5.54,184.13,-0.5,5.56
2026-08-03,Monthly,2024-11-01,2024-11-30,50,State,Wyoming,627,2.69,12.85,354250,NA,10.7,44,300,-1200,509,NA,8.53,2939,0.94,3.28,667,2.22,6.36,178.71,-0.66,5.53
2026-08-03,Monthly,2024-10-01,2024-10-31,1,State,Alabama,5157,4,6.03,280000,NA,2.39,55,0,900,6424,-0.19,0.04,26886,1.29,20.65,6166,9.16,10.55,156.84,-0.79,2.14
2026-08-03,Monthly,2024-10-01,2024-10-31,3,State,Alaska,681,2.78,5.28,380000,NA,9.2,29,100,1300,797,-3.45,-5,2517,-1.3,9.92,776,-4.13,11.42,237.52,0.45,5.62
2026-08-03,Monthly,2024-10-01,2024-10-31,5,State,Arizona,8057,2.37,5.32,438700,NA,2.02,56,-200,1300,10488,-2.57,6.75,41562,0.85,33.18,9571,-6.5,12.71,262.52,0.05,0.51
2026-08-03,Monthly,2024-10-01,2024-10-31,7,State,Arkansas,3221,4.01,10.63,255000,NA,6.25,51,200,1300,4016,1.31,3.7,15745,0.8,21.83,3625,-0.58,12.18,156.39,1.75,4.55
2026-08-03,Monthly,2024-10-01,2024-10-31,9,State,California,22949,2.74,8.03,752250,NA,3.76,34,-100,700,30364,-0.92,12.81,97567,2.07,29.11,26812,1.04,10.87,466.41,-1.31,0.77
2026-08-03,Monthly,2024-10-01,2024-10-31,11,State,Colorado,7321,6.16,11.03,550000,NA,0.92,44,200,1000,9752,-0.26,10.79,34897,2.48,31.27,8753,-0.2,13.41,272.77,0.56,-0.14
2026-08-03,Monthly,2024-10-01,2024-10-31,17,State,Columbia,561,11.98,10.3,660000,NA,-2.22,50,-100,300,884,2.29,14.37,3513,1.52,21.5,702,3.3,15.79,498.35,0.73,-4.96
2026-08-03,Monthly,2024-10-01,2024-10-31,13,State,Connecticut,3093,1.88,1.02,397000,NA,5.87,38,200,400,3567,0.1,-0.05,10209,1.82,6.94,3691,0.17,3.59,233.48,-0.2,7.59
2026-08-03,Monthly,2024-10-01,2024-10-31,15,State,Delaware,1225,6.24,16.89,395000,NA,6.76,40,200,900,1401,3.36,7.48,4714,1.09,21.08,1253,-6.03,0.71,215.29,0.74,3.81
2026-08-03,Monthly,2024-10-01,2024-10-31,19,State,Florida,27255,-3.17,-13.29,387000,NA,0.52,64,200,2200,36778,-15.89,-12.8,195271,-2.45,24.26,29905,-14.1,-16.88,241.55,-0.48,-2.61
2026-08-03,Monthly,2024-10-01,2024-10-31,21,State,Georgia,11014,0.86,0.15,361000,NA,3.14,52,300,1800,14269,-1.34,-12.78,55467,0.34,9.92,12614,0.02,-3.27,182.93,-0.03,1.37
2026-08-03,Monthly,2024-10-01,2024-10-31,25,State,Hawaii,968,7.19,-0.35,730000,NA,2.82,82,-100,1300,1306,-7.34,1.91,7340,-0.01,34.27,1095,-3.88,-6.98,697.97,0.77,1.95
2026-08-03,Monthly,2024-10-01,2024-10-31,27,State,Idaho,2437,4.57,27.17,459945,NA,0.01,49,400,1100,2924,1.72,9.03,11336,1.47,17.77,2732,6.13,29.53,264.49,1.24,2.81
2026-08-03,Monthly,2024-10-01,2024-10-31,29,State,Illinois,11358,2.56,1.45,285000,NA,7.95,50,-100,200,13739,1.61,5.55,43935,1.24,7.87,13436,1.39,3.78,178.85,-0.74,5.38
2026-08-03,Monthly,2024-10-01,2024-10-31,31,State,Indiana,6869,0.09,5.56,257900,NA,7.46,29,200,600,8072,0.83,7.93,23522,1.18,17.64,7972,-0.66,6.33,147.58,0.13,5.65
2026-08-03,Monthly,2024-10-01,2024-10-31,33,State,Iowa,3206,4.78,7.66,235000,NA,7.31,37,0,800,3742,-1.9,8.13,12914,1.86,19.82,3451,-0.21,6.26,156.96,-0.12,5.75
2026-08-03,Monthly,2024-10-01,2024-10-31,35,State,Kansas,2730,6.51,2.54,268500,NA,7.4,29,100,500,3221,-1.89,6.59,9752,0.67,14.73,3104,-0.08,6.93,144.88,-1.02,6.84
2026-08-03,Monthly,2024-10-01,2024-10-31,37,State,Kentucky,3807,2.03,5.5,260950,NA,6.51,39,100,600,4716,1.13,7.33,15558,1.55,19.86,4489,3.63,12.52,163.02,0.77,4.98
2026-08-03,Monthly,2024-10-01,2024-10-31,39,State,Louisiana,3291,4.77,1.02,237940,NA,1.25,68,-100,900,4598,9.53,3.79,21786,1.96,12.98,4183,18.48,15.99,146.35,0.5,2.7
2026-08-03,Monthly,2024-10-01,2024-10-31,41,State,Maine,1367,-3.22,2.96,395000,NA,2.6,49,-100,900,1819,-0.33,1.37,6792,1.72,24.28,1735,-0.71,9.96,262.33,-0.35,6.48
2026-08-03,Monthly,2024-10-01,2024-10-31,43,State,Maryland,5949,5.34,9.89,421000,NA,6.58,32,100,700,7050,1.53,5.76,19346,2.2,16.86,6589,-2,1.63,227.18,-0.03,3.93
2026-08-03,Monthly,2024-10-01,2024-10-31,45,State,Massachusetts,5275,3.42,5.87,620750,NA,5.21,23,0,100,6449,0.14,7.01,16259,2.48,21.44,6144,1.86,14.15,361.95,-0.42,3.64
2026-08-03,Monthly,2024-10-01,2024-10-31,47,State,Michigan,9872,-0.13,0.19,260000,NA,7,29,100,600,11814,-0.51,1.93,35051,1,10.72,10797,-0.53,0.95,162.91,0.95,7.77
2026-08-03,Monthly,2024-10-01,2024-10-31,49,State,Minnesota,5832,3.81,4.75,347700,NA,5.36,32,0,600,6830,-0.52,3.86,23041,NA,13.4,6409,3.36,10.33,190.1,0.75,2.94
2026-08-03,Monthly,2024-10-01,2024-10-31,51,State,Mississippi,1845,3.83,2.44,256950,NA,5.74,48,200,900,2539,2.27,1.05,10013,1.21,15.06,2357,4.51,8.8,144.56,1.19,5.73
2026-08-03,Monthly,2024-10-01,2024-10-31,2,State,Missouri,6490,0.47,2.68,269694,NA,7.88,32,0,900,7685,-1.76,2.67,24889,0.77,20.83,7552,-0.28,4.74,156.55,-0.39,4.29
2026-08-03,Monthly,2024-10-01,2024-10-31,4,State,Montana,932,4.48,8.93,499000,NA,0,77,-100,1200,1405,-3.5,10.44,6766,1.88,23.33,1156,0.11,15.91,281.76,0.72,4.92
2026-08-03,Monthly,2024-10-01,2024-10-31,6,State,Nebraska,1682,2.22,4.33,285000,NA,4.01,25,-200,500,2056,2.79,3.71,5975,1.11,12.29,1840,3.03,13.03,156.77,-1.12,3.59
2026-08-03,Monthly,2024-10-01,2024-10-31,8,State,Nevada,3509,3.46,10.98,456000,NA,4.83,48,100,800,4404,-2.3,10.42,15593,2.2,31.53,4035,-2.2,10.92,268.87,-0.04,4.38
2026-08-03,Monthly,2024-10-01,2024-10-31,10,State,New Hampshire,1389,0.53,5.47,488500,NA,8.56,37,200,800,1644,-0.82,3.53,4820,1.25,14.71,1576,-2.15,2.93,281.61,0.45,6.39
2026-08-03,Monthly,2024-10-01,2024-10-31,12,State,New Jersey,7050,0.74,-0.34,520000,NA,8.56,37,100,0,8812,-1.33,1.56,27031,0.84,9.21,8307,2.3,5.71,308.1,0.26,9.07
2026-08-03,Monthly,2024-10-01,2024-10-31,14,State,New Mexico,1712,6.64,5.71,350000,NA,6.09,44,100,1300,2121,-7.36,-2.96,8300,0.37,23.02,2011,-1.14,5.77,203.37,1.1,5.47
2026-08-03,Monthly,2024-10-01,2024-10-31,16,State,New York,10471,-1.58,-0.35,460000,NA,10.84,33,0,-300,13880,-1.57,2.95,47498,1.73,0.9,12207,1.93,6.55,282.64,-0.42,7.81
2026-08-03,Monthly,2024-10-01,2024-10-31,18,State,North Carolina,12099,3.13,3.41,367000,NA,2.37,46,100,1000,14400,-4.19,-0.12,54077,1.16,25.36,13585,-0.72,3.98,202.91,0.76,2.21
2026-08-03,Monthly,2024-10-01,2024-10-31,20,State,North Dakota,632,4.43,5.05,292000,NA,10.19,45,300,-2300,752,-6.15,2.57,2779,2.83,-10.74,770,5.22,11.95,160.29,3.52,13.56
2026-08-03,Monthly,2024-10-01,2024-10-31,22,State,Ohio,10734,1.3,2.53,243000,NA,7.05,40,0,900,12664,0.61,3.47,37257,1.5,20.58,13368,-0.74,2.58,159.49,1.17,7.79
2026-08-03,Monthly,2024-10-01,2024-10-31,23,State,Oklahoma,3921,6.24,3.05,243751,NA,3.72,41,0,1100,5020,0.64,6.76,19145,1.48,25.25,4552,2.02,3.32,151.74,0.55,4.28
2026-08-03,Monthly,2024-10-01,2024-10-31,24,State,Oregon,3966,5.39,12.26,500000,NA,2.04,38,0,700,4963,-0.94,6.53,18103,1.39,19.81,4638,-0.32,19.54,297.78,0.41,0.66
2026-08-03,Monthly,2024-10-01,2024-10-31,26,State,Pennsylvania,10568,4.22,3.58,285000,NA,7.55,34,100,500,12280,-0.58,0.08,37901,0.74,8.98,11556,-2.36,1.95,179.99,0.82,6.4
2026-08-03,Monthly,2024-10-01,2024-10-31,58,State,Puerto Rico,NA,NA,NA,NA,NA,NA,NA,NA,NA,NA,NA,NA,NA,NA,NA,NA,NA,NA,NA,NA,NA
2026-08-03,Monthly,2024-10-01,2024-10-31,28,State,Rhode Island,936,2.78,7.34,480000,NA,11.63,27,0,400,1051,-8.53,-4.24,2755,-2.06,16.46,1012,-1.28,12.77,275.79,1.36,6.35
2026-08-03,Monthly,2024-10-01,2024-10-31,30,State,South Carolina,7174,2.29,2.29,343000,NA,1.18,67,-200,1200,8806,-1.75,1.76,37156,0.41,19.71,8214,0.25,2.43,191.84,0.36,2.04
2026-08-03,Monthly,2024-10-01,2024-10-31,32,State,South Dakota,727,2.22,3.12,327059,NA,6.77,63,200,700,1046,8.17,16.19,4062,4.46,20.58,843,0.97,14.13,183.57,-1.63,1.48
2026-08-03,Monthly,2024-10-01,2024-10-31,34,State,Tennessee,7848,2.64,0.58,367500,NA,4.4,60,100,800,10313,0.43,5.52,41497,1.91,22.34,9430,0.33,2.8,211.68,0.74,3.79
2026-08-03,Monthly,2024-10-01,2024-10-31,36,State,Texas,28005,4.81,8.87,337000,NA,0.9,57,0,1400,39787,1.12,9.63,164719,1.47,24.87,32411,-1.61,3.33,179.76,0.28,0.42
2026-08-03,Monthly,2024-10-01,2024-10-31,38,State,Utah,3150,0.73,12.57,515000,NA,4.76,44,0,500,4424,2.05,14.65,15677,1.23,18.48,4103,1.81,16.67,243.29,0.29,-0.02
2026-08-03,Monthly,2024-10-01,2024-10-31,40,State,Vermont,583,3.65,1.8,410000,NA,6.22,55,0,1500,781,-6.21,3.26,3032,2.97,34.85,713,1.5,5.84,246.91,-3.33,3.61
2026-08-03,Monthly,2024-10-01,2024-10-31,42,State,Virginia,8643,0.75,4.93,415000,NA,6.41,30,100,600,10311,1.98,5.85,28117,1.23,14.69,10012,-1.27,10.15,223.01,-0.86,5.06
2026-08-03,Monthly,2024-10-01,2024-10-31,44,State,Washington,7568,5.89,17.02,613000,NA,7.54,21,0,400,9199,2.58,16.66,25833,2.34,26.12,8517,2.31,22.46,341.64,-0.66,4.39
2026-08-03,Monthly,2024-10-01,2024-10-31,46,State,West Virginia,1227,6.58,14.01,237500,NA,6.74,56,0,-300,1505,0.15,14.77,5528,2.5,21.04,1439,2.21,24.86,144.12,0.5,6.2
2026-08-03,Monthly,2024-10-01,2024-10-31,48,State,Wisconsin,5618,2.23,5.68,310000,NA,10.71,49,100,300,6406,1.37,4.63,20693,1.42,11.26,6136,-0.11,5.54,185.05,0.94,8.05
2026-08-03,Monthly,2024-10-01,2024-10-31,50,State,Wyoming,611,7.17,4.82,354950,NA,7.56,41,-400,-2400,698,NA,9.23,2911,1.77,-4.35,653,-1.51,-18.06,179.89,0.88,3.72
2026-08-03,Monthly,2024-09-01,2024-09-30,1,State,Alabama,4959,-1.18,0.2,285000,NA,1.82,55,100,1100,6436,0.58,2.56,26543,1.02,21.94,5648,1.1,-0.74,158.08,0.73,4.11
2026-08-03,Monthly,2024-09-01,2024-09-30,3,State,Alaska,662,3.83,-3.3,390000,NA,5.41,28,-500,1000,826,-1.19,3.8,2550,1.08,14.83,810,4.92,14.13,236.46,-0.82,5.36
2026-08-03,Monthly,2024-09-01,2024-09-30,5,State,Arizona,7871,1.04,2.3,435000,NA,2.35,58,100,1600,10765,0.79,13.97,41210,2.25,36.29,10236,13.34,16,262.39,0.51,1.88
2026-08-03,Monthly,2024-09-01,2024-09-30,7,State,Arkansas,3097,-0.23,5.78,259100,NA,2.01,49,100,1100,3964,-1.88,2.8,15620,1.4,24.88,3646,5.42,11.33,153.69,-0.16,3.54
2026-08-03,Monthly,2024-09-01,2024-09-30,9,State,California,22337,-2,4.94,738000,NA,3.22,35,200,800,30646,2.97,15.53,95586,4.18,31.81,26536,4.68,9.68,472.61,0.19,2.1
2026-08-03,Monthly,2024-09-01,2024-09-30,11,State,Colorado,6896,-4.77,-1.46,549900,NA,1.28,42,200,1100,9778,3.4,11.32,34053,3.48,33,8771,3.51,10.52,271.24,-0.74,-0.28
2026-08-03,Monthly,2024-09-01,2024-09-30,17,State,Columbia,501,-1.28,-13.33,602500,NA,-3.52,52,100,600,865,2.33,10.64,3460,1.9,19.29,679,12.17,1.56,494.72,-1.93,-4.55
2026-08-03,Monthly,2024-09-01,2024-09-30,13,State,Connecticut,3036,-2.36,-3.28,403000,NA,10.41,37,0,200,3563,3.39,2.52,10026,1.68,5.96,3685,5.48,4.51,233.95,0.14,9.51
2026-08-03,Monthly,2024-09-01,2024-09-30,15,State,Delaware,1153,4.98,5.11,397250,NA,6.79,38,0,500,1355,-4.19,2.78,4663,1.72,22.8,1334,5.48,14.01,213.71,0.05,3.12
2026-08-03,Monthly,2024-09-01,2024-09-30,19,State,Florida,28146,-4.7,-14.33,381000,NA,-1.04,62,100,1800,43726,-0.88,3.17,200184,0.81,31.93,34815,4.84,-5.32,242.71,0.58,-1.84
2026-08-03,Monthly,2024-09-01,2024-09-30,21,State,Georgia,10920,-0.52,-2.05,364000,NA,3.41,49,100,1500,14462,-1.82,-14.17,55277,0.16,10.53,12611,0.7,-5.5,182.97,0.39,2.16
2026-08-03,Monthly,2024-09-01,2024-09-30,25,State,Hawaii,903,-6.02,-7.67,750000,NA,0.67,83,300,1400,1409,1.19,11.66,7341,2.31,37.25,1139,-2.99,20.9,692.67,-1.51,1.05
2026-08-03,Monthly,2024-09-01,2024-09-30,27,State,Idaho,2331,6.98,9.2,470000,NA,4.44,45,-300,700,2875,2.15,13.93,11172,2.78,20.21,2574,5.49,17.4,261.26,-0.71,0.89
2026-08-03,Monthly,2024-09-01,2024-09-30,29,State,Illinois,11075,-1.32,-3.94,290000,NA,7.41,50,100,300,13521,1.07,3.22,43398,1.13,6.71,13252,4.81,2.1,180.19,0.69,7.32
2026-08-03,Monthly,2024-09-01,2024-09-30,31,State,Indiana,6863,3.53,5.12,260000,NA,6.12,28,100,500,8006,-0.25,5.36,23247,1.13,18.11,8025,4.83,5.14,147.39,0.68,5.66
2026-08-03,Monthly,2024-09-01,2024-09-30,33,State,Iowa,3060,0.21,0.48,229000,NA,4.09,37,0,900,3814,2.23,9.56,12679,3.98,20.76,3458,4.88,7.91,157.15,1.2,4.26
2026-08-03,Monthly,2024-09-01,2024-09-30,35,State,Kansas,2563,-1.37,-8.79,260000,NA,4,28,-100,300,3283,2.98,7.52,9687,2.53,15.34,3106,3.38,5.72,146.38,3.58,6.4
2026-08-03,Monthly,2024-09-01,2024-09-30,37,State,Kentucky,3732,1.72,3.98,265000,NA,8.16,38,0,700,4663,-0.33,4.97,15320,1.83,21.35,4332,4.16,6.68,161.78,0.35,4.99
2026-08-03,Monthly,2024-09-01,2024-09-30,39,State,Louisiana,3141,-3.8,-10.75,245000,NA,4.26,68,100,1100,4198,-7.58,-9.21,21368,-0.86,10.58,3531,-2.29,-4.83,145.61,0.93,0.76
2026-08-03,Monthly,2024-09-01,2024-09-30,41,State,Maine,1413,3.72,10.04,410000,NA,7.89,50,-100,1200,1825,0.32,6.08,6677,3.44,29.69,1747,12.44,15.11,263.26,0.67,8.91
2026-08-03,Monthly,2024-09-01,2024-09-30,43,State,Maryland,5647,-1.05,-0.2,420000,NA,4.48,31,100,600,6944,2.66,7.34,18930,1.83,16.81,6723,3.03,4.74,227.25,0.41,4.34
2026-08-03,Monthly,2024-09-01,2024-09-30,45,State,Massachusetts,5100,-0.2,2.31,610000,NA,5.17,22,0,100,6440,3.94,9.11,15865,4.45,22.07,6032,8.75,12.88,363.48,-0.43,5.32
2026-08-03,Monthly,2024-09-01,2024-09-30,47,State,Michigan,9884,1.25,0.92,263500,NA,5.4,28,0,500,11875,0.73,3.14,34706,1.43,10.78,10854,2.59,3.08,161.37,0.18,6.34
2026-08-03,Monthly,2024-09-01,2024-09-30,49,State,Minnesota,5618,-0.94,-1.48,350000,NA,6.06,32,-100,600,6866,4.11,5.5,23046,NA,11.45,6201,6.01,3.95,188.68,-0.48,1.99
2026-08-03,Monthly,2024-09-01,2024-09-30,51,State,Mississippi,1777,-3.12,-2.59,255000,NA,2.2,46,-200,400,2483,-0.36,-4.16,9893,0.56,17.06,2255,5.85,1.21,142.85,-1.16,3.64
2026-08-03,Monthly,2024-09-01,2024-09-30,2,State,Missouri,6459,0.51,3.69,265000,NA,5.16,32,-100,900,7822,2.15,6.02,24699,2.24,22.37,7574,7.69,4.79,157.16,0.02,5.28
2026-08-03,Monthly,2024-09-01,2024-09-30,4,State,Montana,892,-5.17,-5.61,499900,NA,0.99,79,400,1300,1456,7.51,5.92,6641,2.24,21.9,1154,7.53,-22.92,279.75,-0.65,2.19
2026-08-03,Monthly,2024-09-01,2024-09-30,6,State,Nebraska,1646,-4.07,-6.72,285000,NA,1.79,27,200,700,2000,7.83,1.4,5909,1.58,12.89,1786,7.59,9.4,158.54,1.58,6.32
2026-08-03,Monthly,2024-09-01,2024-09-30,8,State,Nevada,3392,-3.3,0.57,460000,NA,7.23,47,100,500,4508,3.47,16.3,15257,4.68,31.64,4126,9.49,9.56,268.98,0.79,5.24
2026-08-03,Monthly,2024-09-01,2024-09-30,10,State,New Hampshire,1382,0.19,5.38,499900,NA,6.36,34,-200,300,1658,1.64,5.14,4761,1.36,16.66,1610,5.98,7.43,280.36,0.13,9.13
2026-08-03,Monthly,2024-09-01,2024-09-30,12,State,New Jersey,6999,-3.03,-2.28,525000,NA,8.25,36,100,400,8931,4.53,7.23,26807,1.11,9.77,8121,1.03,-1.13,307.28,0.74,10.14
2026-08-03,Monthly,2024-09-01,2024-09-30,14,State,New Mexico,1605,-4.92,-6.31,335000,NA,0,43,200,1000,2289,3.82,9.37,8270,3.51,26.19,2034,5.52,1.89,201.16,-0.22,3.25
2026-08-03,Monthly,2024-09-01,2024-09-30,16,State,New York,10639,1.95,1.26,460687,NA,5.98,33,0,200,14101,3.2,6.68,46691,2.97,2.04,11976,2.7,2.96,283.83,-0.22,10.11
2026-08-03,Monthly,2024-09-01,2024-09-30,18,State,North Carolina,11732,-1.25,-1.18,368632,NA,2.76,45,200,800,15030,1.58,7.1,53457,2.64,26.99,13684,5.73,5.59,201.38,-1.23,1.65
2026-08-03,Monthly,2024-09-01,2024-09-30,20,State,North Dakota,606,0.78,0.74,292900,NA,7.94,42,0,-3200,801,5.47,12.48,2702,3.08,-14.34,731,-1.13,-27.31,154.84,-1.46,9.67
2026-08-03,Monthly,2024-09-01,2024-09-30,22,State,Ohio,10597,0.96,1.79,247900,NA,8.97,40,0,900,12587,-0.32,1.69,36706,1.88,21.48,13468,0.76,2.91,157.64,-0.3,6.92
2026-08-03,Monthly,2024-09-01,2024-09-30,23,State,Oklahoma,3690,-6,-5.64,247000,NA,7.39,41,100,1300,4988,-0.42,4.92,18866,2.32,26.7,4462,3.03,1.41,150.92,-0.58,3.07
2026-08-03,Monthly,2024-09-01,2024-09-30,24,State,Oregon,3763,-1.18,1.49,500000,NA,1.01,38,200,1000,5010,6.28,8.2,17854,3.44,21.92,4653,9.37,13.99,296.58,0.12,0.56
2026-08-03,Monthly,2024-09-01,2024-09-30,26,State,Pennsylvania,10140,-1.09,-1.17,289900,NA,9.4,33,100,400,12352,1.69,3.12,37624,1.92,10.83,11835,6.89,4.67,178.53,0.15,5.52
2026-08-03,Monthly,2024-09-01,2024-09-30,58,State,Puerto Rico,NA,NA,NA,NA,NA,NA,NA,NA,NA,NA,NA,NA,NA,NA,NA,NA,NA,NA,NA,NA,NA
2026-08-03,Monthly,2024-09-01,2024-09-30,28,State,Rhode Island,911,-1.2,-3.61,495000,NA,11.24,27,-200,300,1149,6.6,17.13,2813,5.45,25.63,1026,11.54,13.7,272.09,-1.67,6.2
2026-08-03,Monthly,2024-09-01,2024-09-30,30,State,South Carolina,7013,-0.33,-0.84,338000,NA,1.5,69,300,1600,8963,0.48,5.52,37005,0.55,21.6,8194,4.87,2.66,191.16,1.18,2.98
2026-08-03,Monthly,2024-09-01,2024-09-30,32,State,South Dakota,711,-2.22,-2.05,314900,NA,3.59,61,-200,400,967,0.98,4.58,3888,1.28,17.08,835,3.04,5.85,186.62,0.31,1.38
2026-08-03,Monthly,2024-09-01,2024-09-30,34,State,Tennessee,7646,-0.21,0.45,365000,NA,4.29,58,0,700,10269,0.77,4.59,40721,1.39,22.43,9399,1.63,1.3,210.13,0,3.72
2026-08-03,Monthly,2024-09-01,2024-09-30,36,State,Texas,26719,2.34,1.89,339000,NA,-0.29,57,100,1600,39347,-0.87,7.23,162339,1.93,27.19,32939,3.37,4.12,179.26,0.04,0.19
2026-08-03,Monthly,2024-09-01,2024-09-30,38,State,Utah,3127,3.9,11.42,512000,NA,3.43,43,0,600,4335,1.48,10.54,15486,2.85,19.34,4030,4.32,11.21,242.59,-0.34,0.75
2026-08-03,Monthly,2024-09-01,2024-09-30,40,State,Vermont,562,0.37,-4.42,400000,NA,3.9,55,200,1500,833,7.78,15.48,2944,4.06,34.4,702,8.29,5.55,255.41,4.07,11.24
2026-08-03,Monthly,2024-09-01,2024-09-30,42,State,Virginia,8579,0.74,3.7,415000,NA,9.21,29,200,700,10111,2.7,5.68,27776,2,16.88,10141,8.06,11.48,224.94,1.59,6.74
2026-08-03,Monthly,2024-09-01,2024-09-30,44,State,Washington,7147,-0.97,6.31,600000,NA,4.35,21,0,600,8968,4,12.79,25242,3.02,28.52,8325,7.47,13.85,343.93,1.23,5.15
2026-08-03,Monthly,2024-09-01,2024-09-30,46,State,West Virginia,1151,-6.32,6.9,241000,NA,4.78,56,100,-400,1503,4.6,17.5,5393,1.76,20.96,1408,7.3,28.54,143.4,0.43,6.45
2026-08-03,Monthly,2024-09-01,2024-09-30,48,State,Wisconsin,5496,0.79,2.95,310000,NA,6.9,48,0,200,6320,0.66,3.72,20403,1.63,10.64,6143,6.21,9,183.33,-0.23,6.32
2026-08-03,Monthly,2024-09-01,2024-09-30,50,State,Wyoming,570,-10.98,-5.12,355000,NA,6.61,45,200,-1700,762,NA,0,2861,0.61,-5.98,663,-0.18,8.96,178.33,-2.91,4.04
2026-08-03,Monthly,2024-08-01,2024-08-31,1,State,Alabama,5018,-2.12,0.25,285000,NA,2.15,54,0,900,6399,-0.09,4.91,26274,0.87,22.16,5587,-2.49,-11.48,156.93,0.46,3.12
2026-08-03,Monthly,2024-08-01,2024-08-31,3,State,Alaska,638,-1.77,0.35,399000,NA,7.84,33,600,1200,836,5.42,4.31,2522,1.56,13.64,772,0.37,5.71,238.42,2.46,6.67
2026-08-03,Monthly,2024-08-01,2024-08-31,5,State,Arizona,7790,-0.89,-1.45,431575,NA,0.84,57,200,1400,10681,2.79,16.2,40303,1.73,35.26,9032,-2.43,-3.73,261.07,0.24,1.08
2026-08-03,Monthly,2024-08-01,2024-08-31,7,State,Arkansas,3104,-1.13,5.82,261000,NA,4.4,48,0,1000,4040,-2,5.7,15403,1.94,26.39,3458,0.7,1.53,153.94,0.17,4.89
2026-08-03,Monthly,2024-08-01,2024-08-31,9,State,California,22793,-1.12,3.13,745000,NA,3.47,34,100,700,29763,2.22,14.87,91753,1.59,31.71,25350,-3.57,4.96,471.7,-0.13,3.25
2026-08-03,Monthly,2024-08-01,2024-08-31,11,State,Colorado,7241,3.31,0.86,542000,NA,-1.45,40,0,800,9457,2.25,7.56,32908,2.45,33.09,8474,1.06,-2.14,273.26,-0.09,0.59
2026-08-03,Monthly,2024-08-01,2024-08-31,17,State,Columbia,507,-1.35,-14.92,630000,NA,0.8,51,-300,0,845,4.45,3.22,3396,1.15,16.42,606,4.88,-3.75,504.48,0.44,-3.87
2026-08-03,Monthly,2024-08-01,2024-08-31,13,State,Connecticut,3109,0.71,1.27,415000,NA,9.21,36,0,-200,3446,0.07,-1.21,9861,-0.19,4.23,3493,-2.22,-3.02,233.64,0.77,10.2
2026-08-03,Monthly,2024-08-01,2024-08-31,15,State,Delaware,1099,-5.75,-1.45,395500,NA,6.89,38,-200,700,1415,5.65,22.22,4585,1.56,23.85,1265,4.25,8.53,213.6,0.63,3.9
2026-08-03,Monthly,2024-08-01,2024-08-31,19,State,Florida,29536,-0.71,-6.07,384900,NA,-1.31,60,0,1600,44116,0.46,5.69,198571,0.85,36.05,33207,-5.78,-10.6,241.32,-0.3,-2.85
2026-08-03,Monthly,2024-08-01,2024-08-31,21,State,Georgia,10977,-1.45,-1.44,359500,NA,-0.07,48,200,1300,14730,0.81,-8.85,55186,0.61,12.08,12523,-0.77,-7.2,182.26,-0.2,1.52
2026-08-03,Monthly,2024-08-01,2024-08-31,25,State,Hawaii,961,-2.48,-4.72,750000,NA,5.34,79,-100,1200,1393,-4.41,17,7175,2.27,34.16,1174,1.47,4.75,703.27,2.22,4.86
2026-08-03,Monthly,2024-08-01,2024-08-31,27,State,Idaho,2179,-4.78,-0.56,459900,NA,2.2,48,-100,900,2814,6.52,8.68,10870,2.58,18.42,2440,2.67,5.9,263.12,1.66,2.84
2026-08-03,Monthly,2024-08-01,2024-08-31,29,State,Illinois,11223,-0.65,-4,295000,NA,5.36,50,0,-100,13377,1.61,1.43,42915,0.62,5.33,12643,-1.7,-6.39,178.94,0.86,6.75
2026-08-03,Monthly,2024-08-01,2024-08-31,31,State,Indiana,6629,-2.32,-0.59,265000,NA,5.16,27,100,500,8026,1.29,8.07,22988,2.58,20.14,7655,0.42,-4.24,146.4,-0.11,5.17
2026-08-03,Monthly,2024-08-01,2024-08-31,33,State,Iowa,3053,-0.36,0.17,240000,NA,4.35,37,200,1200,3731,7.44,4.46,12193,3.11,17.78,3297,1.51,-18.34,155.29,0.06,3.98
2026-08-03,Monthly,2024-08-01,2024-08-31,35,State,Kansas,2599,-0.3,-5.4,269980,NA,6.71,29,0,500,3188,0.88,6.39,9447,2.61,15.61,3005,3.91,0.08,141.32,-1.79,3.7
2026-08-03,Monthly,2024-08-01,2024-08-31,37,State,Kentucky,3669,-1.78,-0.5,261501,NA,4.6,38,-100,600,4679,2.18,10.97,15044,2.29,23.04,4159,0.15,-17.22,161.21,0.94,4.76
2026-08-03,Monthly,2024-08-01,2024-08-31,39,State,Louisiana,3265,-4.54,-7.63,243148,NA,3.47,67,-100,900,4542,3.92,-1.08,21553,1.05,13.89,3614,0.42,-6.47,144.27,0.54,0.38
2026-08-03,Monthly,2024-08-01,2024-08-31,41,State,Maine,1362,-2.32,3.56,400000,NA,6.67,51,0,1200,1819,6.11,3.37,6455,2.68,30.34,1554,-4.11,0.46,261.51,-0.65,6.87
2026-08-03,Monthly,2024-08-01,2024-08-31,43,State,Maryland,5707,-2.77,-1.36,424136,NA,3.45,31,0,600,6764,2.73,4.45,18589,0.41,15.98,6525,-1.85,0.83,226.32,0.63,3.17
2026-08-03,Monthly,2024-08-01,2024-08-31,45,State,Massachusetts,5111,-0.57,3.48,630000,NA,3.28,23,0,0,6196,-0.77,3.37,15189,0.97,17.2,5547,-2.32,1.57,365.07,0.38,7.36
2026-08-03,Monthly,2024-08-01,2024-08-31,47,State,Michigan,9762,-0.9,-1.74,268500,NA,5.44,28,0,400,11789,-0.18,2.82,34217,1.2,10.17,10580,-0.7,-2.33,161.08,1.04,6.87
2026-08-03,Monthly,2024-08-01,2024-08-31,49,State,Minnesota,5671,-0.39,-0.16,352500,NA,1.59,33,200,700,6594,0.58,-1.23,23063,NA,7.38,5849,-1.25,-5.42,189.59,0.29,3.46
2026-08-03,Monthly,2024-08-01,2024-08-31,51,State,Mississippi,1834,0.94,-0.46,254000,NA,3.67,49,500,1000,2492,7.75,-0.21,9838,0.94,20.38,2131,-2.35,-7.73,144.53,0.52,2.96
2026-08-03,Monthly,2024-08-01,2024-08-31,2,State,Missouri,6427,-0.21,1.69,269900,NA,3.81,33,100,1200,7657,2.4,4.6,24157,1.27,23.71,7033,-4.26,-7.79,157.13,1,6.83
2026-08-03,Monthly,2024-08-01,2024-08-31,4,State,Montana,940,9.8,-0.2,499900,NA,2.08,75,-200,800,1355,1.28,-1.37,6495,0.7,20.59,1074,-8.73,-30.39,281.58,0.69,3.49
2026-08-03,Monthly,2024-08-01,2024-08-31,6,State,Nebraska,1715,-2.15,-3.16,294500,NA,2.61,25,-100,600,1855,-5.2,-1.02,5818,-2.28,10.52,1660,-3.88,-4.3,156.08,0.31,3.65
2026-08-03,Monthly,2024-08-01,2024-08-31,8,State,Nevada,3507,0.27,2.09,456955,NA,6.27,47,200,400,4356,1.01,11.65,14575,2.14,26.19,3768,-8.18,-5,266.87,0.07,4.22
2026-08-03,Monthly,2024-08-01,2024-08-31,10,State,New Hampshire,1379,0.49,3.45,507425,NA,10.31,36,200,700,1631,-0.38,5.18,4697,0.52,18.81,1519,-2.27,2.44,279.99,0.5,7.88
2026-08-03,Monthly,2024-08-01,2024-08-31,12,State,New Jersey,7218,0.18,0.76,539700,NA,7.94,35,0,200,8544,-2.19,1.62,26512,1.07,8.61,8038,-1.41,0.54,305.03,0.52,9.95
2026-08-03,Monthly,2024-08-01,2024-08-31,14,State,New Mexico,1688,1.69,-3.05,345000,NA,2.99,41,0,900,2205,6.94,3.6,7989,2.51,23.41,1927,-3.94,-8.67,201.61,0.67,4.01
2026-08-03,Monthly,2024-08-01,2024-08-31,16,State,New York,10436,-1.23,-2.12,485000,NA,5.21,34,200,100,13664,0.36,2.41,45345,-0.79,1.84,11661,-2.14,-2.41,284.44,1.21,11.55
2026-08-03,Monthly,2024-08-01,2024-08-31,18,State,North Carolina,11880,-0.65,-0.02,374000,NA,3.89,43,0,600,14797,2.45,8.14,52080,2.6,25.7,12942,-3.28,-2.21,203.89,0.69,3.14
2026-08-03,Monthly,2024-08-01,2024-08-31,20,State,North Dakota,601,-1.32,-2.85,296000,NA,10.04,42,-200,-3000,760,5.28,3.05,2621,1.33,-16.54,740,-1.34,10,157.13,3.54,12.86
2026-08-03,Monthly,2024-08-01,2024-08-31,22,State,Ohio,10496,-0.63,-1,250000,NA,4.21,40,0,900,12627,2.96,7.21,36028,2.37,23.9,13367,1.54,9.85,158.12,0.92,7.66
2026-08-03,Monthly,2024-08-01,2024-08-31,23,State,Oklahoma,3926,5.83,4.62,250000,NA,4.88,39,100,900,5009,2.59,10.85,18438,3.02,26.74,4331,-1.27,-2.34,151.8,0.86,5.4
2026-08-03,Monthly,2024-08-01,2024-08-31,24,State,Oregon,3808,-0.53,-3.24,506995,NA,1.4,36,-100,700,4714,0.89,-0.52,17261,0.95,20.53,4255,-2.28,-0.07,296.24,-0.67,0.32
2026-08-03,Monthly,2024-08-01,2024-08-31,26,State,Pennsylvania,10251,-1.64,0.28,300000,NA,7.14,32,100,300,12147,2.29,2.14,36914,1.29,10.5,11072,-2.64,-5.44,178.27,0.84,5.6
2026-08-03,Monthly,2024-08-01,2024-08-31,58,State,Puerto Rico,NA,NA,NA,NA,NA,NA,NA,NA,NA,NA,NA,NA,NA,NA,NA,NA,NA,NA,NA,NA,NA
2026-08-03,Monthly,2024-08-01,2024-08-31,28,State,Rhode Island,922,-5.46,6.96,482840,NA,7.66,29,100,600,1078,-2.89,3.04,2667,-1.66,19.27,919,-10.27,-5.94,276.71,0.65,8.82
2026-08-03,Monthly,2024-08-01,2024-08-31,30,State,South Carolina,7036,-1.48,-0.8,344660,NA,2.44,66,300,1200,8920,1.04,5.61,36803,0.44,22.77,7814,-2.29,-5.18,188.94,-1.63,0.33
2026-08-03,Monthly,2024-08-01,2024-08-31,32,State,South Dakota,727,-0.3,-1.52,325000,NA,2.52,63,200,900,957,5.85,9.37,3839,0.82,16.41,811,0.45,0.44,186.04,0.8,1.59
2026-08-03,Monthly,2024-08-01,2024-08-31,34,State,Tennessee,7662,-0.66,-2.38,371000,NA,3.06,58,100,700,10190,1.7,9.69,40164,1.44,23.87,9249,0.38,-0.49,210.12,0.62,3.46
2026-08-03,Monthly,2024-08-01,2024-08-31,36,State,Texas,26107,-1.2,-4.86,340000,NA,-0.96,57,300,1500,39691,4.52,10.9,159272,1.94,29.01,31864,2.44,-0.45,179.19,-0.24,-0.09
2026-08-03,Monthly,2024-08-01,2024-08-31,38,State,Utah,3010,-0.99,3.72,512450,NA,3.21,43,0,500,4272,0.51,10.41,15057,1.61,20.53,3863,2.86,10.22,243.42,1.01,0.82
2026-08-03,Monthly,2024-08-01,2024-08-31,40,State,Vermont,560,-18.33,3.31,400000,NA,-2.44,53,200,300,773,-0.28,10.19,2829,2.16,31.83,649,-5.98,1.47,245.42,-1.67,7.83
2026-08-03,Monthly,2024-08-01,2024-08-31,42,State,Virginia,8516,-0.32,2.36,415000,NA,3.75,28,0,500,9846,1.41,4.13,27232,1.49,16.31,9384,-1.9,-0.67,221.41,0.3,5
2026-08-03,Monthly,2024-08-01,2024-08-31,44,State,Washington,7217,-0.07,3.32,605000,NA,3.42,20,100,600,8623,3.1,7.65,24501,1.81,28.74,7746,-2.02,6.29,339.75,-0.83,4.39
2026-08-03,Monthly,2024-08-01,2024-08-31,46,State,West Virginia,1229,2.95,9.55,245000,NA,5.6,55,-700,-700,1437,2.51,15.5,5300,-1.38,18.47,1312,-3.69,15.05,142.78,0.69,6.77
2026-08-03,Monthly,2024-08-01,2024-08-31,48,State,Wisconsin,5453,-1.67,2.73,322500,NA,7.54,48,0,300,6278,4.52,2.63,20075,1.09,9.94,5784,-0.21,-1.89,183.75,-0.29,7.95
2026-08-03,Monthly,2024-08-01,2024-08-31,50,State,Wyoming,640,10.77,14.01,350000,NA,6.06,43,0,-2300,902,NA,-6.04,2844,1.47,-3.3,664,-1.68,11.93,183.66,1.53,8.52
2026-08-03,Monthly,2024-07-01,2024-07-31,1,State,Alabama,5127,3.02,1.2,289000,NA,3.25,54,0,900,6405,-2.17,4.4,26049,1.48,22.92,5730,-2.2,-4.54,156.22,0.6,2.88
2026-08-03,Monthly,2024-07-01,2024-07-31,3,State,Alaska,649,3.55,-0.73,390000,NA,1.83,28,-300,400,793,-2.02,-5.38,2484,-0.15,14.58,769,-0.92,3.89,232.69,-1.14,2.96
2026-08-03,Monthly,2024-07-01,2024-07-31,5,State,Arizona,7860,1.16,-0.21,435000,NA,1.16,55,0,1000,10391,-1.42,11.34,39617,0.64,32.96,9256,-1.28,-3.56,260.46,0.36,1.67
2026-08-03,Monthly,2024-07-01,2024-07-31,7,State,Arkansas,3140,3.64,4.39,255000,NA,2,47,200,1000,4122,5.05,15.67,15110,2.23,28.21,3434,-2.74,5.95,153.68,0.16,3.82
2026-08-03,Monthly,2024-07-01,2024-07-31,9,State,California,23052,2.3,2.81,755000,NA,5.01,33,0,600,29116,-2.36,15.11,90318,0.41,30.76,26288,0.71,1.5,472.33,-0.43,4.4
2026-08-03,Monthly,2024-07-01,2024-07-31,11,State,Colorado,7009,1.43,-3.59,550000,NA,0.92,40,-100,700,9249,-0.13,7.08,32121,1.34,32.5,8385,1.01,-2.73,273.5,0.08,1.32
2026-08-03,Monthly,2024-07-01,2024-07-31,17,State,Columbia,514,-0.25,-18.44,675000,NA,9.76,54,100,600,809,-3.46,-6.75,3357,-0.12,15.45,577,-3.26,-21.86,502.24,-0.79,-6.9
2026-08-03,Monthly,2024-07-01,2024-07-31,13,State,Connecticut,3087,1.87,0.98,420000,NA,7.72,36,0,-100,3444,2.33,2.17,9879,1.1,5.96,3572,-1.43,-2.76,231.85,0.53,10.92
2026-08-03,Monthly,2024-07-01,2024-07-31,15,State,Delaware,1166,2.59,14.07,382950,NA,1.31,40,0,800,1339,1.2,14.67,4514,1.21,22.54,1213,-5.14,-0.95,212.26,0.53,4.41
2026-08-03,Monthly,2024-07-01,2024-07-31,19,State,Florida,29746,0.69,-6.87,389000,NA,0,61,100,1600,43913,-0.55,7.22,196902,0.79,38.22,35243,-0.99,-8.63,242.04,0.04,-1.67
2026-08-03,Monthly,2024-07-01,2024-07-31,21,State,Georgia,11138,2.69,-0.37,361418,NA,1.81,46,100,1100,14611,-3.17,-9.2,54852,1.04,12.36,12620,-2.77,-9.57,182.63,0.31,1.7
2026-08-03,Monthly,2024-07-01,2024-07-31,25,State,Hawaii,985,5.36,-4.93,765000,NA,9.29,80,400,1400,1457,5.92,24.01,7015,3.87,30.09,1157,-1.41,1.13,687.98,-2.21,-0.08
2026-08-03,Monthly,2024-07-01,2024-07-31,27,State,Idaho,2288,3.45,5.94,470000,NA,2.17,48,100,900,2642,-3.25,3.23,10596,-0.71,15.95,2377,-5.72,-4.25,258.83,-2.38,-0.3
2026-08-03,Monthly,2024-07-01,2024-07-31,29,State,Illinois,11296,4.43,-0.69,307000,NA,7.72,50,0,-100,13166,0.12,1.63,42648,0.86,4.94,12862,-0.14,-5.35,177.41,-0.01,6.35
2026-08-03,Monthly,2024-07-01,2024-07-31,31,State,Indiana,6787,2.22,3.21,264900,NA,3.88,26,-100,400,7924,0.21,7.21,22409,1.77,18.86,7623,-3.53,-1.92,146.55,1.48,5.57
2026-08-03,Monthly,2024-07-01,2024-07-31,33,State,Iowa,3065,1.69,1.06,243250,NA,5.76,35,200,900,3473,-3.6,-2.46,11826,0.57,14.49,3248,-2.21,-7.4,155.19,-1.34,5.22
2026-08-03,Monthly,2024-07-01,2024-07-31,35,State,Kansas,2607,1.68,-4.31,278750,NA,8.11,29,0,600,3160,-0.6,4.22,9207,1.09,13.16,2892,-4.03,-2.02,143.9,1.09,8.39
2026-08-03,Monthly,2024-07-01,2024-07-31,37,State,Kentucky,3735,1.3,3.67,264900,NA,3.07,39,100,800,4579,1.85,9.14,14708,0.79,20.08,4152,-4.26,-2.91,159.71,-0.13,5.53
2026-08-03,Monthly,2024-07-01,2024-07-31,39,State,Louisiana,3421,4.77,-4.06,248000,NA,2.26,67,200,1000,4371,-2.03,-2.91,21330,0.74,15.09,3598,-1.45,-9.6,143.49,-0.86,0.07
2026-08-03,Monthly,2024-07-01,2024-07-31,41,State,Maine,1395,0.09,2.66,400000,NA,5.26,51,100,1000,1714,-3.87,4.48,6287,0.13,34.54,1620,1.6,1.91,263.22,3.13,10.28
2026-08-03,Monthly,2024-07-01,2024-07-31,43,State,Maryland,5869,2.53,2.72,430000,NA,4.88,31,0,700,6584,-2.67,0.04,18514,-0.99,16.66,6648,0.1,0.47,224.9,1.05,3.81
2026-08-03,Monthly,2024-07-01,2024-07-31,45,State,Massachusetts,5140,0.1,1.99,650000,NA,4.84,22,0,0,6243,-0.52,3.67,15042,0.46,19.33,5678,-0.68,4.05,363.68,0.9,5.52
2026-08-03,Monthly,2024-07-01,2024-07-31,47,State,Michigan,9851,0.66,-0.19,272000,NA,6.03,28,0,300,11810,0.79,3.52,33812,0.86,8.52,10655,0.53,-2.06,159.41,0.56,6.34
2026-08-03,Monthly,2024-07-01,2024-07-31,49,State,Minnesota,5694,1.9,1.72,355000,NA,4.38,31,-100,500,6556,0.78,0.49,22636,NA,10.61,5923,0.42,-6.49,189.05,0.14,2.29
2026-08-03,Monthly,2024-07-01,2024-07-31,51,State,Mississippi,1817,-0.64,-0.67,257540,NA,3.02,43,0,300,2312,-6.44,-1.6,9746,-0.29,20.8,2182,-4.08,-7.42,143.79,-0.8,4.16
2026-08-03,Monthly,2024-07-01,2024-07-31,2,State,Missouri,6440,0.8,1.1,270000,NA,3.85,32,-100,1000,7478,-1.68,3.03,23853,0.27,24.03,7345,-0.99,-1.72,155.57,1.46,4.96
2026-08-03,Monthly,2024-07-01,2024-07-31,4,State,Montana,856,-7.09,-9.97,489900,NA,-1.03,77,200,1400,1337,-2.45,0.68,6450,0.89,21.16,1176,-2.13,-8.15,279.65,0.77,1.01
2026-08-03,Monthly,2024-07-01,2024-07-31,6,State,Nebraska,1753,3.68,2.72,295000,NA,1.72,25,100,700,1956,0.02,-0.4,5953,0.57,10.48,1727,-1.11,-1.66,155.59,0.3,3.67
2026-08-03,Monthly,2024-07-01,2024-07-31,8,State,Nevada,3498,0.04,-2.51,460000,NA,6.48,45,-100,100,4313,-0.36,14.97,14270,0.64,20.53,4104,-0.97,-2.19,266.67,0.28,4.69
2026-08-03,Monthly,2024-07-01,2024-07-31,10,State,New Hampshire,1373,0.66,2.82,505000,NA,9.78,35,100,300,1637,1.9,7.86,4673,1.77,18.56,1555,1.38,1.91,278.6,2.49,7.44
2026-08-03,Monthly,2024-07-01,2024-07-31,12,State,New Jersey,7205,2.09,0.27,540000,NA,12.27,35,-100,300,8735,3.39,6.71,26231,0.7,10.84,8153,2.87,1.53,303.47,0.8,9.72
2026-08-03,Monthly,2024-07-01,2024-07-31,14,State,New Mexico,1660,3.51,-3.52,350000,NA,7.72,41,-100,1000,2062,-0.03,4.97,7793,1.23,22.42,2006,0.21,-3.37,200.28,1.59,3.79
2026-08-03,Monthly,2024-07-01,2024-07-31,16,State,New York,10565,1.07,0.9,483875,NA,7.53,32,-100,-100,13616,0.73,4.82,45708,0.4,4.28,11916,0.48,0.21,281.05,0.95,9.95
2026-08-03,Monthly,2024-07-01,2024-07-31,18,State,North Carolina,11957,0.86,0.94,370000,NA,1.23,42,100,300,14443,-2.89,10.94,50762,1.8,23.08,13381,-2.93,-0.44,202.5,0.28,3.2
2026-08-03,Monthly,2024-07-01,2024-07-31,20,State,North Dakota,609,1.75,5.04,303444,NA,6.47,44,-100,-2500,722,6.01,-7.46,2587,-0.19,-14.95,750,6.18,17.01,151.76,0.03,7.52
2026-08-03,Monthly,2024-07-01,2024-07-31,22,State,Ohio,10562,0.35,0.01,254650,NA,6.15,40,-100,900,12264,0.53,6.29,35192,0.28,20.28,13164,-0.74,1.43,156.68,0.32,7
2026-08-03,Monthly,2024-07-01,2024-07-31,23,State,Oklahoma,3710,-3.95,-3.78,249000,NA,0.61,38,-200,900,4883,-0.65,7.24,17897,1.36,24.75,4387,-1.35,1.08,150.5,0.46,3.5
2026-08-03,Monthly,2024-07-01,2024-07-31,24,State,Oregon,3828,-1.03,-1.21,515000,NA,3,37,0,900,4672,-3.37,2.56,17099,0.27,21.52,4354,-0.75,-1.47,298.22,0.27,1.72
2026-08-03,Monthly,2024-07-01,2024-07-31,26,State,Pennsylvania,10422,4.26,3.72,300000,NA,6.14,31,0,0,11875,-0.87,3.94,36445,0.06,9.14,11372,-1.61,-3.64,176.78,-0.35,5.41
2026-08-03,Monthly,2024-07-01,2024-07-31,58,State,Puerto Rico,NA,NA,NA,NA,NA,NA,NA,NA,NA,NA,NA,NA,NA,NA,NA,NA,NA,NA,NA,NA,NA
2026-08-03,Monthly,2024-07-01,2024-07-31,28,State,Rhode Island,975,13.44,15.44,487425,NA,10.78,27,400,600,1110,3.62,13.79,2712,2.68,24.83,1025,-2.11,10.97,274.93,2.43,9.23
2026-08-03,Monthly,2024-07-01,2024-07-31,30,State,South Carolina,7142,0.88,2.29,345000,NA,2.37,63,0,800,8828,-1.34,6.59,36643,1.31,24.55,7996,-4.86,-3.61,192.06,1.68,2.69
2026-08-03,Monthly,2024-07-01,2024-07-31,32,State,South Dakota,729,2.83,-4.6,329700,NA,3.03,61,100,600,905,1.06,1.93,3808,1.94,14.11,807,-1.53,-1.63,184.57,0.36,2.41
2026-08-03,Monthly,2024-07-01,2024-07-31,34,State,Tennessee,7713,4.01,-0.71,369945,NA,2.76,57,0,500,10020,-0.65,11.37,39593,1.69,24.25,9213,-1.16,-1.01,208.84,0.63,3.61
2026-08-03,Monthly,2024-07-01,2024-07-31,36,State,Texas,26425,0.64,-3.28,346865,NA,-0.18,54,0,1200,37973,-2.95,5,156245,0,29.01,31106,-2.9,-5.94,179.63,0.06,0.35
2026-08-03,Monthly,2024-07-01,2024-07-31,38,State,Utah,3040,-1.02,4.02,514900,NA,4.02,43,100,600,4250,-0.61,12.58,14818,1.2,21.1,3756,-1.76,4.21,241,-0.88,-0.39
2026-08-03,Monthly,2024-07-01,2024-07-31,40,State,Vermont,686,17.9,21.09,445000,NA,11.25,52,0,300,775,1.63,31.55,2769,1.83,38.64,690,-3.3,9.98,249.6,-1.66,11.99
2026-08-03,Monthly,2024-07-01,2024-07-31,42,State,Virginia,8543,1.39,2.51,427500,NA,6.89,27,0,500,9709,0.27,4.01,26832,0.53,15.98,9566,0.65,-2.94,220.76,0.01,5.13
2026-08-03,Monthly,2024-07-01,2024-07-31,44,State,Washington,7222,0.73,2.04,615000,NA,5.1,19,100,200,8364,-3.55,6.14,24067,-0.53,27.04,7906,-0.09,-0.05,342.58,1.01,6.15
2026-08-03,Monthly,2024-07-01,2024-07-31,46,State,West Virginia,1194,-0.59,11.7,239900,NA,2.09,62,-200,0,1402,-3.67,14.26,5374,-2.19,22.59,1362,0.27,19.3,141.8,0.55,6.58
2026-08-03,Monthly,2024-07-01,2024-07-31,48,State,Wisconsin,5546,1.76,5.22,325000,NA,8.33,48,0,200,6007,1.98,0.63,19859,0.71,10.46,5796,-1.37,-2.48,184.29,1.84,8.81
2026-08-03,Monthly,2024-07-01,2024-07-31,50,State,Wyoming,578,2.99,-1.38,340000,NA,4.62,43,-200,-2400,956,NA,4.48,2802,-0.03,-2.2,675,0.23,15.1,180.89,-3.04,6.53
2026-08-03,Monthly,2024-06-01,2024-06-30,1,State,Alabama,4977,-0.62,-2.24,293857,NA,2.5,54,200,900,6547,2.42,9.34,25668,1.67,22.27,5858,-0.54,1.81,155.28,0.45,2.06
2026-08-03,Monthly,2024-06-01,2024-06-30,3,State,Alaska,627,-3.19,-7.24,395000,NA,3.88,30,200,500,809,0.66,2.06,2487,1.12,16.86,776,3.72,6.84,235.37,2.78,5.96
2026-08-03,Monthly,2024-06-01,2024-06-30,5,State,Arizona,7770,-1.11,-1.79,443900,NA,2.08,56,-100,800,10541,0.94,17.01,39365,1.44,30.34,9376,0.61,-1.83,259.52,-0.11,1.23
2026-08-03,Monthly,2024-06-01,2024-06-30,7,State,Arkansas,3029,-3.07,-1.3,270000,NA,6.72,45,-100,700,3924,-0.47,10.14,14780,0.25,25.71,3531,1.07,8.64,153.43,1.11,4.28
2026-08-03,Monthly,2024-06-01,2024-06-30,9,State,California,22534,-0.62,1.39,765000,NA,5.52,33,100,500,29819,1.03,20.48,89946,1.88,28.99,26103,1.12,2.47,474.38,-0.18,6.76
2026-08-03,Monthly,2024-06-01,2024-06-30,11,State,Colorado,6910,-1.74,-3.03,564970,NA,2.72,41,100,800,9261,-1.51,10.13,31697,2.25,31.56,8301,1.84,-1.96,273.29,0.16,1.79
2026-08-03,Monthly,2024-06-01,2024-06-30,17,State,Columbia,515,-5.18,-14.17,715000,NA,16.26,53,300,300,838,-0.81,3.63,3362,2.3,17.66,597,3.35,-14.93,506.24,0.62,-0.37
2026-08-03,Monthly,2024-06-01,2024-06-30,13,State,Connecticut,3030,0.02,-3.41,430000,NA,11.69,37,-100,100,3365,0.62,-0.1,9772,-1.28,2.74,3624,4.42,0.67,230.62,1.58,11.91
2026-08-03,Monthly,2024-06-01,2024-06-30,15,State,Delaware,1136,-0.31,8.59,391000,NA,5.4,40,0,800,1323,-3.48,11.95,4460,1.36,20.85,1279,2.74,7.59,211.14,-0.94,4.74
2026-08-03,Monthly,2024-06-01,2024-06-30,19,State,Florida,29542,-2.55,-6.76,398804,NA,0.96,59,100,1400,44157,-0.11,10.65,195351,1.48,38.46,35597,1.7,-5.69,241.95,0.08,-1.33
2026-08-03,Monthly,2024-06-01,2024-06-30,21,State,Georgia,10846,-2.36,-3.54,365000,NA,1.39,45,100,800,15089,1.11,-1.86,54290,1.92,11.8,12979,2.19,-3.77,182.06,-0.06,2.01
2026-08-03,Monthly,2024-06-01,2024-06-30,25,State,Hawaii,935,-10.73,-12.28,800000,NA,12.55,76,-200,800,1376,-5.78,11.63,6754,1.55,22.44,1174,-0.07,2.72,703.53,-5.94,1.97
2026-08-03,Monthly,2024-06-01,2024-06-30,27,State,Idaho,2212,-0.63,-0.53,471139,NA,4.7,48,200,1000,2731,1.58,8.99,10671,2.05,16.84,2521,5.31,9.3,265.14,1.36,2.81
2026-08-03,Monthly,2024-06-01,2024-06-30,29,State,Illinois,10817,-3.52,-5.13,315000,NA,8.62,50,100,-100,13150,0.05,2.9,42286,0.44,3.1,12880,3.06,-1.91,177.44,0.08,6.69
2026-08-03,Monthly,2024-06-01,2024-06-30,31,State,Indiana,6639,-0.15,-0.89,270000,NA,5.88,27,0,700,7907,0.84,7.84,22019,1.07,17.02,7902,4.3,6.21,144.41,-0.72,3.92
2026-08-03,Monthly,2024-06-01,2024-06-30,33,State,Iowa,3014,-1.18,-1.17,246000,NA,4.68,33,0,700,3602,1.74,4.09,11758,1.65,15.57,3322,4.54,3.66,157.3,2.94,5.11
2026-08-03,Monthly,2024-06-01,2024-06-30,35,State,Kansas,2564,-3.45,-9.25,275000,NA,3.77,29,0,600,3179,6.46,4.12,9108,1.66,11.58,3013,3.74,2.68,142.35,-0.11,5.89
2026-08-03,Monthly,2024-06-01,2024-06-30,37,State,Kentucky,3687,-0.09,1.58,270000,NA,5.88,38,0,800,4496,0.3,6.31,14593,1.76,18.72,4337,3.49,7.33,159.92,-0.72,4.51
2026-08-03,Monthly,2024-06-01,2024-06-30,39,State,Louisiana,3265,-4.26,-7.63,249900,NA,0.84,65,-100,600,4462,-0.08,1.13,21174,0.62,15.22,3651,-0.06,-3.94,144.73,0.53,0.67
2026-08-03,Monthly,2024-06-01,2024-06-30,41,State,Maine,1393,0.98,5.49,409500,NA,6.36,51,-100,900,1783,3.4,19.88,6279,0.2,33.16,1595,-0.09,2.73,255.24,-1,7.26
2026-08-03,Monthly,2024-06-01,2024-06-30,43,State,Maryland,5724,-0.98,1.63,434995,NA,5.42,31,100,400,6764,0.84,8.71,18699,1.95,16.46,6642,1.96,1.77,222.56,-0.01,3.23
2026-08-03,Monthly,2024-06-01,2024-06-30,45,State,Massachusetts,5135,0.47,1.64,660000,NA,6.62,22,0,0,6276,0.06,7.79,14974,0.52,18.82,5717,2.24,0.23,360.43,0.33,6.56
2026-08-03,Monthly,2024-06-01,2024-06-30,47,State,Michigan,9786,-0.99,-2.58,275000,NA,6.8,28,100,400,11718,-0.38,3.08,33525,0.82,6.76,10599,-0.56,-2.5,158.53,0.5,6.76
2026-08-03,Monthly,2024-06-01,2024-06-30,49,State,Minnesota,5588,-2.94,-1.23,359990,NA,2.85,32,0,500,6506,1.7,0.15,21878,NA,6.11,5898,-0.27,-4.04,188.79,0.43,2.92
2026-08-03,Monthly,2024-06-01,2024-06-30,51,State,Mississippi,1829,-1.71,0.22,260000,NA,1.17,43,0,600,2471,2.61,5.79,9775,1.93,22,2275,2.03,2.59,144.95,1.24,4.55
2026-08-03,Monthly,2024-06-01,2024-06-30,2,State,Missouri,6389,-0.35,1.43,280000,NA,6.06,33,400,1200,7606,2.14,8.69,23789,1.49,26.58,7418,3.02,7.03,153.33,-1.25,3.36
2026-08-03,Monthly,2024-06-01,2024-06-30,4,State,Montana,922,-0.99,-1.48,499000,NA,-0.18,75,-100,900,1371,-2.76,5.87,6394,1.79,19.85,1202,0.45,-0.96,277.5,-1.5,3.13
2026-08-03,Monthly,2024-06-01,2024-06-30,6,State,Nebraska,1691,-4.98,-1.76,305000,NA,3.39,25,200,500,1956,-1.01,-0.15,5920,2.16,11.85,1747,4.11,0.79,155.13,-0.34,4.8
2026-08-03,Monthly,2024-06-01,2024-06-30,8,State,Nevada,3497,-1.2,1.35,455000,NA,6.37,47,0,0,4328,-2.58,13.13,14180,0.86,14.73,4144,0.4,-0.26,265.92,0.56,4.96
2026-08-03,Monthly,2024-06-01,2024-06-30,10,State,New Hampshire,1364,-5.31,-2.91,510000,NA,7.37,34,0,100,1606,-2.21,5.76,4592,0.12,13.05,1533,1.21,0.24,271.83,-0.69,8.19
2026-08-03,Monthly,2024-06-01,2024-06-30,12,State,New Jersey,7057,-2.43,-4.36,534000,NA,11.74,36,-200,-600,8449,0.59,4,26049,-0.42,2.71,7926,-4.01,-8.68,301.05,0.72,10.11
2026-08-03,Monthly,2024-06-01,2024-06-30,14,State,New Mexico,1604,-4.74,-8.29,340000,NA,1.8,42,100,1000,2062,-1.32,5.58,7698,1.76,21.25,2002,2.06,-2.34,197.14,-1.04,2.77
2026-08-03,Monthly,2024-06-01,2024-06-30,16,State,New York,10453,-0.4,-2.04,500000,NA,8.7,33,100,-100,13517,-1.15,7.32,45525,-2.88,2.16,11859,2.84,-0.07,278.41,1.44,9.01
2026-08-03,Monthly,2024-06-01,2024-06-30,18,State,North Carolina,11855,-0.44,-1,375000,NA,2.74,41,200,300,14873,4.94,19.37,49863,2.88,21.07,13785,4.36,7.01,201.94,-0.01,3.31
2026-08-03,Monthly,2024-06-01,2024-06-30,20,State,North Dakota,598,-6.8,-7.54,294950,NA,3.49,46,-500,-3000,681,-2.32,-5.6,2592,-3.36,-12.69,706,-3.66,1.22,151.72,-2.54,8.72
2026-08-03,Monthly,2024-06-01,2024-06-30,22,State,Ohio,10525,-1.56,-0.9,255000,NA,5.98,40,100,1000,12200,-0.66,4.63,35095,0.04,17.42,13262,0.07,2.18,156.18,0.49,7.42
2026-08-03,Monthly,2024-06-01,2024-06-30,23,State,Oklahoma,3862,-1.11,-0.5,256276,NA,3.34,40,100,1100,4915,1.3,9.55,17657,1.17,22.81,4447,0.89,1.96,149.81,-0.26,3.41
2026-08-03,Monthly,2024-06-01,2024-06-30,24,State,Oregon,3868,-0.15,1.18,522677,NA,3.5,37,200,800,4836,-0.73,3.22,17053,0.62,20.01,4387,-0.39,-32.95,297.42,0.79,1.7
2026-08-03,Monthly,2024-06-01,2024-06-30,26,State,Pennsylvania,9996,-4.12,-1.04,302400,NA,5.37,31,-100,-100,11980,0.2,10.28,36422,-0.33,7.89,11558,2.57,3.43,177.4,-0.44,6.69
2026-08-03,Monthly,2024-06-01,2024-06-30,58,State,Puerto Rico,NA,NA,NA,NA,NA,NA,NA,NA,NA,NA,NA,NA,NA,NA,NA,NA,NA,NA,NA,NA,NA
2026-08-03,Monthly,2024-06-01,2024-06-30,28,State,Rhode Island,860,-4.03,-3.89,493325,NA,12.12,23,0,-100,1071,-0.88,12.35,2642,0.23,17.45,1047,10.37,11.01,268.4,-2.16,8.85
2026-08-03,Monthly,2024-06-01,2024-06-30,30,State,South Carolina,7080,0.38,0.25,349000,NA,2.27,63,0,900,8948,0.83,11.28,36170,1.42,23.17,8405,4.7,6.34,188.89,-0.22,2.3
2026-08-03,Monthly,2024-06-01,2024-06-30,32,State,South Dakota,709,-3.75,-4.54,326200,NA,-0.24,61,-200,600,895,0.86,-0.73,3735,3.03,13.42,820,3.36,1.97,183.9,-0.8,3.25
2026-08-03,Monthly,2024-06-01,2024-06-30,34,State,Tennessee,7416,-9.84,-6.17,375000,NA,4.17,57,100,600,10086,1.52,10.4,38935,0.75,21.42,9322,0.74,1.54,207.53,0.04,2.63
2026-08-03,Monthly,2024-06-01,2024-06-30,36,State,Texas,26258,-0.81,-3.85,347500,NA,-0.71,54,200,1200,39126,2.51,10.47,156246,0.89,29.7,32033,1.81,-1.31,179.53,0.38,0.9
2026-08-03,Monthly,2024-06-01,2024-06-30,38,State,Utah,3071,-0.78,8.97,512990,NA,2.6,42,100,300,4276,1.51,14.03,14642,1.83,20.17,3823,1.5,5.27,243.13,0.58,2.17
2026-08-03,Monthly,2024-06-01,2024-06-30,40,State,Vermont,582,4.06,-1.57,393250,NA,1.48,52,-500,900,763,7.04,20.26,2720,3.22,27.22,713,9.46,8.1,253.81,1.68,14.79
2026-08-03,Monthly,2024-06-01,2024-06-30,42,State,Virginia,8426,-1.44,-0.02,431325,NA,5.2,27,0,400,9683,1.05,6.58,26690,1.07,15.77,9504,1.78,1.6,220.73,0.83,6.68
2026-08-03,Monthly,2024-06-01,2024-06-30,44,State,Washington,7169,-0.24,4.47,606900,NA,3.04,18,200,400,8672,-1.15,11.34,24195,1.01,26.86,7912,-0.64,3.12,339.14,-0.02,5.54
2026-08-03,Monthly,2024-06-01,2024-06-30,46,State,West Virginia,1201,-2.34,11.31,242000,NA,5.22,64,100,600,1455,4.45,18.68,5494,-0.05,24.42,1359,-18.13,17.11,141.02,0.36,6.7
2026-08-03,Monthly,2024-06-01,2024-06-30,48,State,Wisconsin,5450,-1.7,4.49,325000,NA,6.56,48,0,100,5890,-3.3,0.41,19718,-1.12,10.64,5877,0.92,2.77,180.97,0.05,7.42
2026-08-03,Monthly,2024-06-01,2024-06-30,50,State,Wyoming,561,-2.25,-5.89,350000,NA,-1.66,45,-500,-2200,1019,NA,5.38,2803,2.51,-0.82,674,0.68,13.55,186.56,1.76,12.92
2026-08-03,Monthly,2024-05-01,2024-05-31,1,State,Alabama,5008,-0.54,-0.93,288915,NA,1.73,51,0,500,6392,-0.94,7.51,25246,1.53,19.65,5890,-4.26,-1.01,154.59,-0.56,1.42
2026-08-03,Monthly,2024-05-01,2024-05-31,3,State,Alaska,648,7.12,0.72,390000,NA,2.63,28,400,-100,804,3.94,16.37,2460,3.76,15.93,748,-3.31,2.33,229.01,-0.74,2.52
2026-08-03,Monthly,2024-05-01,2024-05-31,5,State,Arizona,7857,1.04,-2.12,445000,NA,3.49,57,300,300,10443,2.49,15.18,38807,2.55,23.83,9320,-1.76,-5.75,259.81,0.22,1.75
2026-08-03,Monthly,2024-05-01,2024-05-31,7,State,Arkansas,3125,-0.88,3.26,259000,NA,3.6,46,200,900,3942,-0.87,6.35,14743,0.77,24.08,3494,-2.58,4.1,151.74,-0.27,4.86
2026-08-03,Monthly,2024-05-01,2024-05-31,9,State,California,22675,0.96,0.07,765000,NA,7.75,32,0,-100,29515,3.61,19.46,88287,3.5,24.35,25813,2.11,4.31,475.23,1.24,7.21
2026-08-03,Monthly,2024-05-01,2024-05-31,11,State,Colorado,7033,-0.42,-2.31,560000,NA,3.18,40,200,600,9402,4.14,14.27,31000,3.45,27.37,8151,-2.25,-2.39,272.87,0.67,1.58
2026-08-03,Monthly,2024-05-01,2024-05-31,17,State,Columbia,543,-0.74,-12.85,690000,NA,2.22,50,-400,-300,845,5.26,12.93,3286,1.97,14.43,577,-4.53,-19.59,503.11,1.17,-1.62
2026-08-03,Monthly,2024-05-01,2024-05-31,13,State,Connecticut,3030,-0.04,-3.7,395000,NA,9.72,38,100,0,3345,-0.92,0.14,9898,-1.12,1.77,3471,-2.16,-6.3,227.03,0.98,10.1
2026-08-03,Monthly,2024-05-01,2024-05-31,15,State,Delaware,1140,1.14,2.1,399945,NA,11.1,40,0,400,1371,7.24,17.19,4401,1.76,19.15,1245,-2.14,-1.51,213.15,1.62,5.3
2026-08-03,Monthly,2024-05-01,2024-05-31,19,State,Florida,30316,1.55,-5.55,395000,NA,1.28,58,100,1100,44206,1.4,10.25,192505,2.14,36.1,35004,-2.55,-8.12,241.75,-0.36,-1.58
2026-08-03,Monthly,2024-05-01,2024-05-31,21,State,Georgia,11108,-0.57,-1.9,369000,NA,3.94,43,100,300,14924,-0.24,-1.61,53267,1.18,8.42,12701,-4.14,-8.58,182.17,0.51,2.27
2026-08-03,Monthly,2024-05-01,2024-05-31,25,State,Hawaii,1047,-0.46,1.57,749500,NA,4.83,79,500,800,1460,8.23,18.84,6651,3.53,19.46,1174,-4.73,0.17,747.98,5.82,12.29
2026-08-03,Monthly,2024-05-01,2024-05-31,27,State,Idaho,2225,-2.7,7,470675,NA,4.59,46,200,100,2689,-6.35,3.63,10458,0,12.44,2394,-2.23,-0.9,261.57,-0.26,1.54
2026-08-03,Monthly,2024-05-01,2024-05-31,29,State,Illinois,11212,-1.22,-0.09,300000,NA,9.09,49,100,-100,13143,0.42,3.61,42100,-0.01,1.17,12498,-1.75,-5.22,177.29,0.99,8.15
2026-08-03,Monthly,2024-05-01,2024-05-31,31,State,Indiana,6649,-1.51,-0.54,265000,NA,3.92,27,100,600,7841,1.06,5.81,21787,0.99,14.56,7576,-2.93,-3.7,145.46,0.96,5.97
2026-08-03,Monthly,2024-05-01,2024-05-31,33,State,Iowa,3050,-2.47,1.42,238000,NA,5.78,33,-100,700,3541,-1.65,2.35,11567,-0.8,14.14,3177,-7.68,-7.73,152.81,0.28,4.34
2026-08-03,Monthly,2024-05-01,2024-05-31,35,State,Kansas,2655,-5.49,-3.98,263000,NA,1.19,29,100,500,2986,-2.1,-0.92,8959,-2.1,9.56,2905,-2.87,-0.83,142.51,0.1,7.24
2026-08-03,Monthly,2024-05-01,2024-05-31,37,State,Kentucky,3691,-0.16,1.46,265250,NA,6.1,39,200,700,4482,1.81,7.63,14340,0.66,17.09,4191,0.4,0.88,161.08,1.77,6.7
2026-08-03,Monthly,2024-05-01,2024-05-31,39,State,Louisiana,3410,-2.4,-0.83,246000,NA,0.41,66,300,1000,4465,-3.34,0.84,21044,1.08,16.06,3654,-0.55,-2.54,143.97,0.69,1.53
2026-08-03,Monthly,2024-05-01,2024-05-31,41,State,Maine,1380,-2.68,0.93,399450,NA,6.52,52,700,800,1725,4.64,12.64,6266,1.76,26.1,1596,2.65,3.72,257.82,0.5,9.24
2026-08-03,Monthly,2024-05-01,2024-05-31,43,State,Maryland,5781,0.11,0.08,428185,NA,4.66,31,-100,300,6708,5.04,9.72,18342,1.44,12,6514,-0.24,-2.28,222.59,-0.16,4.29
2026-08-03,Monthly,2024-05-01,2024-05-31,45,State,Massachusetts,5111,-0.84,1.05,632000,NA,6.22,22,0,0,6272,4.19,4.17,14897,2.11,8.75,5592,-1.1,-1.65,359.26,0.51,6.57
2026-08-03,Monthly,2024-05-01,2024-05-31,47,State,Michigan,9883,-2.34,-0.53,270000,NA,8,28,200,100,11762,-0.24,3.14,33253,0.73,4.38,10658,-0.12,-2.01,157.74,-0.1,6.89
2026-08-03,Monthly,2024-05-01,2024-05-31,49,State,Minnesota,5757,-0.49,7.12,352996,NA,3.82,32,100,400,6397,-2.62,-0.36,21356,NA,12.2,5914,-3.54,-2.37,187.99,-0.14,2.56
2026-08-03,Monthly,2024-05-01,2024-05-31,51,State,Mississippi,1860,-0.76,2.4,260000,NA,2.62,43,200,300,2409,-6.02,4.65,9589,0.79,20.1,2230,-0.94,-0.4,143.18,0.2,3.12
2026-08-03,Monthly,2024-05-01,2024-05-31,2,State,Missouri,6412,-1.05,1.59,269000,NA,5.49,29,0,600,7446,-2.47,7.87,23439,-0.08,22.62,7201,-6.31,-0.94,155.27,0.99,5.61
2026-08-03,Monthly,2024-05-01,2024-05-31,4,State,Montana,931,-3.77,-7.17,494900,NA,3.32,75,200,800,1410,3.51,12.68,6281,1.42,16.21,1196,-0.41,-9.81,281.73,0.51,5.25
2026-08-03,Monthly,2024-05-01,2024-05-31,6,State,Nebraska,1780,-1.19,5.63,296000,NA,3.68,23,0,400,1976,-2.16,2.5,5795,0.44,11.76,1678,-6.76,-0.65,155.66,-0.13,3.96
2026-08-03,Monthly,2024-05-01,2024-05-31,8,State,Nevada,3539,1.13,1.51,450000,NA,6.64,47,300,-600,4443,8.32,19.42,14058,1.71,8.7,4127,0.42,-0.12,264.45,0.97,6.14
2026-08-03,Monthly,2024-05-01,2024-05-31,10,State,New Hampshire,1440,0.32,8.38,500000,NA,11.11,34,0,300,1643,3.1,7.99,4586,2.47,11.88,1515,-1.79,-0.62,273.71,1.59,7.36
2026-08-03,Monthly,2024-05-01,2024-05-31,12,State,New Jersey,7233,-0.49,0.23,515000,NA,12.23,37,0,-600,8399,2.6,6.06,26157,0.02,0.56,8257,0.64,-3.88,298.9,0.7,10.81
2026-08-03,Monthly,2024-05-01,2024-05-31,14,State,New Mexico,1683,1.36,2.64,350000,NA,6.71,41,0,500,2090,-0.36,9.15,7565,2.03,18.91,1962,-3.42,-5.49,199.2,0.34,4.93
2026-08-03,Monthly,2024-05-01,2024-05-31,16,State,New York,10495,-0.11,-2.91,475000,NA,7.95,32,0,-500,13674,4.24,6.51,46875,-0.38,1.24,11532,-1.39,-4.23,274.46,0.26,5.91
2026-08-03,Monthly,2024-05-01,2024-05-31,18,State,North Carolina,11907,-0.12,-0.78,370000,NA,2.21,40,100,100,14172,0.17,12.74,48466,1.65,16.23,13208,-2.08,-0.86,201.97,0.64,4.02
2026-08-03,Monthly,2024-05-01,2024-05-31,20,State,North Dakota,642,-2.68,13.82,296000,NA,6.76,51,-1500,-2000,697,-9.61,-2.72,2682,-15.78,-5.73,733,-4.58,54.66,155.67,0.65,12.04
2026-08-03,Monthly,2024-05-01,2024-05-31,22,State,Ohio,10692,-1.44,2.29,250000,NA,7.3,40,0,900,12281,2.45,5.05,35080,0.64,14.47,13253,-1.41,3.96,155.42,0.64,8.21
2026-08-03,Monthly,2024-05-01,2024-05-31,23,State,Oklahoma,3906,-1.99,-1.44,250000,NA,2.04,39,400,700,4852,-3.4,7.59,17453,1.49,20.19,4407,-0.24,-0.85,150.21,-0.04,4.79
2026-08-03,Monthly,2024-05-01,2024-05-31,24,State,Oregon,3874,-0.88,4.53,518000,NA,3.6,35,-400,200,4871,-2.1,6.87,16948,1.52,20.48,4404,-0.91,3.66,295.1,-0.55,0.35
2026-08-03,Monthly,2024-05-01,2024-05-31,26,State,Pennsylvania,10426,-0.18,1.55,285000,NA,5.56,31,-100,-100,11955,2.98,9.22,36541,-1.75,4.66,11268,-3.17,-3.84,178.18,1.07,7.78
2026-08-03,Monthly,2024-05-01,2024-05-31,58,State,Puerto Rico,NA,NA,NA,NA,NA,NA,NA,NA,NA,NA,NA,NA,NA,NA,NA,NA,NA,NA,NA,NA,NA
2026-08-03,Monthly,2024-05-01,2024-05-31,28,State,Rhode Island,896,-0.97,-0.57,465000,NA,9.36,23,-100,-300,1081,2.68,8.18,2636,-1.94,8.41,949,-5.05,-3.62,274.32,1.66,13.32
2026-08-03,Monthly,2024-05-01,2024-05-31,30,State,South Carolina,7053,-0.74,-0.03,347000,NA,2.21,63,0,700,8874,0.59,9.8,35664,0.58,20.26,8028,-1.16,-1.54,189.3,-0.47,2.23
2026-08-03,Monthly,2024-05-01,2024-05-31,32,State,South Dakota,737,-3.68,5.29,334250,NA,7.7,62,-500,800,888,-5,0,3625,-0.67,14.24,793,-3.65,-2.52,185.38,1.52,2.21
2026-08-03,Monthly,2024-05-01,2024-05-31,34,State,Tennessee,8226,0.5,2.58,367500,NA,4.7,57,100,500,9935,-0.51,10.53,38644,1.31,18.78,9253,-1.92,-1.23,207.45,-0.07,3.19
2026-08-03,Monthly,2024-05-01,2024-05-31,36,State,Texas,26473,-3.36,-3.88,349000,NA,0.43,52,100,800,38168,-1.07,7.19,154871,1.38,29.06,31463,-2.29,-2.82,178.84,-0.58,0.3
2026-08-03,Monthly,2024-05-01,2024-05-31,38,State,Utah,3095,-0.85,4.55,517800,NA,4.61,41,-200,0,4213,0.63,14.16,14379,1.02,17.26,3766,-0.41,6.47,241.73,-0.61,2.77
2026-08-03,Monthly,2024-05-01,2024-05-31,40,State,Vermont,559,-0.88,-1.59,409000,NA,8.49,57,1200,2000,712,8.05,9.09,2635,2.82,21.92,652,-1.16,-5.87,249.61,3.57,7.16
2026-08-03,Monthly,2024-05-01,2024-05-31,42,State,Virginia,8549,0.68,1.05,425000,NA,4.42,27,0,300,9582,2.18,7.75,26408,1.49,12.53,9338,-2.7,-3.84,218.91,0.81,5.99
2026-08-03,Monthly,2024-05-01,2024-05-31,44,State,Washington,7186,-0.63,5.11,615975,NA,5.6,16,0,0,8772,0.29,14.55,23952,1.07,23.02,7963,-3.07,2.82,339.21,0.62,6.25
2026-08-03,Monthly,2024-05-01,2024-05-31,46,State,West Virginia,1230,10.71,20.73,245000,NA,11.41,62,600,100,1393,-1.49,14.31,5497,1.93,24.69,1659,43.03,44.42,140.51,0.27,6.81
2026-08-03,Monthly,2024-05-01,2024-05-31,48,State,Wisconsin,5544,-0.34,6.43,315500,NA,7.69,47,0,100,6091,-0.89,7.71,19942,-0.64,12.7,5823,-3.45,2.11,180.88,1.86,7.87
2026-08-03,Monthly,2024-05-01,2024-05-31,50,State,Wyoming,574,-8.05,0.74,347000,NA,6.77,50,-200,-1500,982,NA,0.82,2734,-0.96,-1.93,669,-6.35,17.98,183.35,1.76,10.12
2026-08-03,Monthly,2024-04-01,2024-04-30,1,State,Alabama,5035,0.35,-0.64,275000,NA,0.04,52,100,400,6452,2.34,11.14,24865,1.69,16.82,6152,2.1,1.07,155.47,-0.1,2.88
2026-08-03,Monthly,2024-04-01,2024-04-30,3,State,Alaska,605,-6.02,-1.82,374950,NA,4.59,25,600,-400,773,4.8,11.92,2371,2.85,6.62,774,1.55,2.29,230.71,-0.69,4.19
2026-08-03,Monthly,2024-04-01,2024-04-30,5,State,Arizona,7776,0.94,-0.64,445933,NA,6.17,54,100,-200,10189,-1.58,10.73,37844,1.93,15.86,9487,-1.21,-14,259.24,-0.48,2.03
2026-08-03,Monthly,2024-04-01,2024-04-30,7,State,Arkansas,3153,4.42,4.11,255000,NA,8.51,45,100,600,3977,2.21,12.52,14630,1.56,20.38,3586,4.12,-5.95,152.15,0.77,5.77
2026-08-03,Monthly,2024-04-01,2024-04-30,9,State,California,22460,0.94,5.46,759000,NA,8.58,33,100,-400,28488,-0.78,14.9,85304,1.32,15.11,25281,-0.71,-1.13,469.41,1.41,5.79
2026-08-03,Monthly,2024-04-01,2024-04-30,11,State,Colorado,7063,-2.34,-5.21,560000,NA,4.67,38,-200,200,9029,1.96,11.22,29966,1.51,18.78,8339,-0.89,-3.04,271.05,-0.52,2.55
2026-08-03,Monthly,2024-04-01,2024-04-30,17,State,Columbia,547,-0.18,-10.26,699900,NA,2.74,54,800,200,803,-4.1,6.04,3222,1.23,10.58,605,-4.47,-16.25,497.31,-0.81,0.13
2026-08-03,Monthly,2024-04-01,2024-04-30,13,State,Connecticut,3031,-1.57,-6.01,383764,NA,9.65,37,200,-300,3376,1.26,1.43,10010,-0.75,0.71,3548,-2.29,-6.62,224.83,0.35,9.61
2026-08-03,Monthly,2024-04-01,2024-04-30,15,State,Delaware,1127,2.34,1.9,390000,NA,7.44,40,300,500,1278,-2.05,10.47,4324,1.61,15.97,1272,4.12,1.39,209.75,-0.14,6.22
2026-08-03,Monthly,2024-04-01,2024-04-30,19,State,Florida,29852,-0.06,-7.76,399000,NA,3.64,57,200,900,43594,-0.01,8.44,188468,2.4,31.76,35918,2.09,-7.55,242.63,-0.58,-0.33
2026-08-03,Monthly,2024-04-01,2024-04-30,21,State,Georgia,11172,-0.89,-1.33,360000,NA,3.75,43,100,100,14959,2.26,6.69,52645,0.38,4.64,13250,0.61,-5.6,181.25,0.22,2.4
2026-08-03,Monthly,2024-04-01,2024-04-30,25,State,Hawaii,1052,6.69,1.1,783500,NA,12.73,74,-100,100,1349,-3.88,7.92,6424,2.17,15.14,1233,-0.55,5.14,706.88,-0.96,1.17
2026-08-03,Monthly,2024-04-01,2024-04-30,27,State,Idaho,2287,2.28,-28.5,464990,NA,15.96,43,-200,-800,2871,5.56,23.6,10457,1.62,10.35,2449,-3.66,-1.97,262.25,0.82,4.28
2026-08-03,Monthly,2024-04-01,2024-04-30,29,State,Illinois,11350,-1.19,-1.33,291000,NA,7.78,49,400,-100,13088,0.42,4.57,42103,0.32,-1.44,12720,-2.26,-3.44,175.56,0.52,8.8
2026-08-03,Monthly,2024-04-01,2024-04-30,31,State,Indiana,6751,0.08,-0.07,250000,NA,3.09,26,0,200,7759,0.33,4.83,21574,0.37,12.99,7805,-1.51,-2.48,144.07,-0.08,5.62
2026-08-03,Monthly,2024-04-01,2024-04-30,33,State,Iowa,3127,1.29,2.92,230000,NA,6.98,34,100,600,3600,-2.17,8.44,11661,0.23,15.16,3442,0.82,-2.43,152.38,-1.87,3.21
2026-08-03,Monthly,2024-04-01,2024-04-30,35,State,Kansas,2810,1.19,4.19,248500,NA,3.58,28,100,600,3050,-6.75,0.32,9151,-2.04,7.97,2991,0.18,-3.89,142.37,-0.57,6.8
2026-08-03,Monthly,2024-04-01,2024-04-30,37,State,Kentucky,3697,-1.77,0.81,255000,NA,4.94,37,200,400,4402,-3.3,6.56,14247,-1.29,13.78,4174,-2.5,-5.75,158.28,0.47,5.48
2026-08-03,Monthly,2024-04-01,2024-04-30,39,State,Louisiana,3494,-1.86,-2.68,245000,NA,2.3,63,100,1000,4619,5.05,7.61,20819,1.9,16.01,3674,-3.37,-4.62,142.98,0.18,0.54
2026-08-03,Monthly,2024-04-01,2024-04-30,41,State,Maine,1418,-4.95,-0.59,385000,NA,2.12,45,400,600,1648,-3.89,11.06,6157,-2.35,16.27,1555,-6.48,-5.34,256.55,2.47,11.6
2026-08-03,Monthly,2024-04-01,2024-04-30,43,State,Maryland,5775,-2.2,-0.89,412000,NA,4.98,31,400,0,6386,-0.21,7.16,18080,-1,7.38,6530,-1.46,-1.79,222.94,0.08,4.96
2026-08-03,Monthly,2024-04-01,2024-04-30,45,State,Massachusetts,5154,-1.12,-0.56,613500,NA,7.76,22,0,-100,6020,-2.56,1.92,14589,-6.73,0.66,5654,-4.76,-0.49,357.46,1.63,8.25
2026-08-03,Monthly,2024-04-01,2024-04-30,47,State,Michigan,10120,2.12,1.65,255000,NA,7.52,26,100,-200,11790,0.24,3.13,33011,1.03,1.93,10671,-1.76,-2.47,157.89,0.71,8.48
2026-08-03,Monthly,2024-04-01,2024-04-30,49,State,Minnesota,5786,-0.04,5.81,351000,NA,4.15,31,100,100,6569,-1.31,10.3,19326,NA,22.13,6131,-2.97,6.26,188.25,0.25,3.3
2026-08-03,Monthly,2024-04-01,2024-04-30,51,State,Mississippi,1875,1.05,1.82,237000,NA,-3.27,41,-100,-100,2563,0.99,19.56,9515,1.42,18.22,2251,-3.82,-3,142.9,1.36,4.51
2026-08-03,Monthly,2024-04-01,2024-04-30,2,State,Missouri,6480,-0.58,1.16,260000,NA,6.12,29,100,400,7635,-1.91,13.36,23459,0.43,19.76,7686,1.82,3.69,153.74,0.31,5.72
2026-08-03,Monthly,2024-04-01,2024-04-30,4,State,Montana,968,-4.15,3.04,495000,NA,5.54,74,300,1100,1362,8.25,20.85,6193,0.69,12.93,1201,-5.11,-9.35,280.3,0.23,5.88
2026-08-03,Monthly,2024-04-01,2024-04-30,6,State,Nebraska,1801,2.51,8.17,285000,NA,3.64,23,100,200,2020,-4.17,13.32,5770,0.6,11.84,1799,2.74,6.07,155.87,-0.01,5.23
2026-08-03,Monthly,2024-04-01,2024-04-30,8,State,Nevada,3500,3.75,3.77,447000,NA,9.02,44,100,-1400,4102,-3.18,12.19,13823,-1.48,-0.32,4110,-2.83,-0.52,261.92,-0.17,5.73
2026-08-03,Monthly,2024-04-01,2024-04-30,10,State,New Hampshire,1436,-1.39,4.1,470000,NA,9.49,34,100,0,1593,-0.25,5.69,4476,-0.81,7.57,1543,-1.3,-0.31,269.42,-1.56,8.55
2026-08-03,Monthly,2024-04-01,2024-04-30,12,State,New Jersey,7269,0.62,-4.5,492000,NA,14.42,38,100,-700,8186,-2.76,6.74,26151,-0.81,-2.97,8204,-1.88,-5.45,296.81,1.32,10.66
2026-08-03,Monthly,2024-04-01,2024-04-30,14,State,New Mexico,1661,1.28,0.29,339060,NA,5.96,40,200,600,2098,5.64,21.31,7415,2.85,17.09,2031,2.17,-1.84,198.53,-0.05,5.78
2026-08-03,Monthly,2024-04-01,2024-04-30,16,State,New York,10507,0.76,-3.07,460000,NA,8.24,32,0,-800,13118,-3,2.25,47053,-3.7,-2.46,11694,-2.83,-2.58,273.75,0.26,9.7
2026-08-03,Monthly,2024-04-01,2024-04-30,18,State,North Carolina,11921,-1.01,-2.89,367500,NA,4.11,39,200,-100,14148,-1.06,12.09,47678,1.43,13.58,13489,-1.98,-1.85,200.68,0.12,4.08
2026-08-03,Monthly,2024-04-01,2024-04-30,20,State,North Dakota,660,1.29,12.38,285000,NA,5.95,66,100,-900,771,2.57,27.18,3184,-0.32,15.98,768,4.02,66.75,154.67,0.5,11.37
2026-08-03,Monthly,2024-04-01,2024-04-30,22,State,Ohio,10848,-1.81,1.27,230000,NA,4.55,40,700,700,11986,-1.11,4.31,34856,-0.41,9.23,13443,-0.48,2.23,154.44,0.6,8.46
2026-08-03,Monthly,2024-04-01,2024-04-30,23,State,Oklahoma,3985,-0.08,4.02,242500,NA,4.53,35,100,300,5022,2.4,11.5,17197,1.51,15.66,4418,-2.66,-3.52,150.26,0.6,4.84
2026-08-03,Monthly,2024-04-01,2024-04-30,24,State,Oregon,3908,2.23,4.53,504998,NA,3.06,39,100,300,4976,3.34,16.16,16695,1.22,16.22,4444,-2.39,2.53,296.73,0.6,2.6
2026-08-03,Monthly,2024-04-01,2024-04-30,26,State,Pennsylvania,10444,-3.1,-1.29,274450,NA,6.79,32,100,-100,11609,-4.72,4.47,37193,-1.5,2.05,11638,0.24,-1.36,176.28,1.25,7.41
2026-08-03,Monthly,2024-04-01,2024-04-30,58,State,Puerto Rico,NA,NA,NA,NA,NA,NA,NA,NA,NA,NA,NA,NA,NA,NA,NA,NA,NA,NA,NA,NA,NA
2026-08-03,Monthly,2024-04-01,2024-04-30,28,State,Rhode Island,904,-3.47,-3.69,450000,NA,8.7,24,200,-500,1053,3.43,8.32,2688,-2.17,4.46,999,0.79,2.62,269.84,2.04,12.32
2026-08-03,Monthly,2024-04-01,2024-04-30,30,State,South Carolina,7106,0.18,0.41,345000,NA,4.86,63,500,400,8822,0.74,10.21,35459,1.29,17.85,8122,-1.3,-4.21,190.2,2.2,3.76
2026-08-03,Monthly,2024-04-01,2024-04-30,32,State,South Dakota,765,0.87,24.4,311000,NA,-1.97,67,0,1300,934,6.23,6.44,3650,1.06,20.27,823,-3.42,-0.02,182.61,-0.31,0.87
2026-08-03,Monthly,2024-04-01,2024-04-30,34,State,Tennessee,8184,0.35,3.06,360000,NA,5.88,55,-100,200,9986,-0.37,12.42,38146,-0.17,14.84,9435,-0.68,-0.38,207.59,0.03,3.99
2026-08-03,Monthly,2024-04-01,2024-04-30,36,State,Texas,27394,0.02,-0.62,344570,NA,1.37,51,200,500,38581,0.49,10.78,152770,2.03,26.45,32201,0.43,-2.6,179.88,-0.1,1.13
2026-08-03,Monthly,2024-04-01,2024-04-30,38,State,Utah,3122,-3.33,3.31,510000,NA,5.97,43,200,-200,4186,0.6,15.49,14234,0.32,12.43,3782,-0.84,4.64,243.21,-0.32,4.29
2026-08-03,Monthly,2024-04-01,2024-04-30,40,State,Vermont,564,-6.46,-12.45,424750,NA,14.8,46,0,-300,659,-8.84,4.12,2562,-4.15,20.52,659,-4.75,-3.25,240.99,-1,5.42
2026-08-03,Monthly,2024-04-01,2024-04-30,42,State,Virginia,8491,-0.34,-0.29,417000,NA,6.92,27,200,0,9378,-2.19,5.52,26020,-1.13,8.4,9598,-0.84,0.23,217.15,0.74,6.2
2026-08-03,Monthly,2024-04-01,2024-04-30,44,State,Washington,7232,2.31,4.54,610000,NA,7.02,16,0,-400,8747,2.38,19.08,23699,0.71,15.31,8216,1.93,4.17,337.1,0.52,6.19
2026-08-03,Monthly,2024-04-01,2024-04-30,46,State,West Virginia,1111,-1.19,-0.55,245000,NA,8.89,56,100,-400,1415,-3.14,16.02,5394,1.66,21.6,1160,0.98,0.28,140.13,0.29,7.2
2026-08-03,Monthly,2024-04-01,2024-04-30,48,State,Wisconsin,5563,-0.01,7.19,305000,NA,8.06,47,0,0,6146,-1.33,12.46,20070,0.49,13.99,6032,-2.72,4.9,177.58,-0.05,6.97
2026-08-03,Monthly,2024-04-01,2024-04-30,50,State,Wyoming,624,-3.03,19.25,330000,NA,6.31,52,300,-1200,930,NA,28.45,2761,0.11,5.04,714,-4.3,38.36,180.17,3.6,9.71
2026-08-03,Monthly,2024-03-01,2024-03-31,1,State,Alabama,5018,-1.81,-2.1,280000,NA,1.87,50,0,400,6305,-2.68,9.36,24451,0.77,13.87,6026,-1.73,1.01,155.63,0.09,4.3
2026-08-03,Monthly,2024-03-01,2024-03-31,3,State,Alaska,643,3.86,0.68,371200,NA,6.15,19,-400,-1100,738,-0.21,-1.46,2305,-0.72,-0.51,762,4.4,6.57,232.32,0.86,6.89
2026-08-03,Monthly,2024-03-01,2024-03-31,5,State,Arizona,7704,-1.84,-3.04,439000,NA,7.07,53,100,-600,10353,3.79,14,37129,1.79,9.49,9603,-1.31,-1.72,260.5,-0.05,3.82
2026-08-03,Monthly,2024-03-01,2024-03-31,7,State,Arkansas,3020,-1.41,-2.39,250000,NA,2.04,44,-100,200,3891,0.79,10.68,14405,0.68,15.6,3444,-2.89,3.25,151,0.29,7.62
2026-08-03,Monthly,2024-03-01,2024-03-31,9,State,California,22252,-0.68,0.64,730000,NA,6.57,31,100,-900,28711,4.14,19.83,84192,0.91,8.96,25461,0.18,5.62,462.87,0.3,4.27
2026-08-03,Monthly,2024-03-01,2024-03-31,11,State,Colorado,7232,-3.76,-4.26,550000,NA,4.27,40,100,200,8855,-1.6,7.31,29521,-0.52,13.2,8413,-0.58,-1.05,272.47,-0.39,3.61
2026-08-03,Monthly,2024-03-01,2024-03-31,17,State,Columbia,548,-2.22,-8.42,643000,NA,0.47,46,0,-200,837,-0.99,0.43,3183,0.53,7.96,633,-3.26,-6.93,501.38,1.09,-1.82
2026-08-03,Monthly,2024-03-01,2024-03-31,13,State,Connecticut,3079,2.6,-7.24,370000,NA,12.46,34,-100,-500,3334,0.22,-1.53,10086,-2.07,-3,3631,0.3,0,224.03,2.01,10.94
2026-08-03,Monthly,2024-03-01,2024-03-31,15,State,Delaware,1101,-3.99,-7.62,377000,NA,7.72,37,100,600,1305,-2.27,13.88,4256,0.59,13.35,1221,2.88,0.61,210.05,1.92,7.14
2026-08-03,Monthly,2024-03-01,2024-03-31,19,State,Florida,29870,-0.92,-6.92,391000,NA,2.49,55,100,700,43598,0.45,9.45,184052,2.71,27.71,35183,-2.23,-8.04,244.04,-0.02,0.21
2026-08-03,Monthly,2024-03-01,2024-03-31,21,State,Georgia,11272,0.89,-1.1,355000,NA,4.72,41,100,-200,14629,-3.37,1.79,52446,0.83,1.22,13170,-2.63,-5.5,180.85,-0.26,3.15
2026-08-03,Monthly,2024-03-01,2024-03-31,25,State,Hawaii,986,-6.71,-5.77,795000,NA,7.43,74,100,100,1403,10.29,24.16,6287,2.72,12.78,1240,0.32,14.12,713.71,2.74,4.09
2026-08-03,Monthly,2024-03-01,2024-03-31,27,State,Idaho,2236,-0.65,-1.05,454499,NA,5.7,46,300,-1500,2720,5.35,16.22,10290,0.05,4.08,2542,8.7,6.18,260.12,0.03,2.55
2026-08-03,Monthly,2024-03-01,2024-03-31,29,State,Illinois,11487,1.69,-3.53,280000,NA,9.8,45,-100,-400,13034,0.74,1.79,41967,0.8,-5.22,13015,3.05,-0.16,174.65,1.22,8.87
2026-08-03,Monthly,2024-03-01,2024-03-31,31,State,Indiana,6746,-0.48,-2.75,249900,NA,6.95,26,-100,100,7733,-0.3,4.02,21495,-2.07,8.23,7925,-1.94,-0.18,144.18,1.13,7.22
2026-08-03,Monthly,2024-03-01,2024-03-31,33,State,Iowa,3087,3.19,-1.06,220000,NA,4.14,33,-100,-300,3680,-0.73,10.88,11634,1.53,12.29,3414,1,2.06,155.28,2.26,6.31
2026-08-03,Monthly,2024-03-01,2024-03-31,35,State,Kansas,2776,1,1.6,248250,NA,7.93,27,0,300,3271,5.93,12.77,9342,1.68,9.89,2985,-2.43,-0.1,143.19,0.77,10.36
2026-08-03,Monthly,2024-03-01,2024-03-31,37,State,Kentucky,3763,2.39,-0.49,252900,NA,8.77,35,-100,300,4552,-3.63,12.12,14433,-0.62,11.97,4281,-1.86,3.93,157.54,-0.82,4.98
2026-08-03,Monthly,2024-03-01,2024-03-31,39,State,Louisiana,3561,5.7,1.36,240000,NA,0.42,62,-100,1200,4397,1.74,-0.38,20431,0.66,13.24,3802,3.06,-0.82,142.72,-0.26,1.15
2026-08-03,Monthly,2024-03-01,2024-03-31,41,State,Maine,1491,2.38,8.28,384500,NA,13.25,41,-400,400,1715,-7.15,9.41,6306,-0.05,16.02,1663,-4.96,3.46,250.37,-1.7,7.51
2026-08-03,Monthly,2024-03-01,2024-03-31,43,State,Maryland,5905,3.58,-1.67,400000,NA,6.67,28,100,-300,6400,-5.94,3.97,18263,-0.37,3.79,6627,-0.02,-0.69,222.75,1,5.27
2026-08-03,Monthly,2024-03-01,2024-03-31,45,State,Massachusetts,5213,3.15,-1.08,600000,NA,9.09,22,0,-100,6178,2.45,2.97,15641,-4.22,2.24,5936,1.34,6.07,351.71,0.89,4.18
2026-08-03,Monthly,2024-03-01,2024-03-31,47,State,Michigan,9909,0.13,-4.09,245000,NA,6.57,24,0,-500,11762,0,2.66,32673,1.71,-0.31,10863,1.44,-0.3,156.79,1.53,8.45
2026-08-03,Monthly,2024-03-01,2024-03-31,49,State,Minnesota,5788,-0.15,3.84,335000,NA,4.69,30,100,0,6656,-3.15,13.19,17359,NA,19,6318,-0.52,12.74,187.79,-0.01,3.94
2026-08-03,Monthly,2024-03-01,2024-03-31,51,State,Mississippi,1855,-0.18,0.72,250000,NA,3.84,42,300,0,2538,0.09,9.47,9382,-0.14,13.37,2340,2.53,1.8,140.97,-1.11,4.32
2026-08-03,Monthly,2024-03-01,2024-03-31,2,State,Missouri,6518,1.7,1.68,249400,NA,4.35,28,0,200,7783,0.85,12.56,23359,1.08,14.28,7549,-1.75,1.49,153.27,0.22,5.15
2026-08-03,Monthly,2024-03-01,2024-03-31,4,State,Montana,1009,0.95,6.68,497900,NA,10.64,71,-200,700,1258,-2,15.33,6151,0.1,9.94,1266,3.67,6.48,279.66,-0.49,5.74
2026-08-03,Monthly,2024-03-01,2024-03-31,6,State,Nebraska,1757,4.01,-0.02,285000,NA,5.17,22,0,-300,2107,0.49,15.11,5735,0.51,7.26,1751,-1.09,7.37,155.88,2.08,6.42
2026-08-03,Monthly,2024-03-01,2024-03-31,8,State,Nevada,3373,-3.77,-1.48,441250,NA,7.62,43,400,-2300,4237,0.64,24.9,14030,-0.09,-3.98,4229,3.63,8.51,262.36,0.56,7.47
2026-08-03,Monthly,2024-03-01,2024-03-31,10,State,New Hampshire,1456,-0.25,8.04,474933,NA,13.08,32,-100,0,1597,-1.02,5.78,4512,-2.87,4.72,1563,-1.09,3.12,273.68,2.12,11.22
2026-08-03,Monthly,2024-03-01,2024-03-31,12,State,New Jersey,7224,2.15,-6.73,475000,NA,11.76,37,0,-800,8419,-3.61,4.86,26364,-0.22,-7.18,8361,-0.34,-4.13,292.95,0.08,8.86
2026-08-03,Monthly,2024-03-01,2024-03-31,14,State,New Mexico,1640,-2.25,-2.26,329900,NA,4.76,38,-300,0,1986,1.43,7.86,7209,0.81,9.76,1988,3.02,-5.08,198.62,1.02,6.53
2026-08-03,Monthly,2024-03-01,2024-03-31,16,State,New York,10427,1.72,-3.8,425000,NA,4,33,-200,-1000,13523,-0.35,5.08,48861,-1.73,-3.68,12035,1.09,-0.66,273.03,2.22,8.77
2026-08-03,Monthly,2024-03-01,2024-03-31,18,State,North Carolina,12043,1.22,-2.73,360000,NA,2.89,37,-100,-400,14300,-4.7,10.12,47005,1.16,10.15,13761,-0.26,1.77,200.44,-0.31,3.65
2026-08-03,Monthly,2024-03-01,2024-03-31,20,State,North Dakota,651,6.44,5.39,284950,NA,11.75,65,0,-600,752,-2.36,30.91,3194,-0.15,15.28,738,2.88,45.61,153.9,2.66,13.29
2026-08-03,Monthly,2024-03-01,2024-03-31,22,State,Ohio,11048,0.07,-1.12,225000,NA,7.72,32,0,-100,12121,-2.79,3.46,35000,-0.67,5.1,13508,-2.48,1.96,153.52,0.89,8.17
2026-08-03,Monthly,2024-03-01,2024-03-31,23,State,Oklahoma,3988,4.07,3.43,240000,NA,2.17,34,-100,800,4905,-2.2,7.63,16941,0.23,12.85,4539,-0.28,3.97,149.37,0.8,3.77
2026-08-03,Monthly,2024-03-01,2024-03-31,24,State,Oregon,3823,-1.73,-0.46,490000,NA,2.08,38,100,300,4815,4.31,12.66,16493,0.5,10.61,4553,5.84,7.55,294.94,-0.34,1.52
2026-08-03,Monthly,2024-03-01,2024-03-31,26,State,Pennsylvania,10778,3.39,-0.86,265000,NA,6,32,0,-100,12184,-1.07,6.35,37759,0.38,0.29,11609,-2.58,1.51,174.11,0.37,6.13
2026-08-03,Monthly,2024-03-01,2024-03-31,58,State,Puerto Rico,NA,NA,NA,NA,NA,NA,NA,NA,NA,NA,NA,NA,NA,NA,NA,NA,NA,NA,NA,NA,NA
2026-08-03,Monthly,2024-03-01,2024-03-31,28,State,Rhode Island,937,4.36,0.85,445000,NA,11.25,22,-500,-900,1018,-3.03,4.25,2747,-1.76,0.53,991,-1.98,1.93,264.44,1.17,10.31
2026-08-03,Monthly,2024-03-01,2024-03-31,30,State,South Carolina,7093,-0.65,-0.33,339900,NA,5.23,59,100,-100,8757,-0.91,7.68,35008,0.66,13.84,8228,0.02,1.51,186.1,-1.25,2.11
2026-08-03,Monthly,2024-03-01,2024-03-31,32,State,South Dakota,758,1.03,18.05,314850,NA,6.73,66,300,1100,879,-3.42,12.31,3612,0,24.12,852,6.28,12.71,183.17,-0.69,2.32
2026-08-03,Monthly,2024-03-01,2024-03-31,34,State,Tennessee,8156,2.47,-1.65,356250,NA,4.61,56,0,400,10023,-3.06,11.52,38211,0.7,12.35,9499,1.51,1.64,207.53,0.65,4.74
2026-08-03,Monthly,2024-03-01,2024-03-31,36,State,Texas,27388,0.11,-0.7,339900,NA,1.48,49,0,300,38391,1.03,9.09,149734,2.1,20.98,32062,-0.3,-5.64,180.06,-0.18,1.02
2026-08-03,Monthly,2024-03-01,2024-03-31,38,State,Utah,3229,-1.63,1.88,499900,NA,2.76,41,200,-600,4161,3.2,17.51,14189,-1.67,7.36,3814,0.02,7.93,243.99,0.37,3.71
2026-08-03,Monthly,2024-03-01,2024-03-31,40,State,Vermont,603,1.01,4.48,370750,NA,7.46,45,300,600,723,-4.9,20.45,2673,2.89,19.73,692,-2.57,5.55,243.43,0.89,10.43
2026-08-03,Monthly,2024-03-01,2024-03-31,42,State,Virginia,8520,1.02,-1.09,399900,NA,8.08,26,-100,-200,9588,-3.53,6.78,26317,-2.37,5.91,9678,0.67,1.78,215.56,0.2,4.93
2026-08-03,Monthly,2024-03-01,2024-03-31,44,State,Washington,7068,0.72,-1.46,598000,NA,6.79,16,-200,-1000,8544,1.21,9.36,23533,0.78,8.26,8060,3.07,3.73,335.34,0.05,4.72
2026-08-03,Monthly,2024-03-01,2024-03-31,46,State,West Virginia,1124,-2.19,-1.92,235000,NA,17.5,56,-300,-100,1460,-0.08,27.83,5306,4.8,18.21,1149,-0.9,-2.26,139.72,0.57,7.65
2026-08-03,Monthly,2024-03-01,2024-03-31,48,State,Wisconsin,5563,1.15,6.62,298900,NA,8.71,47,100,0,6229,1.11,13.83,19972,1.3,11.98,6200,2.64,14.11,177.67,0.06,8.09
2026-08-03,Monthly,2024-03-01,2024-03-31,50,State,Wyoming,644,10.24,16.73,334500,NA,4.53,48,-500,-900,673,NA,10.69,2758,-1.72,6.51,746,2.65,41.46,173.9,-1.85,5.4
2026-08-03,Monthly,2024-02-01,2024-02-29,1,State,Alabama,5110,1.95,-3.49,274900,NA,4.92,50,100,400,6479,6.78,15.61,24263,1.5,12.88,6132,0.38,3.15,155.48,0.63,5.03
2026-08-03,Monthly,2024-02-01,2024-02-29,3,State,Alaska,619,1.54,0.09,360000,NA,2.13,23,200,-300,739,0.37,0.22,2322,-2.79,2.86,730,-1.18,-1.12,230.33,-1.33,5.68
2026-08-03,Monthly,2024-02-01,2024-02-29,5,State,Arizona,7848,1.9,-1.95,434423,NA,7.26,52,200,-1200,9975,-0.74,5.45,36476,1.58,2.4,9731,-1.5,-4.77,260.62,-0.76,3.54
2026-08-03,Monthly,2024-02-01,2024-02-29,7,State,Arkansas,3063,1.92,-3.78,239250,NA,2.9,45,100,600,3860,7.98,7.25,14308,1.44,12.06,3547,1.87,4.06,150.56,0.46,7.36
2026-08-03,Monthly,2024-02-01,2024-02-29,9,State,California,22405,0.78,1.82,715000,NA,9.49,30,-200,-1300,27569,0.04,5.27,83435,-2.24,-0.79,25415,-4.07,-4.01,461.5,-0.04,5.58
2026-08-03,Monthly,2024-02-01,2024-02-29,11,State,Colorado,7515,8.4,-0.52,534950,NA,3.67,39,300,-100,9000,1.45,10.56,29674,0.44,9.47,8463,-3.62,-4.62,273.53,0.39,4.69
2026-08-03,Monthly,2024-02-01,2024-02-29,17,State,Columbia,561,9,-11.44,589000,NA,-4.15,46,-200,-1100,845,-3.28,8.99,3167,3.15,7.35,654,6.6,-12.39,495.98,-0.59,-0.18
2026-08-03,Monthly,2024-02-01,2024-02-29,13,State,Connecticut,3001,-1.77,-10.53,355000,NA,14.15,35,-100,-500,3326,-4.27,-11.61,10300,1.63,-5.05,3620,4.3,-8.29,219.62,0.03,8.19
2026-08-03,Monthly,2024-02-01,2024-02-29,15,State,Delaware,1147,7.68,-10.95,371096,NA,6.03,35,100,200,1335,1.19,2.53,4231,1.62,9.45,1187,-6.95,-12.09,206.09,0.45,4.23
2026-08-03,Monthly,2024-02-01,2024-02-29,19,State,Florida,30146,4.75,-5.46,385000,NA,4.05,54,200,700,43401,0.91,9.52,179204,3.1,23.05,35984,0.09,-7.61,244.08,-1.28,0.26
2026-08-03,Monthly,2024-02-01,2024-02-29,21,State,Georgia,11173,-0.08,-4.66,349990,NA,6.06,40,0,-200,15140,0.65,5.74,52014,1.02,-2.73,13526,-0.61,-4.03,181.32,0.47,3.74
2026-08-03,Monthly,2024-02-01,2024-02-29,25,State,Hawaii,1057,7.23,1.18,735000,NA,8.09,73,0,500,1272,-1.53,11.33,6121,1.29,8.14,1236,-3.67,14.63,694.7,0.17,0.33
2026-08-03,Monthly,2024-02-01,2024-02-29,27,State,Idaho,2251,3.31,-6.66,444000,NA,3.28,43,200,-1600,2582,6.53,5.48,10285,-0.45,-2.6,2338,0.74,-14.04,260.05,0.74,2.76
2026-08-03,Monthly,2024-02-01,2024-02-29,29,State,Illinois,11296,0.12,-5.42,267500,NA,11.6,46,0,-400,12939,2.23,-0.35,41632,-0.32,-9.44,12630,1.55,-9.9,172.54,1.14,8.2
2026-08-03,Monthly,2024-02-01,2024-02-29,31,State,Indiana,6778,1.2,-2.69,239900,NA,4.35,27,0,0,7757,1.1,0.92,21949,1.17,7.48,8081,0.86,-2.29,142.57,0.1,5.14
2026-08-03,Monthly,2024-02-01,2024-02-29,33,State,Iowa,2992,-3.52,-4.06,215000,NA,9.69,34,100,-200,3707,22.06,13.03,11459,2.62,8.8,3380,4.44,-4.2,151.84,-1.54,6.2
2026-08-03,Monthly,2024-02-01,2024-02-29,35,State,Kansas,2749,3.01,-3.54,250000,NA,11.11,27,100,200,3088,3.9,-0.64,9188,1.34,3.66,3060,0.99,-0.97,142.09,0.29,8.82
2026-08-03,Monthly,2024-02-01,2024-02-29,37,State,Kentucky,3675,1.7,-3.66,249900,NA,8.68,36,200,500,4724,7.18,4.81,14523,2.32,7.09,4362,0.86,-4.62,158.85,1.06,7.25
2026-08-03,Monthly,2024-02-01,2024-02-29,39,State,Louisiana,3368,1.8,-4.73,235000,NA,0,63,-100,1300,4322,2.02,4.04,20296,1.33,13.61,3689,1.38,-7.24,143.09,-0.72,2.46
2026-08-03,Monthly,2024-02-01,2024-02-29,41,State,Maine,1457,5.42,-3.25,354500,NA,7.42,45,100,900,1847,0.58,21.27,6309,3.22,14.19,1749,2.96,3.37,254.7,2.56,10.21
2026-08-03,Monthly,2024-02-01,2024-02-29,43,State,Maryland,5701,3.18,-7.38,399000,NA,7.26,27,-100,-300,6804,1.42,6.11,18330,2.21,2.05,6628,-0.51,-3.3,220.54,0.13,4.98
2026-08-03,Monthly,2024-02-01,2024-02-29,45,State,Massachusetts,5053,2.04,-6.29,550000,NA,8.8,21,0,-200,6030,-2.5,0.04,16331,2.25,1.04,5858,-1.11,-6.25,348.62,-1.75,5.11
2026-08-03,Monthly,2024-02-01,2024-02-29,47,State,Michigan,9896,-0.66,-5.62,235000,NA,8.29,25,0,-400,11762,12.75,1.22,32122,1.65,-4.13,10709,-0.6,-6.35,154.43,0.66,5.36
2026-08-03,Monthly,2024-02-01,2024-02-29,49,State,Minnesota,5797,0.93,1.58,330000,NA,4.76,29,0,-100,6872,-1.62,17.84,15643,NA,21.63,6351,-0.18,7.39,187.82,0.39,3.98
2026-08-03,Monthly,2024-02-01,2024-02-29,51,State,Mississippi,1859,-0.64,1.23,249500,NA,3.53,39,-500,0,2535,6.26,18.52,9395,1.04,16.18,2283,-1.22,-82.32,142.55,0.38,6.09
2026-08-03,Monthly,2024-02-01,2024-02-29,2,State,Missouri,6409,-0.54,-4.08,239000,NA,5.52,28,0,100,7718,4.87,6.17,23109,3.18,8.74,7683,3.8,-0.89,152.92,0.63,6.86
2026-08-03,Monthly,2024-02-01,2024-02-29,4,State,Montana,1000,2.83,-3.65,475000,NA,1.09,73,400,700,1284,6.47,15.29,6145,1.68,6.48,1221,1.87,-6.1,281.04,1.61,10.76
2026-08-03,Monthly,2024-02-01,2024-02-29,6,State,Nebraska,1689,-5.42,-1.17,275000,NA,5.77,22,-100,-100,2097,26.88,15.7,5706,4.48,4.2,1771,6.04,9.66,152.71,0.96,2.8
2026-08-03,Monthly,2024-02-01,2024-02-29,8,State,Nevada,3505,4.68,4.97,440000,NA,9.05,39,-300,-3000,4210,0.58,20.94,14043,0.84,-11.58,4081,-2.48,-1.32,260.89,-0.46,5.31
2026-08-03,Monthly,2024-02-01,2024-02-29,10,State,New Hampshire,1460,-0.46,4.91,450000,NA,12.52,33,200,0,1614,0.2,3.68,4645,2.16,3.9,1580,0.56,-0.57,268.01,1.28,8.9
2026-08-03,Monthly,2024-02-01,2024-02-29,12,State,New Jersey,7072,3.08,-6.84,460000,NA,13.58,37,0,-1200,8734,1.46,1.01,26422,2.43,-10.77,8390,4.7,-9.9,292.73,1.08,10.63
2026-08-03,Monthly,2024-02-01,2024-02-29,14,State,New Mexico,1678,6.17,0.04,324500,NA,6.39,41,200,200,1958,-2.15,6.33,7152,0.09,7.57,1930,-4.49,-11.16,196.62,0.6,4.89
2026-08-03,Monthly,2024-02-01,2024-02-29,16,State,New York,10251,-1.99,-6.16,425000,NA,3.66,34,0,-600,13570,1.54,-0.62,49722,1.69,-6.28,11905,-2.99,-4.1,267.09,2.24,11.06
2026-08-03,Monthly,2024-02-01,2024-02-29,18,State,North Carolina,11898,-0.32,-4.91,354500,NA,4.75,38,0,-400,15005,0.63,13.41,46468,1.78,7.1,13797,-1.33,-2.59,201.07,0.45,4.88
2026-08-03,Monthly,2024-02-01,2024-02-29,20,State,North Dakota,612,-8.73,-7.87,255000,NA,2,65,-300,-1000,770,-0.48,11.85,3199,0.18,8.82,718,-3.24,27.95,149.91,-0.28,7.36
2026-08-03,Monthly,2024-02-01,2024-02-29,22,State,Ohio,11040,0.67,-0.61,220000,NA,10.06,32,100,-300,12469,-0.7,-1.27,35237,1.06,0.62,13852,0.03,-1.9,152.17,0.91,8.51
2026-08-03,Monthly,2024-02-01,2024-02-29,23,State,Oklahoma,3832,1.08,-6.45,237000,NA,6.59,35,200,1000,5015,19.67,11.55,16902,4.85,11.91,4551,3.8,2.78,148.19,0.46,4.48
2026-08-03,Monthly,2024-02-01,2024-02-29,24,State,Oregon,3890,4.02,-3.53,485000,NA,2.75,38,400,200,4616,6.69,5.27,16410,-0.53,4.71,4302,2.71,-5.09,295.94,0.6,1.22
2026-08-03,Monthly,2024-02-01,2024-02-29,26,State,Pennsylvania,10424,2.26,-4.27,255000,NA,8.51,32,0,-300,12316,0.02,-0.9,37617,0.66,-3.99,11916,0.43,-4.21,173.46,0.49,6.38
2026-08-03,Monthly,2024-02-01,2024-02-29,58,State,Puerto Rico,NA,NA,NA,NA,NA,NA,NA,NA,NA,NA,NA,NA,NA,NA,NA,NA,NA,NA,NA,NA,NA
2026-08-03,Monthly,2024-02-01,2024-02-29,28,State,Rhode Island,898,5.23,2.23,433900,NA,11.26,27,100,-100,1050,-1.2,-5.43,2796,-0.98,-6.95,1011,-5.35,-10.58,261.39,1.76,10.38
2026-08-03,Monthly,2024-02-01,2024-02-29,30,State,South Carolina,7140,1.93,-0.04,331493,NA,6.21,58,0,-600,8838,0.13,11.97,34778,1.35,12.31,8227,-3.11,-2.17,188.47,0.13,3.46
2026-08-03,Monthly,2024-02-01,2024-02-29,32,State,South Dakota,750,3.52,5.63,299950,NA,0.7,63,0,800,911,8.53,22.31,3612,3.11,23.13,802,0.99,0.19,184.45,2.73,2.87
2026-08-03,Monthly,2024-02-01,2024-02-29,34,State,Tennessee,7959,2.48,-3.97,351078,NA,6.39,56,200,400,10339,18.59,16.59,37946,3.97,8.98,9358,1.84,-3.09,206.19,-0.39,4.35
2026-08-03,Monthly,2024-02-01,2024-02-29,36,State,Texas,27359,0.27,-1.82,335000,NA,1.55,49,100,300,38001,1.62,9.32,146653,1.77,15.4,32160,-0.59,-3.78,180.38,0.26,1.87
2026-08-03,Monthly,2024-02-01,2024-02-29,38,State,Utah,3283,0.78,0.96,493350,NA,5.3,39,-100,-1200,4032,-1.03,5.6,14430,0.17,1.61,3813,-1.32,1.53,243.08,0.1,3.35
2026-08-03,Monthly,2024-02-01,2024-02-29,40,State,Vermont,597,4.23,5.44,345000,NA,9.18,42,0,100,760,1.26,14.13,2598,4.52,16.1,710,0.07,4.02,241.28,-3.92,10.11
2026-08-03,Monthly,2024-02-01,2024-02-29,42,State,Virginia,8434,0.24,-5.42,380000,NA,3.83,27,0,-100,9939,1.24,7.5,26956,1.67,5.19,9614,-3.28,-5.75,215.12,-0.23,6.53
2026-08-03,Monthly,2024-02-01,2024-02-29,44,State,Washington,7018,2.26,-2.6,580000,NA,5.45,18,-200,-1100,8441,7.01,9.65,23350,0.16,0.83,7819,0.3,-8.75,335.17,0.53,6
2026-08-03,Monthly,2024-02-01,2024-02-29,46,State,West Virginia,1149,9.48,2.12,230000,NA,15.58,59,-300,-100,1462,4.79,17.15,5063,5.7,10.78,1159,-0.49,-1.39,138.93,0.29,7.53
2026-08-03,Monthly,2024-02-01,2024-02-29,48,State,Wisconsin,5500,-0.21,3.08,275000,NA,5.77,46,0,-100,6160,1.8,10.59,19715,1.62,8.9,6041,1.82,2.84,177.57,1.69,9.05
2026-08-03,Monthly,2024-02-01,2024-02-29,50,State,Wyoming,584,1.36,-4.49,320000,NA,3.39,54,100,-1300,597,NA,29.22,2806,-0.39,7.45,727,2.33,26.7,177.19,3.49,11.34
2026-08-03,Monthly,2024-01-01,2024-01-31,1,State,Alabama,5012,2.73,-3.29,266500,NA,5.34,50,0,500,6067,-5.89,1.02,23904,2.17,7.87,6108,5.05,-4.95,154.51,0.17,4.53
2026-08-03,Monthly,2024-01-01,2024-01-31,3,State,Alaska,610,12.06,3.98,344000,NA,-3.1,21,300,-600,737,-3.29,-0.9,2388,0.24,5.83,739,2.91,-1.5,233.43,1.75,8.26
2026-08-03,Monthly,2024-01-01,2024-01-31,5,State,Arizona,7702,1.78,-1.65,425000,NA,6.25,51,300,-900,10049,0.05,6.2,35907,3.28,-2.87,9879,9.94,-3.37,262.61,1.12,4.23
2026-08-03,Monthly,2024-01-01,2024-01-31,7,State,Arkansas,3005,4.8,0.17,239000,NA,7.66,44,100,100,3575,-10.99,-5.88,14105,0.41,10.39,3481,1.23,1.64,149.88,2.79,4.69
2026-08-03,Monthly,2024-01-01,2024-01-31,9,State,California,22232,6.64,4.94,675000,NA,4.65,31,200,-800,27557,-2.64,4.88,85351,0.32,-3.94,26493,-1.63,-1.2,461.7,1.42,5.71
2026-08-03,Monthly,2024-01-01,2024-01-31,11,State,Colorado,6932,3.04,-3.49,524950,NA,5.01,36,-100,-100,8871,2.4,8.81,29544,1.3,4.77,8781,3.92,-0.14,272.46,0.32,5.09
2026-08-03,Monthly,2024-01-01,2024-01-31,17,State,Columbia,515,-3.36,-3.01,610000,NA,9.91,48,100,300,874,3.99,7.75,3070,4.24,1.98,614,-7.5,-13.68,498.9,1.12,-2.42
2026-08-03,Monthly,2024-01-01,2024-01-31,13,State,Connecticut,3055,-0.68,-9.21,357250,NA,15.24,36,100,-400,3475,-4.34,-9.25,10135,1.88,-7.71,3470,-4.19,-13.39,219.56,1.01,9.48
2026-08-03,Monthly,2024-01-01,2024-01-31,15,State,Delaware,1065,4.72,-5.87,365000,NA,7.83,35,0,200,1320,-6.88,-0.73,4163,1.54,6.67,1276,2.81,-6.03,205.18,-2.51,3.11
2026-08-03,Monthly,2024-01-01,2024-01-31,19,State,Florida,28780,1.88,-5.43,380000,NA,3.26,52,500,600,43010,0.98,8.06,173818,2.89,18.25,35953,0.06,-6.9,247.23,0.09,2.18
2026-08-03,Monthly,2024-01-01,2024-01-31,21,State,Georgia,11181,2.18,-2.25,341250,NA,7.31,41,100,-200,15042,0.1,-0.77,51491,0.32,-6.08,13609,5.91,-3.11,180.46,-0.68,3.02
2026-08-03,Monthly,2024-01-01,2024-01-31,25,State,Hawaii,986,11.21,4.62,740000,NA,8.03,73,500,800,1292,-4.99,12.12,6043,3.76,6.41,1283,6.55,27.56,693.53,-5.17,0.3
2026-08-03,Monthly,2024-01-01,2024-01-31,27,State,Idaho,2179,9.98,1.23,434990,NA,2.35,41,0,-900,2423,-12.59,-4.34,10331,-1.42,-7.6,2321,-2.11,-14.81,258.14,-0.65,3.54
2026-08-03,Monthly,2024-01-01,2024-01-31,29,State,Illinois,11282,0.41,-1.85,257250,NA,10.41,46,-100,-700,12657,-7.36,-6.96,41764,-1.35,-12.1,12437,-6.07,-13.44,170.61,-1.13,8.34
2026-08-03,Monthly,2024-01-01,2024-01-31,31,State,Indiana,6698,3.15,-3.95,234950,NA,9.28,27,100,100,7672,-0.5,0.48,21695,2.22,4.02,8013,2.42,-2.92,142.43,1.59,6.42
2026-08-03,Monthly,2024-01-01,2024-01-31,33,State,Iowa,3101,4.04,-0.29,215000,NA,10.26,33,0,-400,3037,-19.16,-9.57,11167,-0.41,0.58,3236,0.99,-10.61,154.22,2.6,6.12
2026-08-03,Monthly,2024-01-01,2024-01-31,35,State,Kansas,2669,1.31,-2.8,235000,NA,5.86,26,100,100,2972,-5.82,-7.7,9066,0.34,0.79,3030,2.93,-1.07,141.69,-1.35,6.08
2026-08-03,Monthly,2024-01-01,2024-01-31,37,State,Kentucky,3614,-0.56,-5.26,240000,NA,7.99,35,100,0,4408,-5.21,-4.51,14194,0.46,4.34,4325,1.65,-5.19,157.18,1.44,7.28
2026-08-03,Monthly,2024-01-01,2024-01-31,39,State,Louisiana,3309,2.86,-2,230000,NA,0.22,63,400,800,4237,-8.27,-3.86,20030,-0.42,12.48,3639,-0.16,-5.43,144.12,1.36,4.45
2026-08-03,Monthly,2024-01-01,2024-01-31,41,State,Maine,1382,5.9,-5.06,362000,NA,9.7,44,200,600,1836,7.57,18.23,6112,3.09,9.38,1699,0.38,-0.08,248.34,0.91,11.64
2026-08-03,Monthly,2024-01-01,2024-01-31,43,State,Maryland,5525,2.29,-3.1,380000,NA,7.04,29,100,-200,6708,-5.57,0.19,17933,2.19,-4.23,6662,0.95,-4.83,220.25,-0.06,4.06
2026-08-03,Monthly,2024-01-01,2024-01-31,45,State,Massachusetts,4952,1.51,-8.26,560000,NA,9.4,21,0,-100,6184,3.48,1.15,15971,3.07,-3.57,5924,1.3,-4.77,354.82,0.35,9.83
2026-08-03,Monthly,2024-01-01,2024-01-31,47,State,Michigan,9962,0.94,-3.1,224500,NA,11.14,24,0,-400,10432,-11.24,-10.64,31603,-3.75,-6.98,10773,0.69,-5.41,153.42,-1.37,6.89
2026-08-03,Monthly,2024-01-01,2024-01-31,49,State,Minnesota,5744,3.23,3.37,316650,NA,4.01,29,-200,0,6986,-1.17,15.5,14786,NA,12.61,6363,-0.64,2.71,187.08,0.71,4.08
2026-08-03,Monthly,2024-01-01,2024-01-31,51,State,Mississippi,1871,2.17,3.09,230000,NA,2.22,43,0,600,2386,-9.73,9.53,9298,0.73,15.82,2311,3.95,20.62,142.01,1.35,5.47
2026-08-03,Monthly,2024-01-01,2024-01-31,2,State,Missouri,6444,2.35,-1.77,239900,NA,7.1,28,300,200,7360,-4.5,-0.79,22396,1.55,2.94,7402,-2.72,-7.34,151.96,1.22,6.41
2026-08-03,Monthly,2024-01-01,2024-01-31,4,State,Montana,972,11.49,2.4,469000,NA,-0.72,69,-200,300,1206,-18.04,-1.64,6043,3.4,2.49,1199,10.88,-1.7,276.58,-6.53,7.17
2026-08-03,Monthly,2024-01-01,2024-01-31,6,State,Nebraska,1786,7.49,8.04,275000,NA,5.77,23,300,-100,1653,-17.34,-10.88,5462,-3.84,-1.77,1670,-3.83,-5.18,151.26,-1.15,1.92
2026-08-03,Monthly,2024-01-01,2024-01-31,8,State,Nevada,3349,7.07,11.47,425000,NA,6.25,42,400,-2000,4186,4.1,21.15,13926,3.03,-17.24,4185,4.28,5.43,262.1,-0.61,6.19
2026-08-03,Monthly,2024-01-01,2024-01-31,10,State,New Hampshire,1466,10.73,9.03,440000,NA,10.02,31,0,0,1610,-0.21,1.69,4547,3.39,-0.38,1571,-1.93,-4.96,264.63,-2.42,7.12
2026-08-03,Monthly,2024-01-01,2024-01-31,12,State,New Jersey,6861,1.42,-9.23,475000,NA,13.23,37,-100,-1100,8608,-1.86,-1.16,25794,2.29,-14.31,8013,-0.69,-11.97,289.59,0.73,9.99
2026-08-03,Monthly,2024-01-01,2024-01-31,14,State,New Mexico,1580,0.07,-3.68,324450,NA,8.26,39,300,0,2001,-1.32,6.73,7145,2.7,3.53,2020,-1.33,-3.71,195.46,-1.05,5.55
2026-08-03,Monthly,2024-01-01,2024-01-31,16,State,New York,10459,1.26,-6.91,448000,NA,9.27,34,100,-700,13364,-3.05,-0.81,48893,1.27,-8.23,12273,4.49,2.12,261.24,2.97,7.17
2026-08-03,Monthly,2024-01-01,2024-01-31,18,State,North Carolina,11936,3.83,-4.24,350000,NA,5.27,38,0,-100,14911,0.14,8.33,45654,2.03,4.01,13983,3.06,0.75,200.17,0.49,5.3
2026-08-03,Monthly,2024-01-01,2024-01-31,20,State,North Dakota,670,8.81,8.78,263000,NA,14.4,68,200,-200,773,-0.03,14.02,3194,0.76,11.43,742,3.41,38.22,150.34,9.71,13.09
2026-08-03,Monthly,2024-01-01,2024-01-31,22,State,Ohio,10966,5.52,-0.26,208700,NA,8.13,31,0,-600,12556,-3.54,1.61,34866,2.82,-2.67,13848,1.12,0.94,150.8,0.86,7.53
2026-08-03,Monthly,2024-01-01,2024-01-31,23,State,Oklahoma,3792,3.49,-0.88,226525,NA,2.97,33,400,600,4191,-15.44,-6.94,16120,-2.48,5.98,4385,-4.04,-5.65,147.51,0.03,3.98
2026-08-03,Monthly,2024-01-01,2024-01-31,24,State,Oregon,3740,10.48,4.45,475000,NA,4.4,34,0,0,4327,-7.28,-0.76,16497,-0.93,1.63,4189,-1.15,-13.65,294.18,-0.1,1.35
2026-08-03,Monthly,2024-01-01,2024-01-31,26,State,Pennsylvania,10194,0.27,-4.01,252950,NA,5.44,31,-100,-300,12313,-3.58,-2.91,37370,0.77,-5.66,11866,-0.05,-4.23,172.61,0.42,5.69
2026-08-03,Monthly,2024-01-01,2024-01-31,58,State,Puerto Rico,NA,NA,NA,NA,NA,NA,NA,NA,NA,NA,NA,NA,NA,NA,NA,NA,NA,NA,NA,NA,NA
2026-08-03,Monthly,2024-01-01,2024-01-31,28,State,Rhode Island,853,5.24,-6.82,440500,NA,12.37,26,0,-300,1062,-2.76,2.7,2824,2.97,-4.73,1068,13.2,6.51,256.87,0.33,9.2
2026-08-03,Monthly,2024-01-01,2024-01-31,30,State,South Carolina,7004,0.92,-1.1,329000,NA,3.17,58,100,-200,8827,0.31,7.96,34314,6.29,9.44,8491,12.42,3.08,188.23,0.25,6.01
2026-08-03,Monthly,2024-01-01,2024-01-31,32,State,South Dakota,725,15.28,-2.46,310000,NA,8.01,63,500,1000,839,-2.56,4.08,3503,1.58,15.68,794,0.3,-18.08,179.55,-2.54,0.85
2026-08-03,Monthly,2024-01-01,2024-01-31,34,State,Tennessee,7766,6.15,-3.44,355000,NA,9.23,54,200,100,8718,-14.19,-4.73,36498,0.39,3.33,9189,-0.14,-6.54,207.01,1.17,5.59
2026-08-03,Monthly,2024-01-01,2024-01-31,36,State,Texas,27286,8.02,3.47,325000,NA,1.56,48,100,400,37397,-0.06,4.89,144099,1.66,10.85,32351,-0.52,-4.89,179.92,0.04,1.11
2026-08-03,Monthly,2024-01-01,2024-01-31,38,State,Utah,3258,14.17,11.05,490000,NA,6.75,39,100,-1000,4074,-11.64,8.27,14405,0.46,-2.51,3864,-2.15,4.33,242.84,1.77,3.31
2026-08-03,Monthly,2024-01-01,2024-01-31,40,State,Vermont,573,5.52,-7.67,385250,NA,18.54,42,0,0,751,-3.86,17.08,2486,4.91,10.06,710,3.51,2.04,251.13,3.39,12.37
2026-08-03,Monthly,2024-01-01,2024-01-31,42,State,Virginia,8414,1.91,-3.72,369950,NA,5.7,27,100,-100,9818,-0.37,3.07,26513,3.39,-0.24,9940,4.25,-6.19,215.63,0.71,6.65
2026-08-03,Monthly,2024-01-01,2024-01-31,44,State,Washington,6863,6.35,-1.27,560000,NA,5.87,20,100,-500,7889,-5.8,0.94,23313,0.2,-4.26,7796,0.37,-9.16,333.39,1.13,5.36
2026-08-03,Monthly,2024-01-01,2024-01-31,46,State,West Virginia,1050,0.33,-1.71,225000,NA,12.81,62,100,100,1395,-1.47,12.74,4790,1.99,5.23,1165,-5.05,-2.52,138.53,0.27,7.92
2026-08-03,Monthly,2024-01-01,2024-01-31,48,State,Wisconsin,5512,3.97,3.14,265000,NA,7.29,46,0,-200,6051,-7.47,7.89,19401,1.29,5.89,5932,-2.09,2.04,174.61,-0.49,7.54
2026-08-03,Monthly,2024-01-01,2024-01-31,50,State,Wyoming,576,10.34,-3.2,318500,NA,2.74,53,300,-1300,528,NA,8.64,2817,1.39,9.17,711,14.37,24.28,171.22,-2.75,1.27
2026-08-03,Monthly,2023-12-01,2023-12-31,1,State,Alabama,4879,-0.12,-3.92,270000,NA,0.04,49,300,400,6447,4.16,9.76,23395,2.89,8.92,5815,2.85,1.11,154.24,-0.22,4.47
2026-08-03,Monthly,2023-12-01,2023-12-31,3,State,Alaska,544,-9.19,-14.65,368000,NA,11.52,19,-100,-800,762,-1,5.49,2382,2.14,6.12,718,2.79,-3.4,229.42,1.03,9.82
2026-08-03,Monthly,2023-12-01,2023-12-31,5,State,Arizona,7567,0.05,-4.88,425000,NA,4.35,48,200,-1100,10044,-0.12,9.93,34765,5.45,-8.19,8986,6.14,-5.48,259.69,-0.03,3.51
2026-08-03,Monthly,2023-12-01,2023-12-31,7,State,Arkansas,2868,-1.42,-6.01,242750,NA,3.34,43,300,0,4017,3.16,16.11,14047,4.52,12.45,3439,4.11,3.32,145.81,-4.51,2.11
2026-08-03,Monthly,2023-12-01,2023-12-31,9,State,California,20847,1.89,-1.89,693000,NA,6.62,29,100,-700,28304,2.45,-0.04,85081,5.81,-8.18,26932,7.25,0.77,455.24,-1.08,3.89
2026-08-03,Monthly,2023-12-01,2023-12-31,11,State,Colorado,6728,2.95,0.24,520000,NA,1.17,37,300,100,8663,-3.68,3.07,29164,4.71,3.25,8450,8.75,2.09,271.59,0.31,3.49
2026-08-03,Monthly,2023-12-01,2023-12-31,17,State,Columbia,532,0.45,8.05,599999,NA,-4.76,47,-100,300,840,9.42,17.02,2945,1.99,-1.7,664,6.67,4.03,493.37,-0.3,-4.95
2026-08-03,Monthly,2023-12-01,2023-12-31,13,State,Connecticut,3076,1.11,-9.2,355000,NA,10.94,35,100,-600,3632,-2.48,0.01,9947,1.75,-9.67,3622,1.85,-6.8,217.37,0.92,8.93
2026-08-03,Monthly,2023-12-01,2023-12-31,15,State,Delaware,1017,-11.45,-3.88,361000,NA,4.18,35,300,300,1417,0.36,9.94,4100,1.64,5.08,1241,1.83,2.04,210.45,1.96,9.41
2026-08-03,Monthly,2023-12-01,2023-12-31,19,State,Florida,28250,-5.31,-2.37,385000,NA,3.77,47,400,400,42594,-0.51,6.5,168941,3.35,15.43,35932,1.75,-2.68,247.02,0.38,1.97
2026-08-03,Monthly,2023-12-01,2023-12-31,21,State,Georgia,10942,-1.88,-6.66,341995,NA,5.23,39,200,0,15027,-5.04,-2.2,51329,0.96,-7.05,12850,2.41,-3.34,181.7,-0.15,4.92
2026-08-03,Monthly,2023-12-01,2023-12-31,25,State,Hawaii,886,1.37,-4.83,756250,NA,6.24,68,-500,300,1360,9.85,11.99,5824,3.92,2.04,1204,2.93,10.61,731.36,6,11.11
2026-08-03,Monthly,2023-12-01,2023-12-31,27,State,Idaho,1981,-0.46,-0.7,439000,NA,-1.35,41,200,-1000,2772,3.19,14.82,10480,3.37,-6.49,2371,9.55,-1.53,259.82,1.43,3.03
2026-08-03,Monthly,2023-12-01,2023-12-31,29,State,Illinois,11237,0.72,-1.58,255000,NA,8.51,47,0,-600,13662,-0.6,3.71,42334,1.83,-12.14,13241,3.38,2.2,172.55,1.13,10.12
2026-08-03,Monthly,2023-12-01,2023-12-31,31,State,Indiana,6493,-2.19,-8.08,235000,NA,4.44,26,100,200,7711,0.09,-0.25,21224,3.02,2.81,7823,6.65,4.9,140.21,-3.47,2.51
2026-08-03,Monthly,2023-12-01,2023-12-31,33,State,Iowa,2980,-1.71,-3.96,215000,NA,13.16,32,100,-300,3757,5.52,15.83,11213,2.65,3.78,3204,1.76,20.5,150.31,-0.96,8.21
2026-08-03,Monthly,2023-12-01,2023-12-31,35,State,Kansas,2634,-0.24,0.46,240000,NA,1.27,25,0,-200,3155,1.43,7.76,9035,3.21,5.38,2943,-0.46,3.67,143.63,2.8,10.21
2026-08-03,Monthly,2023-12-01,2023-12-31,37,State,Kentucky,3634,1.37,-3.46,242900,NA,7.96,34,100,100,4650,4.26,12.66,14129,5.55,8.3,4255,5.73,3.54,154.95,-0.79,5.35
2026-08-03,Monthly,2023-12-01,2023-12-31,39,State,Louisiana,3217,-1.5,-9.31,235000,NA,0,59,-100,1200,4619,4.09,16.98,20114,1.76,17.01,3644,1.56,-10.74,142.19,0.3,0.68
2026-08-03,Monthly,2023-12-01,2023-12-31,41,State,Maine,1305,-6.68,-4.64,360000,NA,7.54,43,300,200,1707,-4.71,7.14,5929,3.73,6.6,1693,4.46,-4.5,246.1,3.49,8.04
2026-08-03,Monthly,2023-12-01,2023-12-31,43,State,Maryland,5401,-3.23,-3.76,395000,NA,6.76,27,100,-300,7104,1.66,8.77,17549,2.3,-5.42,6599,1.17,-2.5,220.38,-0.08,5.66
2026-08-03,Monthly,2023-12-01,2023-12-31,45,State,Massachusetts,4879,-2.7,-12.2,560000,NA,8.37,21,-100,-100,5977,-2.4,-0.64,15496,7.52,-5.54,5848,8.76,-0.56,353.57,1.97,8.6
2026-08-03,Monthly,2023-12-01,2023-12-31,47,State,Michigan,9870,-0.03,-4.73,230000,NA,8.49,25,100,-400,11752,1.01,0.14,32834,1.99,-3.74,10700,-0.17,-4.78,155.55,1.37,9.93
2026-08-03,Monthly,2023-12-01,2023-12-31,49,State,Minnesota,5564,-1.25,-2.88,315000,NA,3.28,30,300,200,7068,3.82,15.3,15486,NA,8.13,6404,7.7,9.23,185.76,-0.65,3.32
2026-08-03,Monthly,2023-12-01,2023-12-31,51,State,Mississippi,1831,0.02,-0.2,230000,NA,-1.08,43,500,900,2643,5.66,21.75,9230,2.9,17.28,2223,-0.82,16.1,140.12,-0.35,5.94
2026-08-03,Monthly,2023-12-01,2023-12-31,2,State,Missouri,6296,-1.59,-4.51,238000,NA,3.73,25,0,-100,7707,1.04,10.23,22054,3.51,3.59,7609,5.16,3.8,150.13,-0.66,4.16
2026-08-03,Monthly,2023-12-01,2023-12-31,4,State,Montana,872,-1.61,-3,479000,NA,10.11,71,700,600,1472,8.08,18.19,5844,4.05,-0.08,1081,-4.48,-36.05,295.89,7.56,14.64
2026-08-03,Monthly,2023-12-01,2023-12-31,6,State,Nebraska,1662,-1.85,5.88,273000,NA,9.2,20,-100,-600,2000,-7.18,8.45,5680,1.5,4,1736,0.52,4.72,153.02,-0.97,3.08
2026-08-03,Monthly,2023-12-01,2023-12-31,8,State,Nevada,3128,2.55,8.98,427975,NA,4.38,38,0,-2200,4021,-4.37,10.5,13516,6.39,-23.05,4013,11.32,2.58,263.71,1.28,6.17
2026-08-03,Monthly,2023-12-01,2023-12-31,10,State,New Hampshire,1324,-4.94,-7.28,449933,NA,9.74,31,0,-100,1614,0.23,-0.16,4398,1.65,-5.05,1602,7.35,3.73,271.18,4.86,11.27
2026-08-03,Monthly,2023-12-01,2023-12-31,12,State,New Jersey,6764,-2.78,-9.64,465000,NA,10.71,38,100,-900,8772,-0.87,-0.54,25217,0.89,-16.81,8069,2.35,-7.03,287.48,0.88,9.73
2026-08-03,Monthly,2023-12-01,2023-12-31,14,State,New Mexico,1579,-2.53,-5.22,324950,NA,6.54,36,300,-200,2027,-1.48,0.58,6958,2.15,-1.52,2048,5.25,1.62,197.54,0.3,6.86
2026-08-03,Monthly,2023-12-01,2023-12-31,16,State,New York,10329,-0.73,-9.68,420000,NA,9.09,33,-200,-700,13785,1.92,-0.05,48279,2.25,-9.64,11745,4.47,-0.53,253.71,-1.84,9.75
2026-08-03,Monthly,2023-12-01,2023-12-31,18,State,North Carolina,11495,-3.32,-8.96,351000,NA,2.87,37,0,-100,14891,2.21,8.68,44747,1.53,2.62,13567,2.71,5.23,199.2,-0.43,5.21
2026-08-03,Monthly,2023-12-01,2023-12-31,20,State,North Dakota,616,3.29,3.74,265000,NA,4.33,66,100,-600,774,4.85,11.73,3170,1.76,11.19,717,8.6,19.8,137.02,-4.75,5.06
2026-08-03,Monthly,2023-12-01,2023-12-31,22,State,Ohio,10393,-1.85,-7.65,215000,NA,7.5,31,0,-500,13017,1.92,5.48,33910,4.75,-4.73,13695,3.94,0.61,149.52,0.09,7.94
2026-08-03,Monthly,2023-12-01,2023-12-31,23,State,Oklahoma,3664,-4.93,-4.28,229000,NA,6.02,29,-200,400,4956,-0.59,10.87,16530,3.12,9.91,4569,2.61,2.6,147.46,0.6,4.42
2026-08-03,Monthly,2023-12-01,2023-12-31,24,State,Oregon,3385,0.27,-5.16,480000,NA,3.23,34,200,300,4666,-5.14,5.95,16652,4.01,2.61,4237,4.04,5.61,294.47,0.05,1.88
2026-08-03,Monthly,2023-12-01,2023-12-31,26,State,Pennsylvania,10167,-1.61,-0.62,262000,NA,6.94,32,200,-200,12771,2.98,1.66,37085,3.41,-5.03,11871,4.68,-0.04,171.9,0.27,5.89
2026-08-03,Monthly,2023-12-01,2023-12-31,58,State,Puerto Rico,NA,NA,NA,NA,NA,NA,NA,NA,NA,NA,NA,NA,NA,NA,NA,NA,NA,NA,NA,NA,NA
2026-08-03,Monthly,2023-12-01,2023-12-31,28,State,Rhode Island,811,-5.32,-7.5,430000,NA,9.57,25,300,-300,1093,1.96,-0.77,2743,10.17,-6.95,944,3.7,-6.65,256.03,0.03,0.7
2026-08-03,Monthly,2023-12-01,2023-12-31,30,State,South Carolina,6941,-2.25,-3.19,325500,NA,1.72,57,100,-100,8799,1.96,9.36,32283,1.99,2.23,7553,-4.65,-13.61,187.76,-0.68,3.86
2026-08-03,Monthly,2023-12-01,2023-12-31,32,State,South Dakota,629,-13.87,-5.19,295888,NA,0.3,58,400,0,861,-12.85,-4.99,3448,-0.71,13.76,791,2.28,5.07,184.24,-0.33,2.6
2026-08-03,Monthly,2023-12-01,2023-12-31,34,State,Tennessee,7316,-4.55,-4.86,350000,NA,4.61,52,0,300,10160,-0.25,14.13,36356,2.82,4.56,9202,0.53,-5.04,204.61,-0.62,4.47
2026-08-03,Monthly,2023-12-01,2023-12-31,36,State,Texas,25259,-2.24,-2.29,335950,NA,0.28,46,300,600,37418,-1.58,8.2,141745,2.96,10.17,32520,4.37,-1.55,179.84,-0.3,2.11
2026-08-03,Monthly,2023-12-01,2023-12-31,38,State,Utah,2853,6.65,4.75,479945,NA,0.51,39,0,-800,4611,17.68,20.33,14340,5.26,-4.72,3949,11.59,16.74,238.62,-0.69,0.47
2026-08-03,Monthly,2023-12-01,2023-12-31,40,State,Vermont,543,-6.67,-6.87,370000,NA,11.98,43,0,-100,781,-0.35,16.01,2369,3.02,2.88,686,7.07,0.17,242.89,3.13,14.45
2026-08-03,Monthly,2023-12-01,2023-12-31,42,State,Virginia,8256,-0.22,-8.45,380000,NA,7.04,26,200,-100,9854,0.12,3.24,25643,2.02,-2.29,9535,4.27,-3.5,214.12,0.48,7.53
2026-08-03,Monthly,2023-12-01,2023-12-31,44,State,Washington,6453,1.64,-5.3,556900,NA,3.14,19,200,-400,8374,0.25,8.68,23267,6.1,-5.24,7767,9.48,1.36,329.68,-0.06,3.45
2026-08-03,Monthly,2023-12-01,2023-12-31,46,State,West Virginia,1046,-8.3,1.36,230000,NA,15.61,61,100,-100,1416,9.43,19.4,4696,1.93,4.07,1227,4.95,5.36,138.15,0.86,8.53
2026-08-03,Monthly,2023-12-01,2023-12-31,48,State,Wisconsin,5301,-2.85,-3.57,272000,NA,8.8,46,0,-100,6540,2.36,15.2,19154,1.26,3.62,6059,6.32,1.8,175.47,0.6,9.67
2026-08-03,Monthly,2023-12-01,2023-12-31,50,State,Wyoming,522,-6.04,-0.7,330000,NA,10,50,-600,-1100,337,NA,8.01,2778,-2.37,10.46,621,-0.94,10.06,176.06,3.97,12.21
2026-08-03,Monthly,2023-11-01,2023-11-30,1,State,Alabama,4885,0.43,-8.31,270000,NA,1.89,46,0,100,6189,-3.61,2.1,22739,2.04,4.89,5653,1.36,-11.45,154.58,0.67,4.54
2026-08-03,Monthly,2023-11-01,2023-11-30,3,State,Alaska,599,-7.27,-16.95,350000,NA,2.07,19,300,-900,769,-8.31,-0.18,2332,1.88,3.23,698,0.22,-3.6,227.07,0.97,7.39
2026-08-03,Monthly,2023-11-01,2023-11-30,5,State,Arizona,7564,-1.13,-5.53,430095,NA,3.64,46,200,-900,10055,2.35,7.09,32969,5.64,-14.07,8466,-0.3,-4.32,259.76,-0.54,3.73
2026-08-03,Monthly,2023-11-01,2023-11-30,7,State,Arkansas,2909,-0.09,-4.19,238000,NA,3.48,40,200,-200,3894,0.55,4.46,13439,3.99,9.02,3303,2.24,-0.13,152.69,2.08,7.92
2026-08-03,Monthly,2023-11-01,2023-11-30,9,State,California,20461,-3.68,-5.68,725000,NA,7.01,28,0,-900,27626,2.64,-3.27,80410,6.41,-12.82,25111,3.84,-2.56,460.19,-0.57,3.78
2026-08-03,Monthly,2023-11-01,2023-11-30,11,State,Colorado,6535,-0.89,-6.39,530000,NA,1.11,34,0,100,8994,2.18,3.41,27854,4.78,-0.09,7770,0.67,-1.88,270.76,-0.87,3.58
2026-08-03,Monthly,2023-11-01,2023-11-30,17,State,Columbia,530,4.32,-7.11,635000,NA,-1.55,48,100,-400,768,-0.68,-4.2,2887,-0.14,-4.29,622,2.66,-1.66,494.86,-5.63,-3.46
2026-08-03,Monthly,2023-11-01,2023-11-30,13,State,Connecticut,3042,-0.63,-14.85,365000,NA,11.37,34,0,-700,3724,4.38,-0.41,9777,2.41,-13.04,3556,-0.2,-9.4,215.39,-0.74,8.71
2026-08-03,Monthly,2023-11-01,2023-11-30,15,State,Delaware,1148,9.56,2.26,385000,NA,8.45,32,100,-100,1412,8.33,13.13,4034,3.61,4.53,1219,-2.06,1.05,206.41,-0.48,6.83
2026-08-03,Monthly,2023-11-01,2023-11-30,19,State,Florida,29833,-5.09,1.3,389590,NA,3.89,43,100,100,42811,1.51,8.59,163471,4.02,13.48,35315,-1.84,-1.99,246.07,-0.78,2.44
2026-08-03,Monthly,2023-11-01,2023-11-30,21,State,Georgia,11152,1.41,-6.95,349995,NA,6.06,37,300,-100,15826,-3.26,-1.66,50840,0.75,-8.29,12548,-3.77,-4.52,181.97,0.84,4.59
2026-08-03,Monthly,2023-11-01,2023-11-30,25,State,Hawaii,874,-9.96,-12.81,680000,NA,-4.23,73,400,800,1238,-3.37,-6.68,5605,2.52,-1.78,1169,-0.63,5.94,689.94,0.77,3.03
2026-08-03,Monthly,2023-11-01,2023-11-30,27,State,Idaho,1990,3.85,-0.34,445990,NA,-0.89,39,200,-700,2687,0.18,6.1,10138,5.33,-10.23,2165,2.61,-7.24,256.17,-0.42,1.76
2026-08-03,Monthly,2023-11-01,2023-11-30,29,State,Illinois,11156,-0.35,-7.59,265000,NA,10.42,47,-100,-700,13744,5.59,1.09,41572,2.06,-15.14,12808,-1.06,-2.92,170.62,0.53,8.92
2026-08-03,Monthly,2023-11-01,2023-11-30,31,State,Indiana,6639,2.02,-7.24,240000,NA,4.35,25,200,200,7704,3.01,0.06,20603,3.04,0.32,7336,-2.16,-4.42,145.24,3.97,9.44
2026-08-03,Monthly,2023-11-01,2023-11-30,33,State,Iowa,3032,1.82,-7.07,212000,NA,11.58,32,300,-500,3560,2.88,2.43,10924,1.35,-2.35,3149,-3.04,-6.87,151.77,2.25,6.2
2026-08-03,Monthly,2023-11-01,2023-11-30,35,State,Kansas,2640,-0.82,-3.85,245000,NA,2.94,25,100,-200,3111,2.95,4.14,8754,2.99,4.26,2957,1.86,3.4,139.72,3.04,6.45
2026-08-03,Monthly,2023-11-01,2023-11-30,37,State,Kentucky,3585,-0.67,-8.06,246950,NA,7.37,33,100,200,4460,1.51,0.85,13386,3.13,4.16,4024,0.87,-4.74,156.18,0.58,7.37
2026-08-03,Monthly,2023-11-01,2023-11-30,39,State,Louisiana,3266,0.25,-7.27,235000,NA,-2.08,60,100,1400,4437,0.16,7.11,19766,2.5,14.5,3588,-0.5,-14.83,141.76,-0.52,2.3
2026-08-03,Monthly,2023-11-01,2023-11-30,41,State,Maine,1398,5.3,-4.08,360000,NA,10.26,39,-100,0,1792,-0.17,4.91,5716,4.59,5.41,1620,2.72,-3.28,237.81,-3.47,7.32
2026-08-03,Monthly,2023-11-01,2023-11-30,43,State,Maryland,5581,3.1,-5.3,399000,NA,7.26,26,100,-400,6988,4.83,2.61,17154,3.61,-7.87,6522,0.6,-5.39,220.56,0.9,6.1
2026-08-03,Monthly,2023-11-01,2023-11-30,45,State,Massachusetts,5014,0.63,-10.9,580000,NA,7.61,22,0,0,6123,1.62,-1.42,14412,7.64,-9.26,5377,-0.1,-10.85,346.72,-0.72,5.36
2026-08-03,Monthly,2023-11-01,2023-11-30,47,State,Michigan,9872,0.19,-6.12,235000,NA,4.62,24,100,-400,11635,0.39,-1.05,32193,1.69,-6.25,10718,0.22,-5.08,153.44,1.51,8.03
2026-08-03,Monthly,2023-11-01,2023-11-30,49,State,Minnesota,5634,1.2,-3.64,326950,NA,5.47,28,100,0,6808,3.53,9.24,18198,NA,3.87,5946,2.35,1.01,186.97,1.24,4.49
2026-08-03,Monthly,2023-11-01,2023-11-30,51,State,Mississippi,1831,1.65,-2.89,237777,NA,1.18,39,0,400,2502,-0.45,13.23,8970,3.08,16.48,2241,3.45,18.44,140.61,2.84,3.62
2026-08-03,Monthly,2023-11-01,2023-11-30,2,State,Missouri,6397,1.22,-4.88,245000,NA,4.26,25,100,0,7627,1.9,4.75,21305,3.43,1.14,7236,0.35,-1.5,151.13,0.68,6.33
2026-08-03,Monthly,2023-11-01,2023-11-30,4,State,Montana,887,3.64,-2.85,459000,NA,2.23,65,-100,-200,1362,7,4.38,5617,2.38,-2.02,1132,13.53,19.92,275.1,2.44,7.19
2026-08-03,Monthly,2023-11-01,2023-11-30,6,State,Nebraska,1693,5.01,2.18,272000,NA,4.62,21,100,-500,2154,8.69,19.92,5596,5.18,5.22,1727,6.1,7.11,154.51,2.1,6.49
2026-08-03,Monthly,2023-11-01,2023-11-30,8,State,Nevada,3050,-3.55,-2.15,430000,NA,4.12,39,-100,-1900,4205,5.43,16.47,12704,7.16,-29.14,3605,-0.89,2.65,260.39,1.09,5.49
2026-08-03,Monthly,2023-11-01,2023-11-30,10,State,New Hampshire,1393,5.73,-4.69,440000,NA,6.02,31,200,0,1610,1.4,-0.63,4327,2.97,-5.64,1492,-2.5,-6.58,258.61,-2.3,7.63
2026-08-03,Monthly,2023-11-01,2023-11-30,12,State,New Jersey,6958,-1.65,-13.51,470000,NA,10.59,37,0,-1200,8849,1.98,-1.89,24995,0.99,-18.82,7884,0.33,-13.59,284.97,0.89,8.44
2026-08-03,Monthly,2023-11-01,2023-11-30,14,State,New Mexico,1620,0.07,-7.89,335000,NA,9.84,33,200,-1000,2058,-5.84,-6.45,6811,0.96,-7.15,1946,2.35,-5.48,196.95,2.14,7.13
2026-08-03,Monthly,2023-11-01,2023-11-30,16,State,New York,10405,-0.98,-13.18,405000,NA,1.25,35,-200,-600,13526,0.33,-3.21,47218,0.31,-11.09,11243,-1.87,-6.77,258.46,-1.41,6.98
2026-08-03,Monthly,2023-11-01,2023-11-30,18,State,North Carolina,11890,1.63,-7.3,355000,NA,1.44,37,100,-100,14568,1.05,5.41,44074,2.17,1.19,13208,1.1,2.55,200.07,0.78,5.77
2026-08-03,Monthly,2023-11-01,2023-11-30,20,State,North Dakota,597,-0.9,-11.16,264900,NA,7.68,65,-300,-900,738,0.66,5.03,3115,0.06,8.81,661,-3.92,2.96,143.86,1.92,9.04
2026-08-03,Monthly,2023-11-01,2023-11-30,22,State,Ohio,10589,1.14,-7.32,220000,NA,7.37,31,0,-600,12772,4.35,2.64,32374,4.78,-8.51,13176,1.1,-2.73,149.39,0.96,8.26
2026-08-03,Monthly,2023-11-01,2023-11-30,23,State,Oklahoma,3854,1.29,-3.01,230000,NA,2.22,31,100,600,4985,6.03,10.92,16031,4.88,8.2,4453,1.07,-2.87,146.59,0.74,5.12
2026-08-03,Monthly,2023-11-01,2023-11-30,24,State,Oregon,3376,-4.43,-11.59,480000,NA,-1.03,32,100,400,4919,5.59,3.51,16010,5.96,0.38,4073,4.97,-2.2,294.31,-0.52,2.13
2026-08-03,Monthly,2023-11-01,2023-11-30,26,State,Pennsylvania,10333,1.28,-4.91,260000,NA,1.96,31,200,-400,12401,1.06,0.62,35862,3.12,-7.74,11340,0.05,-6.14,171.44,1.35,6.44
2026-08-03,Monthly,2023-11-01,2023-11-30,58,State,Puerto Rico,NA,NA,NA,NA,NA,NA,NA,NA,NA,NA,NA,NA,NA,NA,NA,NA,NA,NA,NA,NA,NA
2026-08-03,Monthly,2023-11-01,2023-11-30,28,State,Rhode Island,856,-1.81,-12.94,435000,NA,8.75,22,-100,-600,1072,-2.4,-5.47,2489,5.24,-11.6,910,1.36,-10.32,255.95,-1.3,7.97
2026-08-03,Monthly,2023-11-01,2023-11-30,30,State,South Carolina,7101,1.25,-3.49,326923,NA,-0.9,56,100,-100,8630,-0.27,4.14,31652,1.98,-0.57,7922,-1.22,2.57,189.04,0.55,4.51
2026-08-03,Monthly,2023-11-01,2023-11-30,32,State,South Dakota,730,3.64,-3.23,305000,NA,3.18,54,-200,-200,988,9.76,14.59,3473,3.1,13.51,774,4.73,0.66,184.84,2.19,8.11
2026-08-03,Monthly,2023-11-01,2023-11-30,34,State,Tennessee,7664,-1.77,-1.98,350000,NA,6.06,52,100,300,10186,4.22,7.51,35359,4.25,1.66,9154,-0.21,-4.36,205.89,0.95,6.78
2026-08-03,Monthly,2023-11-01,2023-11-30,36,State,Texas,25839,0.45,-0.63,329990,NA,-0.11,43,0,500,38021,4.76,10.14,137672,4.37,8.82,31157,-0.67,-5.41,180.39,0.78,2.08
2026-08-03,Monthly,2023-11-01,2023-11-30,38,State,Utah,2675,-4.39,-0.35,494985,NA,2.06,39,100,-400,3918,1.53,4.77,13623,2.96,-8.08,3539,0.64,8.41,240.29,-1.25,2
2026-08-03,Monthly,2023-11-01,2023-11-30,40,State,Vermont,581,1.59,-8.04,385000,NA,2.67,42,200,-200,784,3.62,14.47,2300,2.3,-2.12,641,-4.89,-6.38,235.53,-1.17,11.88
2026-08-03,Monthly,2023-11-01,2023-11-30,42,State,Virginia,8274,0.45,-9.66,385000,NA,6.94,24,0,-300,9843,1.04,1.05,25136,2.53,-4.3,9144,0.6,-3.83,213.1,0.39,6.04
2026-08-03,Monthly,2023-11-01,2023-11-30,44,State,Washington,6349,-1.83,-12.3,575000,NA,4.55,17,100,-500,8353,5.93,-0.21,21929,7.06,-10.37,7095,2.01,-6.27,329.86,0.79,3.54
2026-08-03,Monthly,2023-11-01,2023-11-30,46,State,West Virginia,1141,6.01,2.46,229900,NA,11.06,60,100,-400,1294,-1.38,4.84,4608,0.89,0.19,1169,1.45,-0.53,136.96,0.92,8.42
2026-08-03,Monthly,2023-11-01,2023-11-30,48,State,Wisconsin,5456,2.64,-2.64,277500,NA,6.77,46,100,-100,6389,4.36,7.89,18917,1.71,1.06,5699,-1.98,-2.84,174.43,1.85,9.02
2026-08-03,Monthly,2023-11-01,2023-11-30,50,State,Wyoming,556,-4.61,-2.68,320000,NA,0,56,-800,-600,469,NA,5.39,2845,-6.52,12.32,627,-21.25,5.22,169.34,-2.37,4.29
2026-08-03,Monthly,2023-10-01,2023-10-31,1,State,Alabama,4864,-1.72,-13.52,273470,NA,1.29,46,200,200,6421,2.32,1.17,22284,2.37,2.55,5577,-1.99,-38.25,153.55,1.13,4.86
2026-08-03,Monthly,2023-10-01,2023-10-31,3,State,Alaska,647,-5.6,-17.65,348000,NA,-0.85,16,-300,-1900,839,5.49,6.55,2289,3.1,-0.01,697,-1.79,-11.29,224.89,0.2,6.23
2026-08-03,Monthly,2023-10-01,2023-10-31,5,State,Arizona,7650,-0.57,-9.16,430000,NA,1.18,44,100,-800,9825,4.02,1.93,31207,3.21,-20.71,8492,-3.77,-5.87,261.17,1.4,3.5
2026-08-03,Monthly,2023-10-01,2023-10-31,7,State,Arkansas,2912,-0.55,-11.33,240000,NA,4.35,38,0,0,3873,0.44,0.77,12923,3.32,5.23,3231,-1.33,-5.19,149.58,0.78,6.44
2026-08-03,Monthly,2023-10-01,2023-10-31,9,State,California,21244,-0.19,-10.57,725000,NA,6.62,28,100,-800,26917,1.47,-7.6,75568,4.21,-18.28,24183,-0.04,-7.81,462.84,-0.01,5.79
2026-08-03,Monthly,2023-10-01,2023-10-31,11,State,Colorado,6594,-5.78,-14.15,545000,NA,3.52,34,200,300,8802,0.21,-1.2,26583,3.83,-2.88,7718,-2.75,-6.7,273.14,0.42,4.98
2026-08-03,Monthly,2023-10-01,2023-10-31,17,State,Columbia,508,-12.01,-21.75,675000,NA,3.45,47,200,700,773,-1.05,-7.51,2891,-0.33,-3.79,606,-9.4,-9.04,524.39,1.17,4.01
2026-08-03,Monthly,2023-10-01,2023-10-31,13,State,Connecticut,3062,-2.45,-17.23,375000,NA,11.94,35,0,-700,3568,2.67,-5.94,9546,0.89,-16.92,3563,1.06,-13.43,217,1.58,11.11
2026-08-03,Monthly,2023-10-01,2023-10-31,15,State,Delaware,1048,-4.47,-13.57,370000,NA,6.47,31,-200,300,1303,-1.16,1.14,3894,2.53,0.62,1244,6.38,3.98,207.4,0.08,7.82
2026-08-03,Monthly,2023-10-01,2023-10-31,19,State,Florida,31433,-4.32,-9.63,385000,NA,1.32,42,-100,400,42176,-0.48,6.44,157149,3.56,9.94,35978,-2.16,1.2,248.01,0.31,3.49
2026-08-03,Monthly,2023-10-01,2023-10-31,21,State,Georgia,10997,-1.36,-12.39,350000,NA,6.06,34,0,-300,16359,-2.91,-4.61,50464,0.91,-9.73,13040,-2.29,-6.85,180.46,0.75,3.79
2026-08-03,Monthly,2023-10-01,2023-10-31,25,State,Hawaii,971,-0.68,-12.99,710000,NA,-3.4,69,0,300,1281,1.52,-0.94,5467,2.21,-3.89,1177,24.93,1.98,684.64,-0.12,1.86
2026-08-03,Monthly,2023-10-01,2023-10-31,27,State,Idaho,1916,-10.21,-11.88,459900,NA,-0.68,38,0,-900,2682,6.29,0.08,9625,3.57,-17.08,2109,-3.81,-11.76,257.26,-0.66,1.27
2026-08-03,Monthly,2023-10-01,2023-10-31,29,State,Illinois,11196,-2.89,-11.22,264000,NA,6.45,48,0,-800,13017,-0.63,-7.02,40731,0.15,-18.48,12946,-0.26,-6.15,169.71,1.08,8.3
2026-08-03,Monthly,2023-10-01,2023-10-31,31,State,Indiana,6507,-0.33,-12.01,240000,NA,2.13,23,0,100,7479,-1.57,-4.97,19995,1.59,-3.42,7498,-1.76,-6.38,139.69,0.14,5.87
2026-08-03,Monthly,2023-10-01,2023-10-31,33,State,Iowa,2978,-2.21,-12.24,219000,NA,9.5,29,200,-1000,3461,-0.6,-3.44,10778,2.66,-5.53,3247,1.34,-4.58,148.43,-1.53,4.6
2026-08-03,Monthly,2023-10-01,2023-10-31,35,State,Kansas,2662,-5.25,-11.62,250000,NA,1.63,24,0,-100,3022,-1.03,-0.37,8500,1.21,1.89,2903,-1.21,-1.51,135.6,-1.43,5.9
2026-08-03,Monthly,2023-10-01,2023-10-31,37,State,Kentucky,3609,0.56,-11.8,245000,NA,4.26,32,100,-100,4394,-1.1,-1.11,12980,2.81,0.32,3989,-1.75,-8.45,155.29,0.78,7.83
2026-08-03,Monthly,2023-10-01,2023-10-31,39,State,Louisiana,3258,-7.44,-16.9,235000,NA,-2.08,59,100,1700,4430,-4.19,-4.97,19284,-0.21,11.41,3607,-2.78,-14.89,142.5,-1.39,1.77
2026-08-03,Monthly,2023-10-01,2023-10-31,41,State,Maine,1328,3.43,-14.88,385000,NA,14.93,40,100,-300,1795,4.3,11.61,5465,6.15,1.06,1578,3.94,-7.97,246.37,1.92,11.04
2026-08-03,Monthly,2023-10-01,2023-10-31,43,State,Maryland,5414,-4.33,-14.28,395000,NA,5.33,25,0,-500,6666,3.04,-1.34,16556,2.16,-12.41,6483,1.01,-9.5,218.59,0.36,6.31
2026-08-03,Monthly,2023-10-01,2023-10-31,45,State,Massachusetts,4982,-0.06,-15.51,590000,NA,11.32,22,0,-100,6026,2.1,-1.37,13389,3.02,-14.13,5382,0.72,-11.39,349.25,1.19,7.06
2026-08-03,Monthly,2023-10-01,2023-10-31,47,State,Michigan,9853,0.61,-9.52,243000,NA,5.65,23,0,-500,11590,0.66,-2.3,31659,1.05,-8.36,10694,1.57,-8.22,151.16,-0.39,6.26
2026-08-03,Monthly,2023-10-01,2023-10-31,49,State,Minnesota,5567,-2.37,-9.06,330000,NA,3.13,27,0,-100,6576,1.05,1.38,20319,NA,-0.39,5809,-2.61,-5.06,184.67,-0.17,3.1
2026-08-03,Monthly,2023-10-01,2023-10-31,51,State,Mississippi,1801,-1.27,-8.62,243000,NA,1.38,39,-300,0,2513,-3,9.13,8702,2.97,14.04,2167,-2.78,5.16,136.73,-0.81,1.39
2026-08-03,Monthly,2023-10-01,2023-10-31,2,State,Missouri,6320,1.46,-9.43,250000,NA,5.05,23,0,0,7485,1.45,-0.56,20599,2.06,-1.83,7210,-0.24,-3.51,150.11,0.56,6.23
2026-08-03,Monthly,2023-10-01,2023-10-31,4,State,Montana,855,-9.46,-19.88,499000,NA,12.13,66,0,-200,1272,-7.45,-14.59,5487,0.7,-3.51,997,-33.42,-9.91,268.55,-1.9,3.8
2026-08-03,Monthly,2023-10-01,2023-10-31,6,State,Nebraska,1612,-8.6,-13.67,274000,NA,4.38,20,100,-300,1982,0.51,2.38,5321,1.65,-0.08,1628,-0.29,-3.69,151.33,1.49,4.08
2026-08-03,Monthly,2023-10-01,2023-10-31,8,State,Nevada,3162,-6.24,-5,435000,NA,2.84,40,-200,-1400,3988,2.9,-3.41,11856,2.29,-36.13,3638,-3.4,1.34,257.57,0.78,4.46
2026-08-03,Monthly,2023-10-01,2023-10-31,10,State,New Hampshire,1317,0.45,-17.22,450000,NA,8.43,29,-300,-300,1588,0.72,-6.04,4202,2.96,-9.36,1531,2.13,-5.93,264.71,3.04,11.6
2026-08-03,Monthly,2023-10-01,2023-10-31,12,State,New Jersey,7074,-1.22,-16.62,479000,NA,12.71,37,500,-1500,8677,4.18,-5.01,24751,1.35,-20.76,7859,-4.32,-16.36,282.47,1.25,9.13
2026-08-03,Monthly,2023-10-01,2023-10-31,14,State,New Mexico,1619,-5.48,-22.43,329900,NA,1.51,31,-200,-1700,2185,4.41,-0.08,6747,2.95,-7.24,1901,-4.76,-13.9,192.82,-1.03,5.28
2026-08-03,Monthly,2023-10-01,2023-10-31,16,State,New York,10507,0,-13.77,415000,NA,3.75,37,500,-400,13482,2,-4.04,47074,2.88,-10.85,11457,-1.51,-6.93,262.15,1.7,9.4
2026-08-03,Monthly,2023-10-01,2023-10-31,18,State,North Carolina,11700,-1.45,-13.9,358500,NA,3.46,36,0,0,14417,2.73,4.16,43138,2.48,-1.94,13064,0.81,-3.34,198.51,0.21,5.17
2026-08-03,Monthly,2023-10-01,2023-10-31,20,State,North Dakota,602,0.15,-9.86,265000,NA,1.92,68,-600,-300,733,2.92,0.76,3113,-1.32,8.68,688,-31.68,7.6,141.15,-0.03,5.1
2026-08-03,Monthly,2023-10-01,2023-10-31,22,State,Ohio,10469,0.57,-12.36,227000,NA,8.1,31,0,-600,12239,-1.12,-3.14,30897,2.26,-13.81,13032,-0.41,-4.38,147.97,0.36,7
2026-08-03,Monthly,2023-10-01,2023-10-31,23,State,Oklahoma,3805,-2.72,-13.53,235000,NA,2.54,29,200,400,4702,-1.09,0,15285,2.65,3.96,4406,0.14,-4.19,145.52,-0.62,4.86
2026-08-03,Monthly,2023-10-01,2023-10-31,24,State,Oregon,3533,-4.72,-17.85,490000,NA,0,31,300,300,4658,0.61,-6.31,15110,3.18,-3.57,3880,-4.95,-10.39,295.85,0.31,2.63
2026-08-03,Monthly,2023-10-01,2023-10-31,26,State,Pennsylvania,10203,-0.55,-11.83,265000,NA,3.92,28,-100,-1000,12271,2.45,-1.05,34777,2.45,-12.96,11334,0.24,-7.83,169.15,-0.02,3.92
2026-08-03,Monthly,2023-10-01,2023-10-31,58,State,Puerto Rico,NA,NA,NA,NA,NA,NA,NA,NA,NA,NA,NA,NA,NA,NA,NA,NA,NA,NA,NA,NA,NA
2026-08-03,Monthly,2023-10-01,2023-10-31,28,State,Rhode Island,872,-7.71,-17.97,430000,NA,7.5,23,-100,-700,1098,11.89,0.95,2365,5.64,-15.09,898,-0.47,-9.18,259.33,1.22,11.91
2026-08-03,Monthly,2023-10-01,2023-10-31,30,State,South Carolina,7013,-0.84,-8.03,339000,NA,4.31,55,200,-100,8653,1.88,2.45,31038,1.99,-3.59,8020,0.47,2.11,188.01,1.28,4.13
2026-08-03,Monthly,2023-10-01,2023-10-31,32,State,South Dakota,705,-2.91,-13.28,306325,NA,2.45,56,-100,200,900,-2.64,2.44,3368,1.43,7.94,739,-6.36,-8.29,180.88,-1.73,4.5
2026-08-03,Monthly,2023-10-01,2023-10-31,34,State,Tennessee,7803,2.5,-9.16,352000,NA,4.14,51,-100,300,9773,-0.45,-0.8,33919,1.98,-2.29,9174,-1.13,-5.51,203.95,0.67,5.39
2026-08-03,Monthly,2023-10-01,2023-10-31,36,State,Texas,25724,-1.91,-7.72,334000,NA,-1.18,43,200,700,36293,-1.09,2.56,131911,3.35,5.66,31365,-0.86,-5.62,179,0.05,0.7
2026-08-03,Monthly,2023-10-01,2023-10-31,38,State,Utah,2798,-0.3,-0.26,491600,NA,-0.69,38,100,-200,3859,-1.6,-0.04,13231,1.97,-9.64,3516,-2.95,11.75,243.34,1.06,3.98
2026-08-03,Monthly,2023-10-01,2023-10-31,40,State,Vermont,572,-2.68,-14.43,386000,NA,8.73,40,0,-500,757,4.88,3.3,2248,2.63,-6.24,674,1.22,-4.79,238.31,3.79,9.49
2026-08-03,Monthly,2023-10-01,2023-10-31,42,State,Virginia,8237,-0.44,-14.06,390000,NA,6.85,24,200,-200,9741,1.81,-2.05,24516,3.17,-8,9090,-0.07,-9.16,212.26,0.72,6.27
2026-08-03,Monthly,2023-10-01,2023-10-31,44,State,Washington,6467,-3.8,-17.29,570000,NA,0.88,16,100,-500,7885,-0.82,-10.3,20483,4.29,-15.65,6955,-4.88,-12.38,327.27,0.06,2.68
2026-08-03,Monthly,2023-10-01,2023-10-31,46,State,West Virginia,1076,-0.07,-7.42,222500,NA,5.45,59,-100,-300,1312,2.52,6.14,4567,2.43,-1.18,1152,5.22,-1.06,135.72,0.74,7.72
2026-08-03,Monthly,2023-10-01,2023-10-31,48,State,Wisconsin,5316,-0.41,-8.52,280000,NA,7.69,46,0,-300,6123,0.49,0.26,18599,0.86,-2.36,5814,3.16,-2.3,171.26,-0.68,6.67
2026-08-03,Monthly,2023-10-01,2023-10-31,50,State,Wyoming,583,-3,-8.51,330000,NA,3.13,64,200,600,639,NA,14.93,3044,0.04,17.58,796,30.97,22.92,173.44,1.19,6.42
2026-08-03,Monthly,2023-09-01,2023-09-30,1,State,Alabama,4949,-1.13,-15.77,279900,NA,1.78,44,-100,0,6275,2.88,-2.51,21767,1.21,0.54,5691,-9.83,-9.81,151.84,-0.22,4.12
2026-08-03,Monthly,2023-09-01,2023-09-30,3,State,Alaska,685,7.75,-10.1,370000,NA,5.71,19,-200,-1800,796,-0.7,1.34,2221,0.04,-6.83,710,-2.82,-15.62,224.43,0.41,4.79
2026-08-03,Monthly,2023-09-01,2023-09-30,5,State,Arizona,7694,-2.66,-13.05,425000,NA,0,42,-100,-500,9446,2.76,-7.13,30237,1.48,-25.5,8825,-5.93,-10.86,257.56,-0.28,1.57
2026-08-03,Monthly,2023-09-01,2023-09-30,7,State,Arkansas,2928,-0.2,-14.59,254000,NA,5.83,38,0,-200,3856,0.89,3.07,12508,2.63,2.28,3275,-3.85,-7.1,148.43,1.13,5.88
2026-08-03,Monthly,2023-09-01,2023-09-30,9,State,California,21284,-3.7,-17.52,715000,NA,2.88,27,0,-800,26527,2.39,-12.19,72518,4.1,-23.15,24194,0.17,-13.06,462.9,1.32,6.23
2026-08-03,Monthly,2023-09-01,2023-09-30,11,State,Colorado,6998,-2.52,-15.41,542950,NA,2.68,31,-100,-100,8784,-0.1,-5.87,25604,3.55,-8.02,7936,-8.35,-15.61,272,0.13,3.4
2026-08-03,Monthly,2023-09-01,2023-09-30,17,State,Columbia,578,-3.09,-11.25,624500,NA,0.89,45,-600,300,782,-4.53,-11.22,2901,-0.55,-4.96,669,6.31,-6.77,518.31,-1.24,0.79
2026-08-03,Monthly,2023-09-01,2023-09-30,13,State,Connecticut,3139,2.24,-17.83,365000,NA,7.35,35,-300,-800,3476,-0.37,-10.39,9462,0.02,-20.21,3526,-2.11,-17.22,213.63,0.76,10.41
2026-08-03,Monthly,2023-09-01,2023-09-30,15,State,Delaware,1097,-1.57,-15.05,372000,NA,4.79,33,200,400,1319,13.92,-2.97,3798,2.58,-4.3,1170,0.41,-13.36,207.23,0.8,8.47
2026-08-03,Monthly,2023-09-01,2023-09-30,19,State,Florida,32854,4.49,7.46,385000,NA,2.12,43,-100,700,42380,1.54,6.87,151740,3.96,5.96,36772,-1,-4.02,247.26,-0.46,3.4
2026-08-03,Monthly,2023-09-01,2023-09-30,21,State,Georgia,11149,0.11,-13.19,352000,NA,3.53,34,-100,-200,16850,4.27,-8.5,50011,1.56,-10.31,13345,-1.11,-9.85,179.11,-0.23,3.19
2026-08-03,Monthly,2023-09-01,2023-09-30,25,State,Hawaii,978,-3.02,-16.32,745000,NA,5.67,69,200,800,1262,6.02,-6.36,5349,0.01,-7.14,942,-15.95,-24.3,685.48,2.2,3.06
2026-08-03,Monthly,2023-09-01,2023-09-30,27,State,Idaho,2134,-2.59,-0.5,450000,NA,-1.96,38,-100,-500,2523,-2.56,-13.54,9294,1.25,-21.23,2193,-4.84,-10.82,258.95,1.21,1.34
2026-08-03,Monthly,2023-09-01,2023-09-30,29,State,Illinois,11528,-1.38,-12.66,270000,NA,7.14,48,-200,-900,13099,-0.68,-8.76,40670,-0.18,-20.39,12980,-3.89,-9.4,167.9,0.16,7.33
2026-08-03,Monthly,2023-09-01,2023-09-30,31,State,Indiana,6529,-2.1,-13.99,245000,NA,4.26,23,100,100,7599,2.31,-5.58,19682,2.86,-5.63,7632,-4.53,-5.66,139.49,0.21,5.7
2026-08-03,Monthly,2023-09-01,2023-09-30,33,State,Iowa,3045,-0.09,-12.09,220000,NA,6.8,27,200,-2100,3482,-2.53,-3.49,10499,1.41,-12.13,3205,-20.64,-10.42,150.73,0.93,6.22
2026-08-03,Monthly,2023-09-01,2023-09-30,35,State,Kansas,2810,2.29,-6.17,250000,NA,4.17,24,100,-300,3053,1.9,-2.21,8398,2.78,-2.53,2939,-2.13,-1.88,137.57,0.95,5.29
2026-08-03,Monthly,2023-09-01,2023-09-30,37,State,Kentucky,3589,-2.66,-14.68,245000,NA,4.26,31,0,-300,4443,5.37,-3.39,12625,3.25,-6.64,4061,-19.17,-15.9,154.09,0.13,6.31
2026-08-03,Monthly,2023-09-01,2023-09-30,39,State,Louisiana,3520,-0.42,-12.16,235000,NA,-1.35,58,0,1500,4624,0.69,-3.91,19324,2.11,12.35,3710,-3.98,-15.98,144.52,0.56,4.82
2026-08-03,Monthly,2023-09-01,2023-09-30,41,State,Maine,1284,-2.39,-24.68,380000,NA,13.43,39,0,-200,1721,-2.24,0.67,5148,3.95,-7.31,1518,-1.87,-15.38,241.72,-1.22,11.31
2026-08-03,Monthly,2023-09-01,2023-09-30,43,State,Maryland,5659,-2.19,-15.71,402000,NA,4.42,25,0,-300,6469,-0.1,-10.58,16206,1.11,-17.29,6419,-0.81,-12.8,217.8,-0.72,5.15
2026-08-03,Monthly,2023-09-01,2023-09-30,45,State,Massachusetts,4985,0.94,-17.43,580000,NA,5.45,22,0,0,5902,-1.53,-5.2,12997,0.29,-18.49,5344,-2.15,-15.5,345.13,1.5,8.55
2026-08-03,Monthly,2023-09-01,2023-09-30,47,State,Michigan,9794,-1.42,-12.53,250000,NA,6.38,23,-100,-500,11514,0.42,-3.35,31330,0.87,-9.92,10529,-2.8,-12.68,151.75,0.68,5.66
2026-08-03,Monthly,2023-09-01,2023-09-30,49,State,Minnesota,5702,0.38,-10.23,330000,NA,1.85,26,0,-100,6508,-2.53,-0.87,20678,NA,-4.74,5965,-3.54,-5.59,184.99,0.95,3.47
2026-08-03,Monthly,2023-09-01,2023-09-30,51,State,Mississippi,1824,-0.99,-11.3,249500,NA,4,42,300,600,2591,3.76,13.01,8452,3.41,10.12,2229,-3.5,7.54,137.84,-1.81,-0.49
2026-08-03,Monthly,2023-09-01,2023-09-30,2,State,Missouri,6230,-1.43,-14.26,252000,NA,3.81,23,200,0,7378,0.79,-1.07,20184,3.37,-3.24,7228,-5.23,-8.87,149.27,1.48,5.62
2026-08-03,Monthly,2023-09-01,2023-09-30,4,State,Montana,945,0.26,-9.03,495000,NA,5.34,66,-100,0,1375,0.11,3.14,5448,1.15,-2.85,1498,-2.9,41.95,273.76,0.62,6.82
2026-08-03,Monthly,2023-09-01,2023-09-30,6,State,Nebraska,1764,-0.42,-8.14,280000,NA,5.66,20,100,-200,1972,5.25,4.16,5234,-0.56,-2.66,1633,-5.88,-7.06,149.11,-0.97,2.43
2026-08-03,Monthly,2023-09-01,2023-09-30,8,State,Nevada,3372,-1.84,-3.8,429000,NA,-1.38,42,-100,-700,3876,-0.67,-14.08,11590,0.35,-38.88,3766,-5.05,-5.05,255.57,-0.19,2.44
2026-08-03,Monthly,2023-09-01,2023-09-30,10,State,New Hampshire,1311,-1.65,-23.4,470000,NA,11.64,32,200,100,1577,1.68,-6.38,4081,3.23,-13.99,1499,1.06,-9.66,256.89,-1.02,8.8
2026-08-03,Monthly,2023-09-01,2023-09-30,12,State,New Jersey,7162,-0.02,-20.71,485000,NA,10.23,32,-100,-2900,8329,-0.93,-11.66,24421,0.05,-32.86,8213,2.73,-42.04,278.98,0.56,7.2
2026-08-03,Monthly,2023-09-01,2023-09-30,14,State,New Mexico,1713,-1.62,-12.24,335000,NA,8.06,33,100,-1000,2093,-1.65,-2.5,6553,1.23,-9.21,1996,-5.42,-9.88,194.83,0.51,8.57
2026-08-03,Monthly,2023-09-01,2023-09-30,16,State,New York,10507,-1.46,-16.95,434700,NA,6.02,32,-100,-700,13218,-0.93,-8.11,45758,2.77,-13.35,11632,-2.66,-9.12,257.77,1.09,6.59
2026-08-03,Monthly,2023-09-01,2023-09-30,18,State,North Carolina,11872,-0.08,-14.03,358730,NA,2.49,36,-100,200,14033,2.56,-1.1,42095,1.6,-5.93,12959,-2.08,-8.96,198.1,0.21,5.18
2026-08-03,Monthly,2023-09-01,2023-09-30,20,State,North Dakota,601,-2.81,-20.8,271349,NA,2.4,74,200,300,712,-3.37,-0.64,3154,0.44,9.21,1006,49.62,41.84,141.2,1.41,8.92
2026-08-03,Monthly,2023-09-01,2023-09-30,22,State,Ohio,10410,-1.81,-14.64,227500,NA,4.84,31,0,-700,12378,5.09,-3.83,30215,3.91,-17.04,13087,7.55,-6.03,147.44,0.38,6.42
2026-08-03,Monthly,2023-09-01,2023-09-30,23,State,Oklahoma,3911,4.22,-15,230000,NA,-1.29,28,-200,300,4754,5.21,-1.12,14891,2.36,1.62,4400,-0.79,-7.16,146.43,1.67,4.25
2026-08-03,Monthly,2023-09-01,2023-09-30,24,State,Oregon,3708,-5.78,-19.29,495000,NA,-0.99,28,0,100,4630,-2.29,-11.01,14644,2.26,-5.75,4082,-4.12,-14.96,294.92,-0.12,2.45
2026-08-03,Monthly,2023-09-01,2023-09-30,26,State,Pennsylvania,10259,0.36,-14.46,265000,NA,3.52,29,0,-1000,11978,0.72,-6.85,33946,1.62,-17.34,11307,-3.44,-9.41,169.18,0.22,4.97
2026-08-03,Monthly,2023-09-01,2023-09-30,58,State,Puerto Rico,NA,NA,NA,NA,NA,NA,NA,NA,NA,NA,NA,NA,NA,NA,NA,NA,NA,NA,NA,NA,NA
2026-08-03,Monthly,2023-09-01,2023-09-30,28,State,Rhode Island,945,9.64,-7.67,445000,NA,9.88,24,100,-400,981,-6.22,-9.47,2239,0.12,-21.47,902,-7.72,-15.49,256.19,0.75,10.76
2026-08-03,Monthly,2023-09-01,2023-09-30,30,State,South Carolina,7073,-0.29,-9.14,333000,NA,0.91,53,-100,-200,8494,0.57,-1.54,30432,1.51,-6.53,7982,-3.13,-4.11,185.63,-1.43,3.65
2026-08-03,Monthly,2023-09-01,2023-09-30,32,State,South Dakota,726,-1.69,-15.19,304000,NA,3.05,57,300,0,925,5.61,2.93,3321,0.71,3.3,789,-2.23,-4.72,184.07,0.52,6.19
2026-08-03,Monthly,2023-09-01,2023-09-30,34,State,Tennessee,7612,-3.02,-18.68,350000,NA,1.48,52,0,600,9818,5.68,-5.1,33261,2.58,-4.81,9278,-0.17,-8.08,202.6,-0.25,3.74
2026-08-03,Monthly,2023-09-01,2023-09-30,36,State,Texas,26224,-4.44,-10.78,340000,NA,-1.45,41,-100,700,36694,2.53,3.43,127634,3.39,3.7,31636,-1.16,-7.77,178.92,-0.24,0.77
2026-08-03,Monthly,2023-09-01,2023-09-30,38,State,Utah,2807,-3.27,-13.73,495000,NA,0,37,-100,0,3922,1.36,2.28,12976,3.87,-10.02,3623,3.38,6.69,240.79,-0.27,3.29
2026-08-03,Monthly,2023-09-01,2023-09-30,40,State,Vermont,588,8.48,-18.63,385000,NA,4.05,40,-1000,-600,721,2.85,0.55,2191,2.08,-11.6,665,4.11,-7.62,229.6,0.88,5.38
2026-08-03,Monthly,2023-09-01,2023-09-30,42,State,Virginia,8273,-0.55,-15.89,380000,NA,4.11,22,0,-400,9568,1.19,-6.8,23764,1.5,-13.51,9096,-3.72,-13.29,210.73,-0.06,6.46
2026-08-03,Monthly,2023-09-01,2023-09-30,44,State,Washington,6722,-3.77,-20.51,575000,NA,0,15,0,-600,7950,-0.74,-12.13,19640,3.2,-19.94,7312,0.33,-15.15,327.08,0.5,2.51
2026-08-03,Monthly,2023-09-01,2023-09-30,46,State,West Virginia,1077,-4,-8.29,230000,NA,2.22,60,-300,-300,1279,2.83,4.82,4459,-0.34,-4.65,1095,-3.97,-5.64,134.71,0.73,7.31
2026-08-03,Monthly,2023-09-01,2023-09-30,48,State,Wisconsin,5338,0.57,-11.56,290000,NA,7.01,46,0,-300,6093,-0.4,0.13,18440,0.98,-5.95,5636,-4.4,-10.01,172.43,1.3,8.8
2026-08-03,Monthly,2023-09-01,2023-09-30,50,State,Wyoming,601,6.98,-5.97,333000,NA,8.12,62,-400,100,762,NA,12.72,3043,3.47,14.2,608,2.55,-5.6,171.4,1.27,5.07
2026-08-03,Monthly,2023-08-01,2023-08-31,1,State,Alabama,5005,-1.2,-16.17,279000,NA,3.37,46,100,300,6099,-0.57,-8.6,21508,1.5,0.15,6311,5.15,-3.95,152.18,0.22,3.84
2026-08-03,Monthly,2023-08-01,2023-08-31,3,State,Alaska,636,-2.82,-19.85,370000,NA,5.71,21,-300,-1100,801,-4.38,3.12,2220,2.4,-9.76,730,-1.36,-11.64,223.51,-1.1,7.26
2026-08-03,Monthly,2023-08-01,2023-08-31,5,State,Arizona,7905,0.35,-10.07,428000,NA,-0.3,43,-200,200,9192,-1.51,-13.15,29797,0.01,-27.66,9381,-2.26,-12.6,258.27,0.82,1.34
2026-08-03,Monthly,2023-08-01,2023-08-31,7,State,Arkansas,2934,-2.46,-18.17,250000,NA,4.17,38,100,0,3822,7.24,-0.67,12187,3.41,-0.94,3406,5.08,-6.88,146.77,-0.85,5.05
2026-08-03,Monthly,2023-08-01,2023-08-31,9,State,California,22102,-1.43,-13.86,720000,NA,3.15,27,0,-600,25909,2.43,-16.87,69663,0.86,-28.41,24152,-6.75,-20.13,456.84,0.98,4.71
2026-08-03,Monthly,2023-08-01,2023-08-31,11,State,Colorado,7179,-1.25,-11.24,550000,NA,2.5,32,-100,200,8793,1.79,-8,24726,2,-12.63,8659,0.45,-12.32,271.65,0.63,3.95
2026-08-03,Monthly,2023-08-01,2023-08-31,17,State,Columbia,596,-5.42,-10.2,625000,NA,-3.85,51,300,1300,819,-5.64,-6.29,2917,0.3,-6.12,629,-14.86,-20.15,524.8,-2.72,-2
2026-08-03,Monthly,2023-08-01,2023-08-31,13,State,Connecticut,3070,0.42,-21.92,380000,NA,7.04,38,100,-200,3488,3.5,-13.86,9460,1.46,-23.97,3602,-1.96,-19.93,212.02,1.44,9.53
2026-08-03,Monthly,2023-08-01,2023-08-31,15,State,Delaware,1115,9.09,-14.23,370000,NA,2.78,31,-100,400,1158,-0.87,-17.02,3702,0.49,-6.93,1165,-4.86,-18.65,205.59,1.12,6.92
2026-08-03,Monthly,2023-08-01,2023-08-31,19,State,Florida,31443,-1.56,-6.87,390000,NA,2.63,44,0,1300,41739,1.91,-7.96,145960,2.46,1.21,37145,-3.7,-11.06,248.41,0.92,3.83
2026-08-03,Monthly,2023-08-01,2023-08-31,21,State,Georgia,11137,-0.38,-15,359753,NA,5.81,35,0,300,16160,0.42,-11.5,49241,0.86,-10.39,13495,-3.29,-13.11,179.53,-0.02,3.25
2026-08-03,Monthly,2023-08-01,2023-08-31,25,State,Hawaii,1008,-2.7,-16.85,712000,NA,1.79,67,100,700,1190,1.32,-16.19,5348,-0.82,-7.95,1121,-2.03,-14.95,670.7,-2.59,0.96
2026-08-03,Monthly,2023-08-01,2023-08-31,27,State,Idaho,2191,1.45,1.87,450000,NA,-3.64,39,0,-100,2590,1.18,-12.64,9179,0.44,-22.75,2305,-7.16,-8.5,255.86,-1.44,-2.04
2026-08-03,Monthly,2023-08-01,2023-08-31,29,State,Illinois,11690,2.77,-11.69,280000,NA,7.69,50,0,-700,13189,1.81,-9.61,40741,0.25,-22.11,13505,-0.61,-11.25,167.62,0.48,6.51
2026-08-03,Monthly,2023-08-01,2023-08-31,31,State,Indiana,6668,1.41,-14.06,252000,NA,5,22,0,300,7427,0.5,-7.87,19134,1.48,-10.08,7995,2.86,-7.33,139.2,0.28,6.12
2026-08-03,Monthly,2023-08-01,2023-08-31,33,State,Iowa,3048,0.51,-13.6,230000,NA,8.11,25,-100,-2700,3572,0.33,-1.62,10353,0.23,-19.12,4038,15.11,5.23,149.34,1.26,5.04
2026-08-03,Monthly,2023-08-01,2023-08-31,35,State,Kansas,2747,0.85,-12.27,253000,NA,2.85,24,0,-400,2996,-1.17,-6.31,8171,0.43,-7.29,3003,1.73,-5.69,136.28,2.65,4.39
2026-08-03,Monthly,2023-08-01,2023-08-31,37,State,Kentucky,3687,2.34,-11.73,250000,NA,4.17,31,0,-300,4216,0.49,-10.06,12227,-0.17,-10.94,5024,17.46,6.42,153.88,1.68,5.4
2026-08-03,Monthly,2023-08-01,2023-08-31,39,State,Louisiana,3535,-0.86,-12.75,235000,NA,-2.08,58,0,2000,4592,2,-5.32,18924,2.1,12.62,3864,-2.94,-33.17,143.72,0.24,4.03
2026-08-03,Monthly,2023-08-01,2023-08-31,41,State,Maine,1315,-3.17,-21.97,375000,NA,10.29,39,-200,100,1760,7.25,2.8,4953,5.99,-13.82,1547,-2.72,-21.27,244.69,2.52,16.14
2026-08-03,Monthly,2023-08-01,2023-08-31,43,State,Maryland,5785,1.25,-15.92,410000,NA,5.4,25,0,-100,6475,-1.61,-13.18,16028,1,-20.39,6472,-2.21,-16.37,219.37,1.26,5.93
2026-08-03,Monthly,2023-08-01,2023-08-31,45,State,Massachusetts,4939,-2,-20.4,610000,NA,7.77,22,0,100,5994,-0.48,-3.85,12959,2.81,-23.29,5461,0.07,-24.03,340.04,-1.33,5.84
2026-08-03,Monthly,2023-08-01,2023-08-31,47,State,Michigan,9935,0.66,-12.75,254650,NA,6.1,24,-100,-200,11466,0.5,-4.45,31059,-0.32,-11.39,10833,-0.42,-10.16,150.73,0.55,5.62
2026-08-03,Monthly,2023-08-01,2023-08-31,49,State,Minnesota,5681,1.49,-11.66,347000,NA,4.93,26,0,200,6677,2.33,-0.76,21478,NA,-6.32,6184,-2.37,-7.8,183.25,-0.85,2.86
2026-08-03,Monthly,2023-08-01,2023-08-31,51,State,Mississippi,1842,0.73,-7.6,245000,NA,2.08,39,-200,500,2497,6.24,3.45,8172,1.29,6.7,2309,-2.02,10.24,140.38,1.69,2.76
2026-08-03,Monthly,2023-08-01,2023-08-31,2,State,Missouri,6320,-0.79,-13.69,260000,NA,6.34,21,-100,0,7321,0.87,-5.31,19526,1.53,-9.25,7627,2.05,-22.16,147.09,-0.76,4.59
2026-08-03,Monthly,2023-08-01,2023-08-31,4,State,Montana,942,-0.95,-8.01,489700,NA,3.09,66,400,200,1373,3.38,2.36,5386,1.18,-3.37,1542,20.43,52.93,272.07,-1.73,6.5
2026-08-03,Monthly,2023-08-01,2023-08-31,6,State,Nebraska,1772,3.8,-5.63,287004,NA,8.3,19,0,-200,1874,-4.6,-8.89,5264,-2.32,-6.26,1735,-1.23,-6.66,150.57,0.33,7.02
2026-08-03,Monthly,2023-08-01,2023-08-31,8,State,Nevada,3436,-4.25,2.11,430000,NA,-1.04,43,-100,-100,3902,4.01,-22.83,11550,-2.44,-39.52,3966,-5.46,-6.49,256.06,0.52,2.22
2026-08-03,Monthly,2023-08-01,2023-08-31,10,State,New Hampshire,1333,-0.12,-20.41,460000,NA,7.33,29,-300,-100,1551,2.16,-10.51,3953,0.31,-20.57,1483,-2.77,-18.63,259.53,0.09,10
2026-08-03,Monthly,2023-08-01,2023-08-31,12,State,New Jersey,7163,-0.31,-20.36,500000,NA,11.11,33,100,-2900,8407,2.71,-15.66,24409,3.15,-35.28,7995,-0.45,-21.87,277.44,0.31,7.5
2026-08-03,Monthly,2023-08-01,2023-08-31,14,State,New Mexico,1741,1.2,-12.34,335000,NA,9.84,32,0,-1200,2128,8.35,0.05,6473,1.69,-11.46,2110,1.64,-2.58,193.84,0.45,6.75
2026-08-03,Monthly,2023-08-01,2023-08-31,16,State,New York,10662,1.83,-16.7,461000,NA,3.83,32,-100,-300,13343,2.71,-7.64,44524,1.58,-17.74,11950,0.49,-9.54,254.99,-0.25,7.19
2026-08-03,Monthly,2023-08-01,2023-08-31,18,State,North Carolina,11882,0.31,-14.98,360000,NA,2.86,37,-200,500,13682,5.1,-9.36,41431,0.46,-9.28,13235,-1.53,-11.93,197.68,0.74,4.82
2026-08-03,Monthly,2023-08-01,2023-08-31,20,State,North Dakota,619,6.7,-12,269000,NA,5.49,72,300,-100,737,-5.46,-1.23,3141,3.25,5.76,673,4.94,-4.71,139.23,-1.35,7.13
2026-08-03,Monthly,2023-08-01,2023-08-31,22,State,Ohio,10602,0.39,-16.26,239900,NA,7.5,30,0,-700,11779,2.09,-10.49,29079,-0.61,-22.92,12168,-6.25,-19.3,146.87,0.31,7.14
2026-08-03,Monthly,2023-08-01,2023-08-31,23,State,Oklahoma,3753,-2.67,-17.14,238375,NA,3.19,30,100,800,4518,-0.76,-7.22,14548,1.4,-1.11,4435,2.19,-11.75,144.02,-0.96,3.98
2026-08-03,Monthly,2023-08-01,2023-08-31,24,State,Oregon,3935,1.56,-13.18,500000,NA,-0.99,29,100,600,4739,4.02,-8.43,14321,1.78,-8.47,4258,-3.65,-18.98,295.28,0.71,1.45
2026-08-03,Monthly,2023-08-01,2023-08-31,26,State,Pennsylvania,10222,1.74,-14.62,280000,NA,5.66,29,-100,-900,11892,4.09,-8.17,33405,0.03,-19.53,11709,-0.79,-9.22,168.81,0.66,5.23
2026-08-03,Monthly,2023-08-01,2023-08-31,58,State,Puerto Rico,NA,NA,NA,NA,NA,NA,NA,NA,NA,NA,NA,NA,NA,NA,NA,NA,NA,NA,NA,NA,NA
2026-08-03,Monthly,2023-08-01,2023-08-31,28,State,Rhode Island,862,2.03,-23.43,448500,NA,12.13,23,100,-500,1046,7.24,-6.55,2236,2.93,-26.89,978,5.86,-17.21,254.29,1.03,11.57
2026-08-03,Monthly,2023-08-01,2023-08-31,30,State,South Carolina,7093,1.59,-10.16,336460,NA,3.53,53,-200,100,8446,1.98,-3.41,29978,1.9,-8.69,8240,-0.67,-5.22,188.32,0.69,5.47
2026-08-03,Monthly,2023-08-01,2023-08-31,32,State,South Dakota,738,-3.42,-7.26,317004,NA,6.02,54,-100,-100,875,-1.36,-8.75,3298,-1.18,-0.35,807,-1.62,-6.02,183.12,1.61,6.75
2026-08-03,Monthly,2023-08-01,2023-08-31,34,State,Tennessee,7849,1.04,-13.57,360000,NA,4.35,52,0,800,9290,3.26,-12.63,32424,1.75,-6.48,9294,-0.14,-10.58,203.1,0.77,4.44
2026-08-03,Monthly,2023-08-01,2023-08-31,36,State,Texas,27442,0.45,-5.16,343280,NA,-1.05,42,0,1200,35789,-1.04,1.31,123454,1.93,2.59,32007,-3.21,-8.63,179.35,0.2,0.73
2026-08-03,Monthly,2023-08-01,2023-08-31,38,State,Utah,2902,-0.7,-8.54,496500,NA,-1.57,38,100,700,3869,2.49,-0.69,12492,2.09,-12.9,3505,-2.74,-4.48,241.45,-0.21,2.95
2026-08-03,Monthly,2023-08-01,2023-08-31,40,State,Vermont,542,-4.28,-26.71,410000,NA,17.31,50,200,900,701,19.05,-9.81,2146,7.44,-16.77,639,1.91,-20.74,227.59,2.12,6.3
2026-08-03,Monthly,2023-08-01,2023-08-31,42,State,Virginia,8319,-0.17,-18.01,399999,NA,7.95,23,0,-200,9455,1.29,-10.54,23412,1.2,-16.93,9447,-4.15,-14.74,210.86,0.42,6.4
2026-08-03,Monthly,2023-08-01,2023-08-31,44,State,Washington,6985,-1.3,-17.42,584998,NA,1.74,14,-300,-400,8010,1.65,-15.23,19031,0.46,-24.85,7288,-7.86,-21.44,325.46,0.84,1.67
2026-08-03,Monthly,2023-08-01,2023-08-31,46,State,West Virginia,1122,4.98,-8.35,232000,NA,3.34,63,100,200,1244,1.41,-3.46,4474,2.05,-6.6,1140,-0.13,-10.94,133.73,0.51,7.43
2026-08-03,Monthly,2023-08-01,2023-08-31,48,State,Wisconsin,5308,0.71,-14.92,299900,NA,9.09,46,-100,-300,6117,2.48,0.38,18261,1.57,-10.37,5895,-0.81,-10.71,170.22,0.5,7.71
2026-08-03,Monthly,2023-08-01,2023-08-31,50,State,Wyoming,562,-4.18,-12.03,330000,NA,4.76,67,-100,500,960,NA,7.74,2941,2.63,8.57,593,1.1,-10.46,169.25,-0.33,2.98
2026-08-03,Monthly,2023-07-01,2023-07-31,1,State,Alabama,5066,-0.49,-15.58,279900,NA,1.41,45,0,300,6135,2.45,-6.63,21191,0.94,-1.16,6002,4.3,-9.37,151.84,-0.19,3.48
2026-08-03,Monthly,2023-07-01,2023-07-31,3,State,Alaska,654,-3.24,-21.38,383000,NA,7.07,24,-200,-600,838,5.7,-0.67,2168,1.84,-16.06,740,1.9,-18.54,225.99,1.74,7.82
2026-08-03,Monthly,2023-07-01,2023-07-31,5,State,Arizona,7877,-0.44,-13.26,430000,NA,-2.45,45,-300,800,9333,3.6,-28.59,29796,-1.35,-25.46,9598,0.49,-4.9,256.18,-0.08,-1.39
2026-08-03,Monthly,2023-07-01,2023-07-31,7,State,Arkansas,3008,-2.01,-12.68,250000,NA,4.6,37,-100,0,3564,0.02,-14,11786,0.24,-4.54,3241,-0.27,-13.34,148.03,0.61,6.3
2026-08-03,Monthly,2023-07-01,2023-07-31,9,State,California,22422,0.88,-13.23,719000,NA,0.56,27,-100,-200,25294,2.2,-24.4,69070,-0.95,-29.21,25900,1.68,-11.67,452.43,1.82,2.11
2026-08-03,Monthly,2023-07-01,2023-07-31,11,State,Colorado,7270,2.02,-13.52,545000,NA,0.93,33,0,400,8638,2.72,-19,24242,0.62,-13.53,8620,1.81,-4.67,269.94,0.55,2.57
2026-08-03,Monthly,2023-07-01,2023-07-31,17,State,Columbia,630,4.96,-8.06,615000,NA,-5.24,48,-100,1100,868,7.29,-12,2908,1.79,-6.91,739,5.33,-1.66,539.46,6.17,6.16
2026-08-03,Monthly,2023-07-01,2023-07-31,13,State,Connecticut,3057,-2.56,-23.54,389900,NA,6.82,37,100,-300,3371,0.06,-23.51,9324,-1.97,-27.86,3674,2.05,-20.5,209.01,1.43,7.53
2026-08-03,Monthly,2023-07-01,2023-07-31,15,State,Delaware,1022,-2.33,-23.23,378000,NA,8,32,0,1000,1168,-1.21,-21.86,3684,-0.18,-8.24,1225,3.03,-14.12,203.3,0.85,7.91
2026-08-03,Monthly,2023-07-01,2023-07-31,19,State,Florida,31940,0.81,-6.5,389000,NA,1.04,44,-100,1800,40957,2.63,-12.59,142460,0.97,1.68,38571,2.18,-5.61,246.14,0.38,2.38
2026-08-03,Monthly,2023-07-01,2023-07-31,21,State,Georgia,11179,-0.58,-16.1,355000,NA,2.9,35,-100,700,16092,4.66,-16.03,48820,0.53,-8.73,13954,3.46,-8.94,179.58,0.62,3.31
2026-08-03,Monthly,2023-07-01,2023-07-31,25,State,Hawaii,1036,-2.78,-19.52,700000,NA,-3.45,66,-200,900,1175,-4.65,-23.04,5393,-2.25,-7.5,1144,0.13,-17.68,688.52,-0.21,4.3
2026-08-03,Monthly,2023-07-01,2023-07-31,27,State,Idaho,2160,-2.87,2.75,460000,NA,-4.17,39,100,100,2559,2.15,-24.09,9138,0.05,-22.55,2482,7.61,-1.16,259.6,0.66,-0.63
2026-08-03,Monthly,2023-07-01,2023-07-31,29,State,Illinois,11375,-0.24,-16.95,285000,NA,4.4,50,0,-600,12954,1.36,-17.37,40640,-0.92,-24.55,13588,3.48,-9.53,166.82,0.31,5.52
2026-08-03,Monthly,2023-07-01,2023-07-31,31,State,Indiana,6576,-1.84,-16.67,255000,NA,4.08,21,200,0,7390,0.8,-11.32,18854,0.2,-15.16,7772,4.47,-12.67,138.82,-0.11,5.89
2026-08-03,Monthly,2023-07-01,2023-07-31,33,State,Iowa,3033,-0.55,-13.79,230000,NA,2.22,26,0,-2500,3560,2.87,-8.73,10329,1.53,-20.08,3508,9.47,0.41,147.49,-1.44,4.1
2026-08-03,Monthly,2023-07-01,2023-07-31,35,State,Kansas,2724,-3.57,-10.58,257850,NA,1.12,23,0,-800,3032,-0.69,-9.5,8136,-0.32,-10.68,2952,0.57,-11.94,132.76,-1.24,3.04
2026-08-03,Monthly,2023-07-01,2023-07-31,37,State,Kentucky,3603,-0.75,-16.95,257000,NA,7.08,31,0,100,4195,-0.79,-15.19,12248,-0.35,-11.82,4277,5.84,-7.75,151.35,-1.09,3.84
2026-08-03,Monthly,2023-07-01,2023-07-31,39,State,Louisiana,3565,0.87,-12.97,242527,NA,-2.69,58,-100,2700,4502,2.05,-10.15,18534,0.85,13.57,3981,4.72,-10.61,143.38,-0.26,3.09
2026-08-03,Monthly,2023-07-01,2023-07-31,41,State,Maine,1358,2.86,-19.45,380000,NA,8.46,42,0,700,1641,10.3,-14.01,4673,-0.9,-20.6,1590,2.42,-16.99,238.69,0.31,10.91
2026-08-03,Monthly,2023-07-01,2023-07-31,43,State,Maryland,5714,1.45,-18.5,410000,NA,3.8,25,-300,0,6581,5.76,-20.99,15869,-1.17,-22.58,6618,1.4,-14.87,216.65,0.48,4.57
2026-08-03,Monthly,2023-07-01,2023-07-31,45,State,Massachusetts,5040,-0.24,-19.55,620000,NA,5.08,22,0,100,6023,3.44,-23.39,12605,0.03,-27.42,5457,-4.32,-23.63,344.64,1.89,6.91
2026-08-03,Monthly,2023-07-01,2023-07-31,47,State,Michigan,9870,-1.75,-15.11,256522,NA,2.61,25,0,0,11409,0.36,-17.88,31158,-0.77,-14.08,10879,0.08,-11.71,149.91,0.96,6.09
2026-08-03,Monthly,2023-07-01,2023-07-31,49,State,Minnesota,5597,-1.06,-15.76,340100,NA,0.53,26,-100,200,6524,0.44,-9.85,20465,NA,-10.45,6334,3.05,-7.63,184.82,0.76,4.43
2026-08-03,Monthly,2023-07-01,2023-07-31,51,State,Mississippi,1829,0.25,-11.02,250000,NA,0,41,400,1300,2350,0.59,-6.01,8068,0.69,7.72,2357,6.29,13.42,138.04,-0.43,2.25
2026-08-03,Monthly,2023-07-01,2023-07-31,2,State,Missouri,6370,1.13,-14.74,260000,NA,4,22,100,0,7258,3.72,-12.46,19232,2.33,-13.53,7474,7.82,-7.86,148.22,-0.09,5.34
2026-08-03,Monthly,2023-07-01,2023-07-31,4,State,Montana,951,1.67,-11.35,495000,NA,6.45,62,-400,-100,1328,2.58,-8.47,5324,-0.2,-3.94,1281,5.54,17.7,276.85,2.89,6.88
2026-08-03,Monthly,2023-07-01,2023-07-31,6,State,Nebraska,1707,-0.84,-10.6,290000,NA,5.45,19,-100,200,1964,0.26,-7.31,5389,1.82,-3.44,1756,1.35,-2.32,150.08,1.39,3.23
2026-08-03,Monthly,2023-07-01,2023-07-31,8,State,Nevada,3588,4,0.44,432000,NA,-2.92,44,-300,1000,3751,-1.95,-37.93,11839,-4.21,-34.95,4196,0.99,5.93,254.73,0.54,1
2026-08-03,Monthly,2023-07-01,2023-07-31,10,State,New Hampshire,1335,-4.95,-17.49,460000,NA,6.98,32,0,400,1518,-0.08,-17.32,3941,-2.96,-20.97,1525,-0.28,-15.74,259.31,3.21,10.94
2026-08-03,Monthly,2023-07-01,2023-07-31,12,State,New Jersey,7185,-2.62,-22.11,481000,NA,4.79,32,-1000,-3100,8186,0.76,-24.88,23664,-6.69,-39.57,8031,-7.48,-27.82,276.58,1.16,7.53
2026-08-03,Monthly,2023-07-01,2023-07-31,14,State,New Mexico,1720,-1.61,-12.37,324902,NA,6.53,32,0,-1000,1964,0.55,-16.93,6366,0.26,-13.63,2076,1.28,-64.41,192.97,0.6,6.8
2026-08-03,Monthly,2023-07-01,2023-07-31,16,State,New York,10470,-1.88,-21.1,450000,NA,-1.1,33,-100,-100,12990,3.14,-13.46,43833,-1.64,-19.99,11892,0.21,-11.32,255.62,0.09,7.44
2026-08-03,Monthly,2023-07-01,2023-07-31,18,State,North Carolina,11846,-1.08,-17.13,365500,NA,2.24,39,0,800,13019,4.49,-20.57,41241,0.14,-10.36,13440,4.34,-9.89,196.22,0.38,4.16
2026-08-03,Monthly,2023-07-01,2023-07-31,20,State,North Dakota,580,-10.43,-18.08,285000,NA,5.56,69,-600,-400,780,8.15,11.3,3042,2.46,2.71,641,-8.14,-11.22,141.14,1.14,6.54
2026-08-03,Monthly,2023-07-01,2023-07-31,22,State,Ohio,10561,-0.57,-17.02,239900,NA,6.62,31,0,-700,11538,-1.05,-17.97,29258,-2.11,-24.27,12978,-0.01,-12.9,146.43,0.71,7.19
2026-08-03,Monthly,2023-07-01,2023-07-31,23,State,Oklahoma,3856,-0.67,-16.66,247500,NA,5.32,29,0,700,4553,1.49,-18.06,14346,-0.22,-2.41,4340,-0.48,-16.46,145.41,0.38,5.85
2026-08-03,Monthly,2023-07-01,2023-07-31,24,State,Oregon,3875,1.36,-18.23,500000,NA,-2.42,28,0,800,4556,-2.75,-20.02,14070,-0.98,-10.53,4419,-32.46,-11.8,293.19,0.25,1.4
2026-08-03,Monthly,2023-07-01,2023-07-31,26,State,Pennsylvania,10048,-0.53,-17.19,282658,NA,3.16,30,-100,-800,11425,5.18,-17.07,33393,-1.08,-20.62,11802,5.62,-9.86,167.7,0.86,3.32
2026-08-03,Monthly,2023-07-01,2023-07-31,58,State,Puerto Rico,NA,NA,NA,NA,NA,NA,NA,NA,NA,NA,NA,NA,NA,NA,NA,NA,NA,NA,NA,NA,NA
2026-08-03,Monthly,2023-07-01,2023-07-31,28,State,Rhode Island,845,-5.55,-28.87,440000,NA,9.45,21,-300,-200,976,2.31,-25.63,2173,-3.39,-33.64,923,-2.09,-26.41,251.69,2.08,11.03
2026-08-03,Monthly,2023-07-01,2023-07-31,30,State,South Carolina,6982,-1.13,-13.61,337000,NA,2.12,56,100,600,8282,3,-8.06,29420,0.18,-9.77,8296,4.95,-3.63,187.03,1.3,3.94
2026-08-03,Monthly,2023-07-01,2023-07-31,32,State,South Dakota,764,2.89,-5.59,320000,NA,2.89,55,100,-300,887,-1.58,-10.32,3337,1.32,1.85,820,2.08,-23.83,180.22,1.18,4.83
2026-08-03,Monthly,2023-07-01,2023-07-31,34,State,Tennessee,7769,-1.71,-15.92,360000,NA,3.62,52,0,1000,8997,-1.52,-21.14,31866,-0.62,-5.71,9307,1.38,-10.78,201.56,-0.32,2.5
2026-08-03,Monthly,2023-07-01,2023-07-31,36,State,Texas,27320,0.04,-7.18,347500,NA,-0.71,42,0,1600,36164,2.11,-8.36,121114,0.54,4.52,33069,1.88,-4.64,179,0.61,0.32
2026-08-03,Monthly,2023-07-01,2023-07-31,38,State,Utah,2922,3.69,-3.57,495000,NA,-2.94,38,-100,1100,3775,0.67,-19.22,12237,0.43,-11.77,3604,-0.77,-2.15,241.94,1.68,3.63
2026-08-03,Monthly,2023-07-01,2023-07-31,40,State,Vermont,566,-4.16,-17.2,400000,NA,8.11,49,600,1200,589,-7.09,-22.2,1997,-6.56,-21.05,627,-4.95,-21.33,222.87,0.8,9.57
2026-08-03,Monthly,2023-07-01,2023-07-31,42,State,Virginia,8334,-1.12,-19.78,399950,NA,5.25,23,0,0,9334,2.74,-17.59,23136,0.35,-19.8,9856,5.36,-11.34,209.99,1.49,6.34
2026-08-03,Monthly,2023-07-01,2023-07-31,44,State,Washington,7077,3.13,-16.57,585168,NA,-0.82,18,300,400,7880,1.17,-25.35,18944,-0.68,-25.92,7909,3.08,-15.73,322.75,0.43,0.37
2026-08-03,Monthly,2023-07-01,2023-07-31,46,State,West Virginia,1069,-0.94,-7.74,235000,NA,9.3,62,400,300,1227,0.05,-5.98,4384,-0.73,-8.29,1142,-1.57,-7.9,133.05,0.67,7.19
2026-08-03,Monthly,2023-07-01,2023-07-31,48,State,Wisconsin,5271,1.06,-16.23,300000,NA,7.14,46,0,-200,5969,1.76,-12.19,17978,0.88,-15.09,5943,3.93,-12.35,169.37,0.54,8.41
2026-08-03,Monthly,2023-07-01,2023-07-31,50,State,Wyoming,586,-1.72,-12.16,325000,NA,3.42,67,0,800,915,NA,10.24,2865,1.38,5,587,-1.12,-13.96,169.81,2.77,5.18
2026-08-03,Monthly,2023-06-01,2023-06-30,1,State,Alabama,5091,0.71,-19.7,286700,NA,1.93,45,-200,200,5988,0.71,-14.63,20993,-0.5,-2.35,5754,-3.29,-20,152.14,-0.19,4.06
2026-08-03,Monthly,2023-06-01,2023-06-30,3,State,Alaska,676,5.11,-25.02,380250,NA,2.8,26,-400,-100,793,14.77,-17.63,2128,0.31,-19.98,726,-0.65,-19.56,222.13,-0.56,6.44
2026-08-03,Monthly,2023-06-01,2023-06-30,5,State,Arizona,7912,-1.43,-18.04,434840,NA,-4.43,48,-500,1400,9009,-0.64,-33.95,30202,-3.63,-18.02,9551,-3.4,-9.78,256.38,0.41,-2.33
2026-08-03,Monthly,2023-06-01,2023-06-30,7,State,Arkansas,3069,1.41,-13.83,253000,NA,2.14,38,100,100,3563,-3.89,-17.05,11758,-1.04,-2.99,3250,-3.15,-14.38,147.14,1.68,6.17
2026-08-03,Monthly,2023-06-01,2023-06-30,9,State,California,22226,-1.91,-21.47,725000,NA,-1.36,28,-500,300,24749,0.17,-30.04,69731,-1.79,-25.74,25473,2.94,-15.86,444.32,0.24,0.39
2026-08-03,Monthly,2023-06-01,2023-06-30,11,State,Colorado,7126,-1.01,-21.28,550000,NA,-1.79,33,-100,800,8409,2.2,-22.52,24093,-1.01,-9.78,8467,1.39,-12.23,268.48,-0.06,2.6
2026-08-03,Monthly,2023-06-01,2023-06-30,17,State,Columbia,600,-3.72,-18.15,615000,NA,-15.17,50,-300,1400,809,8.1,-16.24,2857,-0.51,-8.12,702,-2.31,-10.36,508.11,-0.64,-5.27
2026-08-03,Monthly,2023-06-01,2023-06-30,13,State,Connecticut,3137,-0.29,-23.8,385000,NA,7.45,36,-100,-300,3369,0.86,-27.58,9511,-2.21,-26.54,3600,-2.8,-24.6,206.07,-0.06,5.74
2026-08-03,Monthly,2023-06-01,2023-06-30,15,State,Delaware,1046,-6.27,-16.09,370985,NA,3.02,32,-300,1100,1182,1.04,-23.51,3691,-0.07,-7.29,1189,-5.95,-19.6,201.58,-0.42,7.82
2026-08-03,Monthly,2023-06-01,2023-06-30,19,State,Florida,31684,-1.28,-12.58,395000,NA,0,46,-100,2200,39907,-0.47,-17.01,141091,-0.25,7.86,37747,-0.92,-8.77,245.2,-0.18,1.17
2026-08-03,Monthly,2023-06-01,2023-06-30,21,State,Georgia,11244,-0.7,-19.03,360000,NA,1.41,36,-400,1000,15375,1.37,-20.88,48562,-1.16,-5.4,13488,-2.93,-14.24,178.46,0.19,3.22
2026-08-03,Monthly,2023-06-01,2023-06-30,25,State,Hawaii,1066,3.37,-25.24,710775,NA,-3.3,68,-200,1200,1232,0.31,-23.36,5516,-0.91,-6.1,1143,-2.55,-20.51,689.97,3.58,1.22
2026-08-03,Monthly,2023-06-01,2023-06-30,27,State,Idaho,2223,6.9,-3.95,450000,NA,-9.82,37,-700,400,2506,-3.42,-33.59,9134,-1.8,-16.61,2307,-4.51,-4.42,257.9,0.11,-1.62
2026-08-03,Monthly,2023-06-01,2023-06-30,29,State,Illinois,11402,1.6,-20.72,290000,NA,1.75,50,100,-500,12780,0.75,-23.75,41016,-1.44,-25.82,13131,-0.42,-17.37,166.31,1.45,4.74
2026-08-03,Monthly,2023-06-01,2023-06-30,31,State,Indiana,6699,0.2,-15.78,255000,NA,2,20,-100,-1400,7332,-1.06,-15.08,18817,-1.06,-17.35,7440,-5.43,-19.17,138.97,1.24,6.14
2026-08-03,Monthly,2023-06-01,2023-06-30,33,State,Iowa,3049,1.41,-17.42,235000,NA,4.44,26,-100,-2600,3461,0.04,-15.85,10174,0.39,-21.99,3204,-6.94,-15.64,149.64,2.18,7.87
2026-08-03,Monthly,2023-06-01,2023-06-30,35,State,Kansas,2825,2.15,-10.92,265000,NA,0,23,-100,-700,3053,1.3,-11.94,8163,-0.18,-11.15,2935,0.2,-10.14,134.43,1.16,5.27
2026-08-03,Monthly,2023-06-01,2023-06-30,37,State,Kentucky,3630,-0.2,-17.66,255000,NA,2.82,31,-100,400,4229,1.54,-19.38,12292,0.37,-10.78,4041,-2.73,-15.22,153.02,1.36,6.63
2026-08-03,Monthly,2023-06-01,2023-06-30,39,State,Louisiana,3535,2.79,-18.43,247830,NA,-2.81,59,300,3100,4412,-0.37,-18.77,18377,1.35,14.01,3801,1.4,-17.41,143.76,1.38,2.51
2026-08-03,Monthly,2023-06-01,2023-06-30,41,State,Maine,1321,-3.38,-25.17,385000,NA,5.48,42,-100,1900,1488,-2.85,-25.22,4715,-5.11,-17.92,1552,0.87,-22.68,237.96,0.82,12.18
2026-08-03,Monthly,2023-06-01,2023-06-30,43,State,Maryland,5632,-2.49,-21.75,412650,NA,1.89,27,0,600,6222,1.78,-26.18,16057,-1.96,-20.09,6526,-2.1,-19.17,215.61,1.02,3.4
2026-08-03,Monthly,2023-06-01,2023-06-30,45,State,Massachusetts,5052,-0.12,-22.24,619000,NA,3.17,22,0,100,5823,-3.29,-26.71,12602,-8.01,-25.81,5704,0.32,-17.96,338.26,0.34,6.21
2026-08-03,Monthly,2023-06-01,2023-06-30,47,State,Michigan,10045,1.1,-14.75,257500,NA,1.98,25,-200,100,11368,-0.32,-19.29,31401,-1.43,-12.83,10870,-0.06,-13.09,148.49,0.62,4.08
2026-08-03,Monthly,2023-06-01,2023-06-30,49,State,Minnesota,5657,5.26,-17.55,350000,NA,1.45,27,-100,600,6496,1.19,-13.8,20618,NA,-10.05,6146,1.46,-14.54,183.43,0.07,3.59
2026-08-03,Monthly,2023-06-01,2023-06-30,51,State,Mississippi,1824,0.42,-13.94,257000,NA,2.8,37,-300,900,2336,1.5,-9.93,8012,0.35,8.73,2218,-0.95,1.81,138.64,-0.14,3.08
2026-08-03,Monthly,2023-06-01,2023-06-30,2,State,Missouri,6299,-0.2,-18.13,264000,NA,1.58,21,-200,-1000,6997,1.37,-18.48,18794,-1.69,-17.65,6931,-4.65,-21.05,148.35,0.91,6.03
2026-08-03,Monthly,2023-06-01,2023-06-30,4,State,Montana,936,-6.71,-14.28,499900,NA,0.99,66,-100,500,1295,3.49,-9.85,5335,-1.3,-2.17,1213,-8.53,6.53,269.07,0.52,3.17
2026-08-03,Monthly,2023-06-01,2023-06-30,6,State,Nebraska,1721,2.16,-13.43,295000,NA,8.46,19,100,300,1959,1.62,-9.73,5292,2.08,-2.65,1733,2.63,-6.04,148.03,-1.13,5.04
2026-08-03,Monthly,2023-06-01,2023-06-30,8,State,Nevada,3450,-1.04,-13.35,427745,NA,-6.88,47,-500,1500,3826,2.83,-40.58,12359,-4.44,-24.24,4155,0.55,-3.4,253.36,1.69,-1.74
2026-08-03,Monthly,2023-06-01,2023-06-30,10,State,New Hampshire,1405,5.7,-19.17,475000,NA,9.7,32,100,500,1519,-0.15,-16.98,4062,-0.92,-17.6,1530,0.33,-16.52,251.25,-1.45,6.79
2026-08-03,Monthly,2023-06-01,2023-06-30,12,State,New Jersey,7379,2.25,-22.73,477888,NA,4.86,42,-100,-2300,8124,2.58,-29.32,25361,-2.5,-36.29,8679,1.04,-16.88,273.42,1.36,6.96
2026-08-03,Monthly,2023-06-01,2023-06-30,14,State,New Mexico,1749,6.61,-15.28,334000,NA,9.51,32,-300,-700,1954,2.02,-15.67,6349,-0.2,-11.87,2050,-1.23,-6.36,191.82,1.04,6.52
2026-08-03,Monthly,2023-06-01,2023-06-30,16,State,New York,10671,-1.29,-21.49,460000,NA,-3.16,34,-300,100,12595,-1.89,-19.92,44562,-3.76,-17.88,11867,-1.44,-14.51,255.4,-1.44,5.96
2026-08-03,Monthly,2023-06-01,2023-06-30,18,State,North Carolina,11975,-0.21,-18.2,365000,NA,0.16,39,0,800,12459,-0.89,-27.63,41185,-1.23,-10.35,12881,-3.31,-14.92,195.47,0.68,3.93
2026-08-03,Monthly,2023-06-01,2023-06-30,20,State,North Dakota,647,14.73,-9.09,285000,NA,2.15,75,400,100,721,0.66,-8.22,2969,4.35,-2.23,698,47.2,-4.02,139.55,0.43,4.99
2026-08-03,Monthly,2023-06-01,2023-06-30,22,State,Ohio,10621,1.62,-16.9,240611,NA,3.94,30,0,-700,11660,-0.26,-21.87,29888,-2.47,-23.26,12980,1.82,-16.49,145.39,1.23,6.43
2026-08-03,Monthly,2023-06-01,2023-06-30,23,State,Oklahoma,3882,-2.04,-15.66,248000,NA,2.48,29,-200,1000,4486,-0.51,-20.23,14378,-0.99,2.98,4361,-1.9,-14.94,144.87,1.06,5.26
2026-08-03,Monthly,2023-06-01,2023-06-30,24,State,Oregon,3823,3.15,-24.62,505000,NA,-2.88,28,-500,1300,4685,2.78,-21.98,14210,1.02,-6.16,6543,54.01,29.39,292.46,-0.54,0.49
2026-08-03,Monthly,2023-06-01,2023-06-30,26,State,Pennsylvania,10101,-1.6,-18.86,287000,NA,2.5,32,-100,-400,10863,-0.76,-27.07,33758,-3.31,-19.87,11175,-4.63,-17.11,166.27,0.58,2.73
2026-08-03,Monthly,2023-06-01,2023-06-30,58,State,Puerto Rico,NA,NA,NA,NA,NA,NA,NA,NA,NA,NA,NA,NA,NA,NA,NA,NA,NA,NA,NA,NA,NA
2026-08-03,Monthly,2023-06-01,2023-06-30,28,State,Rhode Island,894,-0.73,-22.52,440000,NA,6.05,25,-100,300,954,-4.56,-32.14,2249,-7.49,-32.06,943,-4.17,-21.72,246.58,1.86,11.67
2026-08-03,Monthly,2023-06-01,2023-06-30,30,State,South Carolina,7062,0.1,-14.56,341270,NA,2.29,54,-200,400,8041,-0.51,-15.09,29367,-0.97,-8.87,7904,-3.05,-10.72,184.63,-0.3,2.91
2026-08-03,Monthly,2023-06-01,2023-06-30,32,State,South Dakota,743,6.17,-7.42,327000,NA,4.81,54,0,-500,902,1.6,-8.5,3293,3.78,3.17,804,-1.19,-4.18,178.11,-1.79,2.13
2026-08-03,Monthly,2023-06-01,2023-06-30,34,State,Tennessee,7904,-1.43,-21.79,360000,NA,0.38,52,0,1100,9136,1.64,-23.68,32066,-1.44,-1.43,9180,-2.01,-15.52,202.21,0.58,3.54
2026-08-03,Monthly,2023-06-01,2023-06-30,36,State,Texas,27310,-0.84,-10.09,350000,NA,-3.03,42,-300,1800,35418,-0.53,-11.66,120463,0.38,11.02,32457,0.26,-8.88,177.92,-0.21,-0.89
2026-08-03,Monthly,2023-06-01,2023-06-30,38,State,Utah,2818,-4.81,-20.95,500000,NA,-5.48,39,-300,1500,3750,1.63,-21.89,12184,-0.64,-3.66,3632,2.66,-0.64,237.96,1.16,0.12
2026-08-03,Monthly,2023-06-01,2023-06-30,40,State,Vermont,591,4.04,-18.09,387500,NA,-0.26,42,500,700,634,-2.9,-22.74,2138,-1.08,-19.07,660,-4.69,-19.6,221.11,-5.07,5.44
2026-08-03,Monthly,2023-06-01,2023-06-30,42,State,Virginia,8428,-0.39,-21.42,410000,NA,3.8,23,-100,200,9085,2.16,-24.07,23054,-1.76,-20.53,9354,-3.67,-17.6,206.91,0.18,4.32
2026-08-03,Monthly,2023-06-01,2023-06-30,44,State,Washington,6862,0.37,-25.54,589000,NA,-4.07,14,-100,300,7788,1.71,-31.19,19072,-2.04,-21.55,7673,-0.93,-19.41,321.35,0.66,-0.06
2026-08-03,Monthly,2023-06-01,2023-06-30,46,State,West Virginia,1079,5.92,-14.98,230000,NA,2.54,58,-300,-200,1226,0.6,-12.41,4416,0.17,-8.03,1160,0.97,-10.16,132.16,0.46,7.3
2026-08-03,Monthly,2023-06-01,2023-06-30,48,State,Wisconsin,5216,0.13,-19.86,305000,NA,8.25,46,-100,-200,5866,3.73,-18.85,17822,0.72,-17.7,5718,0.27,-17.17,168.46,0.47,7.78
2026-08-03,Monthly,2023-06-01,2023-06-30,50,State,Wyoming,596,4.62,-18.55,355900,NA,6.65,67,200,500,967,NA,-11.53,2826,1.36,0.82,593,4.61,-16.57,165.22,-0.77,3.47
2026-08-03,Monthly,2023-05-01,2023-05-31,1,State,Alabama,5055,-0.25,-22.45,284000,NA,3.27,46,-100,500,5945,2.41,-13.46,21100,-0.87,-0.22,5950,-2.25,-14.81,152.43,0.87,4.27
2026-08-03,Monthly,2023-05-01,2023-05-31,3,State,Alaska,643,4.42,-32.61,380000,NA,2.73,30,100,500,691,-0.04,-27.3,2122,-4.57,-19.56,731,-3.35,-26.34,223.37,0.87,5.96
2026-08-03,Monthly,2023-05-01,2023-05-31,5,State,Arizona,8027,2.57,-20.06,430000,NA,-6.02,53,-300,2200,9067,-1.46,-33.39,31339,-4.05,-5.45,9888,-10.37,-12.78,255.34,0.5,-3.66
2026-08-03,Monthly,2023-05-01,2023-05-31,7,State,Arkansas,3027,-0.07,-20.71,250000,NA,4.6,37,-200,0,3707,4.87,-10.74,11882,-2.23,0.57,3356,-11.98,-15.43,144.71,0.59,5.61
2026-08-03,Monthly,2023-05-01,2023-05-31,9,State,California,22658,6.39,-25.89,710000,NA,-5.33,33,-300,1100,24706,-0.35,-31.79,70999,-4.19,-21.05,24747,-3.22,-25.82,443.26,-0.1,0.05
2026-08-03,Monthly,2023-05-01,2023-05-31,11,State,Colorado,7199,-3.38,-28.23,542750,NA,-1.32,34,-300,1000,8228,1.36,-24.55,24339,-3.52,-6.35,8351,-2.9,-19.2,268.63,1.64,2.76
2026-08-03,Monthly,2023-05-01,2023-05-31,17,State,Columbia,624,2.22,-19.46,675000,NA,3.85,52,100,1900,748,-1.17,-26.27,2872,-1.46,-8.43,718,-0.57,-14.29,511.39,2.96,-1.6
2026-08-03,Monthly,2023-05-01,2023-05-31,13,State,Connecticut,3146,-2.44,-26.08,360000,NA,7.14,37,-200,0,3340,0.35,-28.61,9726,-2.16,-24.67,3704,-2.5,-24.73,206.2,0.53,7.37
2026-08-03,Monthly,2023-05-01,2023-05-31,15,State,Delaware,1116,0.95,-18.15,360000,NA,2.86,36,100,1800,1170,1.09,-19.16,3693,-0.95,-6.35,1264,0.74,-12.82,202.43,2.52,8.55
2026-08-03,Monthly,2023-05-01,2023-05-31,19,State,Florida,32096,-0.82,-14.98,390000,NA,0,47,-100,2400,40096,-0.26,-14.84,141441,-1.12,17.46,38096,-1.95,-12.54,245.63,0.91,1.54
2026-08-03,Monthly,2023-05-01,2023-05-31,21,State,Georgia,11323,0.01,-20.32,355000,NA,0.57,41,-100,1600,15167,8.17,-18.72,49131,-2.34,0.56,13894,-1,-15.5,178.12,0.63,3.52
2026-08-03,Monthly,2023-05-01,2023-05-31,25,State,Hawaii,1031,-0.92,-35.92,715000,NA,1.3,70,-300,1500,1228,-1.71,-27.01,5567,-0.21,-5.5,1172,-0.01,-23.26,666.13,-4.66,-0.21
2026-08-03,Monthly,2023-05-01,2023-05-31,27,State,Idaho,2080,-34.98,-20.88,450000,NA,-12.62,44,-700,2300,2594,11.69,-23.53,9301,-1.85,-1.05,2416,-3.29,-10.15,257.6,2.44,-4.53
2026-08-03,Monthly,2023-05-01,2023-05-31,29,State,Illinois,11222,-2.44,-23.46,275000,NA,0,50,0,-400,12685,1.34,-24.54,41614,-2.59,-24.83,13187,0.1,-19.94,163.93,1.6,2.68
2026-08-03,Monthly,2023-05-01,2023-05-31,31,State,Indiana,6685,-1.05,-18.49,255000,NA,5.37,21,-300,-1300,7410,0.13,-12.95,19018,-0.39,-13.1,7867,-1.7,-12.08,137.27,0.63,5.57
2026-08-03,Monthly,2023-05-01,2023-05-31,33,State,Iowa,3007,-1.02,-18.09,225000,NA,2.27,26,-200,-2400,3459,4.2,-12.52,10134,0.08,-20.06,3443,-2.38,-6.19,146.45,-0.81,3.81
2026-08-03,Monthly,2023-05-01,2023-05-31,35,State,Kansas,2765,2.55,-10.11,259900,NA,0,24,100,-800,3014,-0.88,-13.03,8177,-3.52,-10.48,2929,-5.88,-11.17,132.89,-0.31,3.62
2026-08-03,Monthly,2023-05-01,2023-05-31,37,State,Kentucky,3637,-0.81,-19.94,250000,NA,4.97,32,-100,500,4164,0.8,-18.57,12247,-2.19,-8.85,4154,-6.19,-16.06,150.97,0.61,6.21
2026-08-03,Monthly,2023-05-01,2023-05-31,39,State,Louisiana,3439,-4.23,-25.2,245000,NA,-2,56,300,2700,4428,3.15,-14.67,18132,1.04,17.9,3749,-2.68,-22.99,141.8,-0.29,2.14
2026-08-03,Monthly,2023-05-01,2023-05-31,41,State,Maine,1367,-4.15,-21.57,375000,NA,7.14,43,400,2900,1531,3.17,-23.37,4969,-6.17,-8.13,1539,-6.32,-25.77,236.02,2.67,12.34
2026-08-03,Monthly,2023-05-01,2023-05-31,43,State,Maryland,5776,-0.86,-24.6,409128,NA,2.03,28,-300,800,6114,2.59,-26.19,16377,-2.74,-17.42,6666,0.25,-19.48,213.42,0.48,3.17
2026-08-03,Monthly,2023-05-01,2023-05-31,45,State,Massachusetts,5058,-2.42,-24.47,595000,NA,0.85,23,0,200,6021,1.94,-24.36,13698,-5.48,-18.55,5685,0.06,-24.52,337.13,2.09,5.12
2026-08-03,Monthly,2023-05-01,2023-05-31,47,State,Michigan,9936,-0.2,-17.38,250000,NA,2.04,26,-100,400,11404,-0.25,-18.9,31857,-1.63,-10.52,10877,-0.59,-14.41,147.57,1.39,4.14
2026-08-03,Monthly,2023-05-01,2023-05-31,49,State,Minnesota,5374,-1.72,-24.07,340000,NA,-0.58,28,-200,800,6420,7.8,-17.42,19034,NA,-10.34,6058,5,-18.11,183.29,0.58,3.17
2026-08-03,Monthly,2023-05-01,2023-05-31,51,State,Mississippi,1817,-1.32,-16.59,253360,NA,1.94,40,-300,1400,2302,7.38,-10.75,7985,-0.79,10.68,2239,-3.53,0.03,138.84,1.54,3.81
2026-08-03,Monthly,2023-05-01,2023-05-31,2,State,Missouri,6312,-1.47,-20.41,255000,NA,2.04,23,-200,-1000,6902,2.49,-17.77,19116,-2.41,-14,7270,-1.93,-15.05,147.01,1.09,5.11
2026-08-03,Monthly,2023-05-01,2023-05-31,4,State,Montana,1003,6.82,-17.17,479000,NA,1.07,67,400,900,1251,11.02,-9.96,5405,-1.45,1.19,1327,0.1,3.58,267.67,1.11,2.94
2026-08-03,Monthly,2023-05-01,2023-05-31,6,State,Nebraska,1685,1.19,-12,285500,NA,8.25,19,-200,300,1928,8.17,-7.72,5185,0.5,-1.97,1689,-0.46,-12.77,149.72,1.08,6.15
2026-08-03,Monthly,2023-05-01,2023-05-31,8,State,Nevada,3486,3.37,-22.32,422000,NA,-8.26,52,-600,2500,3721,1.77,-38.01,12933,-6.73,-10.57,4132,0.02,-14.67,249.15,0.57,-4.61
2026-08-03,Monthly,2023-05-01,2023-05-31,10,State,New Hampshire,1329,-3.63,-23.49,450000,NA,3.45,31,-300,400,1521,0.91,-20.49,4099,-1.47,-16.59,1525,-1.48,-21.85,254.94,2.71,9.68
2026-08-03,Monthly,2023-05-01,2023-05-31,12,State,New Jersey,7216,-5.19,-26.49,458888,NA,4.53,43,-100,-1800,7919,3.26,-30.43,26012,-3.48,-34.46,8590,-1,-19.51,269.75,0.57,5.2
2026-08-03,Monthly,2023-05-01,2023-05-31,14,State,New Mexico,1640,-0.96,-24.09,327990,NA,4.12,35,100,-400,1915,10.74,-15.74,6362,0.46,-9.69,2076,0.31,-7.6,189.85,1.15,6.38
2026-08-03,Monthly,2023-05-01,2023-05-31,16,State,New York,10810,-0.27,-22.29,440000,NA,-4.35,36,-300,500,12838,0.07,-16.93,46303,-4.02,-12.35,12041,0.31,-14.26,259.14,3.84,7.95
2026-08-03,Monthly,2023-05-01,2023-05-31,18,State,North Carolina,12001,-2.24,-19.69,362000,NA,0.56,39,-100,700,12571,-0.4,-25.38,41699,-0.67,-9.08,13323,-3.06,-16.77,194.16,0.69,4.37
2026-08-03,Monthly,2023-05-01,2023-05-31,20,State,North Dakota,564,-3.92,-33.39,277250,NA,6.68,71,-400,-200,716,18.17,2.15,2845,3.62,-7.72,474,2.88,-37.5,138.95,0.05,4.59
2026-08-03,Monthly,2023-05-01,2023-05-31,22,State,Ohio,10452,-2.43,-19.19,233000,NA,3.56,31,-200,-600,11690,1.73,-20.41,30646,-3.96,-20.07,12748,-3.05,-21.1,143.62,0.87,5.73
2026-08-03,Monthly,2023-05-01,2023-05-31,23,State,Oklahoma,3962,3.44,-16.15,245000,NA,3.16,32,0,1200,4509,0.11,-15.92,14521,-2.34,11.42,4445,-2.92,-12.61,143.34,0.01,2.86
2026-08-03,Monthly,2023-05-01,2023-05-31,24,State,Oregon,3706,-0.88,-32.74,500000,NA,-3.85,33,-300,2000,4558,6.4,-23.94,14067,-2.07,-3.84,4248,-1.99,-24.84,294.05,1.68,1.4
2026-08-03,Monthly,2023-05-01,2023-05-31,26,State,Pennsylvania,10266,-2.97,-18.05,270000,NA,0,33,-100,-300,10946,-1.5,-23.59,34914,-4.2,-15.35,11718,-0.68,-14.46,165.31,0.73,3.57
2026-08-03,Monthly,2023-05-01,2023-05-31,58,State,Puerto Rico,NA,NA,NA,NA,NA,NA,NA,NA,NA,NA,NA,NA,NA,NA,NA,NA,NA,NA,NA,NA,NA
2026-08-03,Monthly,2023-05-01,2023-05-31,28,State,Rhode Island,901,-4.07,-22.41,425188,NA,4.98,26,-400,800,999,2.81,-27.53,2431,-5.51,-24.95,984,1.11,-22.28,242.08,0.76,9.8
2026-08-03,Monthly,2023-05-01,2023-05-31,30,State,South Carolina,7055,-0.31,-16.62,339500,NA,1.54,57,-300,900,8082,0.97,-14.57,29655,-1.44,-3.85,8153,-3.84,-11.34,185.18,1.02,3.02
2026-08-03,Monthly,2023-05-01,2023-05-31,32,State,South Dakota,700,13.8,-18.97,310350,NA,3.45,54,100,-200,888,1.12,4.18,3173,4.57,4.15,813,-1.18,-9.62,181.37,0.18,6.9
2026-08-03,Monthly,2023-05-01,2023-05-31,34,State,Tennessee,8019,0.97,-19.49,351000,NA,-1.13,52,-100,1300,8989,1.2,-19.6,32535,-2.05,7.38,9368,-1.08,-15.86,201.04,0.71,3.29
2026-08-03,Monthly,2023-05-01,2023-05-31,36,State,Texas,27541,-0.09,-11.04,347500,NA,-4.14,45,-100,2200,35608,2.25,-10.35,120003,-0.68,20.41,32375,-2.08,-12.64,178.3,0.24,-0.24
2026-08-03,Monthly,2023-05-01,2023-05-31,38,State,Utah,2961,-2.03,-20.71,495000,NA,-8.97,41,-300,2300,3690,1.8,-22.17,12262,-3.14,8.5,3538,-2.12,-15.26,235.22,0.86,-1.75
2026-08-03,Monthly,2023-05-01,2023-05-31,40,State,Vermont,568,-11.82,-26.48,377000,NA,1.89,37,-1100,1100,653,3.13,-19.62,2161,1.63,-17.29,692,1.6,-18.69,232.93,1.89,12.33
2026-08-03,Monthly,2023-05-01,2023-05-31,42,State,Virginia,8461,-0.65,-23.81,407000,NA,1.75,25,-300,500,8893,0.06,-26.57,23468,-2.23,-18.5,9711,1.42,-19.44,206.53,1.01,4.38
2026-08-03,Monthly,2023-05-01,2023-05-31,44,State,Washington,6837,-1.17,-32.24,583328,NA,-6.67,16,-400,500,7658,4.25,-30.81,19470,-5.27,-14.9,7745,-1.8,-26.3,319.24,0.56,-0.54
2026-08-03,Monthly,2023-05-01,2023-05-31,46,State,West Virginia,1018,-8.8,-19.42,219900,NA,-2.27,61,100,300,1219,-0.01,-13.74,4409,-0.61,-7.01,1149,-0.69,-15.1,131.56,0.64,7.14
2026-08-03,Monthly,2023-05-01,2023-05-31,48,State,Wisconsin,5209,0.37,-22.13,292967,NA,6.53,47,0,-100,5655,3.49,-21.22,17694,0.5,-18.66,5703,-0.81,-20.15,167.68,1.01,8.27
2026-08-03,Monthly,2023-05-01,2023-05-31,50,State,Wyoming,570,8.86,-21.56,325000,NA,1.56,65,100,700,974,NA,1.88,2788,6.08,0.29,567,9.84,-21.36,166.5,1.38,5.13
2026-08-03,Monthly,2023-04-01,2023-04-30,1,State,Alabama,5068,-1.12,-22.89,274900,NA,-0.04,47,100,600,5806,0.69,-14.31,21285,-0.87,2.11,6087,2.04,-13.11,151.12,1.29,4.39
2026-08-03,Monthly,2023-04-01,2023-04-30,3,State,Alaska,616,-3.63,-32.13,358500,NA,2.43,29,-100,500,691,-7.72,-33.39,2224,-4.02,-17.92,757,5.8,-27.19,221.44,1.89,5.45
2026-08-03,Monthly,2023-04-01,2023-04-30,5,State,Arizona,7826,-1.5,-26.1,420000,NA,-6.67,56,-300,2500,9201,1.32,-29.54,32663,-3.68,7.92,11031,12.9,-3.2,254.07,1.26,-4.08
2026-08-03,Monthly,2023-04-01,2023-04-30,7,State,Arkansas,3029,-2.09,-19.24,235000,NA,2.17,39,-200,400,3535,0.55,-14.99,12153,-2.48,3.5,3813,14.3,-3.92,143.86,2.53,7.96
2026-08-03,Monthly,2023-04-01,2023-04-30,9,State,California,21298,-3.68,-34.62,699000,NA,-6.8,36,-400,1600,24793,3.48,-32.56,74107,-4.09,-15.2,25569,6.07,-25.47,443.72,-0.05,-0.7
2026-08-03,Monthly,2023-04-01,2023-04-30,11,State,Colorado,7451,-1.36,-22,535000,NA,-5.31,37,-100,1700,8118,-1.63,-26.68,25227,-3.26,-1.66,8600,1.15,-13.63,264.3,0.51,0.63
2026-08-03,Monthly,2023-04-01,2023-04-30,17,State,Columbia,610,1.86,-31.67,681250,NA,-2.85,51,300,1900,757,-9.17,-22.19,2914,-1.17,-5.73,722,6.16,-18.01,496.67,-2.74,-5.33
2026-08-03,Monthly,2023-04-01,2023-04-30,13,State,Connecticut,3225,-2.87,-25.43,350000,NA,7.69,40,0,100,3328,-1.68,-29.23,9940,-4.4,-23.73,3799,4.64,-23.79,205.11,1.57,8.86
2026-08-03,Monthly,2023-04-01,2023-04-30,15,State,Delaware,1106,-7.22,-22.31,363000,NA,3.71,35,400,1800,1157,0.98,-23,3729,-0.68,-6.07,1254,3.33,-12.24,197.47,0.73,6.51
2026-08-03,Monthly,2023-04-01,2023-04-30,19,State,Florida,32363,0.85,-15.16,385000,NA,1.32,48,0,2500,40201,0.93,-13,143044,-0.74,27.42,38852,1.55,-10.9,243.43,-0.04,0.86
2026-08-03,Monthly,2023-04-01,2023-04-30,21,State,Georgia,11322,-0.66,-22.79,347000,NA,0.58,42,-200,1700,14021,-2.44,-18,50308,-2.91,6.94,14035,0.7,-13.78,177,0.96,4.24
2026-08-03,Monthly,2023-04-01,2023-04-30,25,State,Hawaii,1041,-0.56,-33.73,695000,NA,-7.64,73,-100,1900,1250,10.59,-24.15,5579,0.08,-5.37,1173,7.94,-25.11,698.7,1.9,4.58
2026-08-03,Monthly,2023-04-01,2023-04-30,27,State,Idaho,3199,41.54,15,401000,NA,-19.95,51,-900,3200,2323,-0.74,-30.21,9476,-4.15,7.86,2498,4.35,-12.79,251.48,-0.86,-7.27
2026-08-03,Monthly,2023-04-01,2023-04-30,29,State,Illinois,11503,-3.39,-23.98,270000,NA,0,49,100,100,12517,-2.25,-26.64,42719,-3.52,-22.5,13174,1.06,-18.56,161.36,0.59,1.84
2026-08-03,Monthly,2023-04-01,2023-04-30,31,State,Indiana,6756,-2.6,-18.98,242500,NA,5.43,23,-200,-800,7401,-0.45,-13.86,19093,-3.87,-9.95,8003,0.8,-9.09,136.41,1.44,5.86
2026-08-03,Monthly,2023-04-01,2023-04-30,33,State,Iowa,3038,-2.63,-20.34,215000,NA,4.88,28,-800,-1800,3320,0.03,-14.28,10126,-2.27,-18.31,3527,5.46,-2.1,147.64,1.09,6.04
2026-08-03,Monthly,2023-04-01,2023-04-30,35,State,Kansas,2696,-1.33,-16.2,239900,NA,0.38,23,-100,-1100,3040,4.83,-10.76,8476,-0.3,-8.25,3112,4.13,-6.02,133.31,2.74,4.72
2026-08-03,Monthly,2023-04-01,2023-04-30,37,State,Kentucky,3667,-3.03,-21.77,243000,NA,5.65,33,0,300,4131,1.74,-19.2,12521,-2.86,-6.27,4429,7.51,-8.84,150.06,-0.01,6.08
2026-08-03,Monthly,2023-04-01,2023-04-30,39,State,Louisiana,3591,2.21,-23.07,239500,NA,-3.55,53,200,2200,4293,-2.75,-17.45,17946,-0.54,15.84,3852,0.49,-20.25,142.21,0.79,3.33
2026-08-03,Monthly,2023-04-01,2023-04-30,41,State,Maine,1426,3.54,-18.7,377000,NA,9.28,39,200,2400,1484,-5.32,-27.61,5296,-2.56,-2.55,1643,2.22,-19.95,229.88,-1.29,8.46
2026-08-03,Monthly,2023-04-01,2023-04-30,43,State,Maryland,5827,-2.97,-27.69,392450,NA,1.94,31,0,1300,5960,-3.18,-29.2,16838,-4.31,-16.29,6649,-0.35,-22.82,212.39,0.37,3.3
2026-08-03,Monthly,2023-04-01,2023-04-30,45,State,Massachusetts,5183,-1.64,-23.76,569299,NA,0.05,23,0,200,5906,-1.56,-25.39,14493,-5.26,-15.09,5682,1.52,-23.65,330.22,-2.18,4.28
2026-08-03,Monthly,2023-04-01,2023-04-30,47,State,Michigan,9956,-3.65,-18.88,237173,NA,0.92,28,-200,700,11433,-0.21,-18.53,32386,-1.19,-8.16,10942,0.43,-16.83,145.54,0.67,3.51
2026-08-03,Monthly,2023-04-01,2023-04-30,49,State,Minnesota,5468,-1.9,-24.86,337000,NA,-0.88,29,-100,1100,5956,1.28,-25.57,15824,NA,-14.27,5769,2.94,-24.13,182.23,0.86,2.95
2026-08-03,Monthly,2023-04-01,2023-04-30,51,State,Mississippi,1841,-0.04,-14.25,245000,NA,2.13,43,0,1400,2144,-7.54,-19.34,8048,-2.75,12.83,2321,0.94,0.72,136.73,1.18,3.1
2026-08-03,Monthly,2023-04-01,2023-04-30,2,State,Missouri,6406,-0.07,-20.08,245000,NA,2.13,25,0,-700,6735,-2.6,-20.72,19588,-4.17,-11.57,7412,-0.34,-11.75,145.43,-0.23,4.57
2026-08-03,Monthly,2023-04-01,2023-04-30,4,State,Montana,939,-0.77,-24.91,469000,NA,-4.29,63,-200,700,1127,3.3,-12.37,5484,-1.97,3.02,1325,11.46,2.91,264.72,0.09,2.58
2026-08-03,Monthly,2023-04-01,2023-04-30,6,State,Nebraska,1665,-5.26,-18.56,275000,NA,5.36,21,-500,500,1782,-2.66,-17.27,5159,-3.52,-2.51,1696,4,-9.11,148.12,1.12,7.13
2026-08-03,Monthly,2023-04-01,2023-04-30,8,State,Nevada,3373,-1.49,-28.35,410000,NA,-9.09,58,-800,3400,3656,7.79,-36.32,13866,-5.1,2.98,4131,5.99,-19.4,247.73,1.47,-5.75
2026-08-03,Monthly,2023-04-01,2023-04-30,10,State,New Hampshire,1379,2.33,-19.38,429278,NA,4.7,34,200,1000,1507,-0.17,-20.61,4160,-3.44,-13.33,1547,2.1,-20.68,248.2,0.87,8.26
2026-08-03,Monthly,2023-04-01,2023-04-30,12,State,New Jersey,7611,-1.72,-23.98,430000,NA,2.38,44,-100,-1500,7669,-4.48,-32.25,26950,-5.12,-31.61,8677,-0.51,-20.05,268.23,-0.33,5.73
2026-08-03,Monthly,2023-04-01,2023-04-30,14,State,New Mexico,1656,-1.3,-25.83,320000,NA,4.92,34,-400,-400,1729,-6.07,-25.67,6333,-3.59,-9.52,2069,-1.21,-9.49,187.69,0.67,5.83
2026-08-03,Monthly,2023-04-01,2023-04-30,16,State,New York,10839,0,-23.06,425000,NA,-6.54,40,-200,300,12829,-0.31,-16.15,48241,-4.9,-9.41,12004,-0.91,-18.43,249.55,-0.58,4.94
2026-08-03,Monthly,2023-04-01,2023-04-30,18,State,North Carolina,12276,-0.85,-19.99,352995,NA,0.86,40,-100,0,12622,-2.81,-22.33,41979,-1.63,-10.15,13743,1.64,-12.04,192.82,-0.29,4.35
2026-08-03,Monthly,2023-04-01,2023-04-30,20,State,North Dakota,587,-5.01,-13.39,269000,NA,-5.39,75,400,800,606,5.58,-18.55,2746,-0.92,-12.36,461,-9.17,-19.77,138.88,2.24,3.72
2026-08-03,Monthly,2023-04-01,2023-04-30,22,State,Ohio,10712,-4.13,-17,220000,NA,3.04,33,-100,-300,11491,-1.92,-23.56,31911,-4.17,-16.35,13149,-0.75,-16.5,142.38,0.33,5.59
2026-08-03,Monthly,2023-04-01,2023-04-30,23,State,Oklahoma,3831,-0.65,-18.85,232000,NA,0.87,32,500,1800,4504,-1.16,-15.74,14869,-0.95,18.26,4579,4.89,-9.5,143.33,-0.43,6.48
2026-08-03,Monthly,2023-04-01,2023-04-30,24,State,Oregon,3739,-2.65,-34.59,490000,NA,-4.14,36,100,2600,4284,0.22,-29.09,14364,-3.66,-1.6,4335,2.38,-25.24,289.21,-0.45,-0.85
2026-08-03,Monthly,2023-04-01,2023-04-30,26,State,Pennsylvania,10580,-2.68,-19.49,257000,NA,0.78,33,0,-100,11113,-3,-22.31,36444,-3.2,-11.84,11798,3.15,-12.9,164.11,0.04,1.72
2026-08-03,Monthly,2023-04-01,2023-04-30,58,State,Puerto Rico,NA,NA,NA,NA,NA,NA,NA,NA,NA,NA,NA,NA,NA,NA,NA,NA,NA,NA,NA,NA,NA
2026-08-03,Monthly,2023-04-01,2023-04-30,28,State,Rhode Island,939,1.08,-24.73,414000,NA,3.5,30,-100,1000,972,-0.46,-27.33,2573,-5.85,-19.61,973,0.11,-22.83,240.24,0.22,7.42
2026-08-03,Monthly,2023-04-01,2023-04-30,30,State,South Carolina,7077,-0.56,-18.46,329000,NA,2.81,59,0,1300,8005,-1.57,-14.92,30088,-2.16,0.92,8479,4.6,-4.12,183.31,0.57,3.2
2026-08-03,Monthly,2023-04-01,2023-04-30,32,State,South Dakota,615,-4.29,-28.23,317250,NA,6.1,53,-200,200,878,12.09,-4.68,3035,4.29,0.06,823,8.88,-6.6,181.04,1.13,8.46
2026-08-03,Monthly,2023-04-01,2023-04-30,34,State,Tennessee,7941,-4.23,-21.6,340000,NA,-1.67,53,100,1500,8883,-1.16,-17.05,33216,-2.34,13.73,9470,1.32,-14.64,199.62,0.75,4.93
2026-08-03,Monthly,2023-04-01,2023-04-30,36,State,Texas,27565,-0.07,-12.29,339900,NA,-2.89,46,-100,2300,34825,-1.05,-11.16,120819,-2.38,29.7,33061,-2.7,-8.88,177.87,-0.2,0.71
2026-08-03,Monthly,2023-04-01,2023-04-30,38,State,Utah,3022,-4.66,-24.44,481250,NA,-9.79,45,-200,2900,3625,2.36,-23.95,12660,-4.21,22.05,3614,2.28,-15.58,233.22,-0.87,-2.68
2026-08-03,Monthly,2023-04-01,2023-04-30,40,State,Vermont,644,11.64,-16.5,370000,NA,-3.9,48,900,1800,633,5.46,-19.98,2126,-4.77,-16.42,681,3.91,-18.26,228.61,3.71,11.09
2026-08-03,Monthly,2023-04-01,2023-04-30,42,State,Virginia,8516,-1.13,-25.45,390000,NA,0.03,27,0,800,8888,-1.03,-26.97,24003,-3.4,-16.94,9575,0.7,-19.86,204.47,-0.47,3.48
2026-08-03,Monthly,2023-04-01,2023-04-30,44,State,Washington,6918,-3.56,-33.69,570000,NA,-7.62,20,-600,1000,7346,-5.97,-34.83,20553,-5.44,-7.99,7886,1.5,-25.48,317.46,-0.87,-1.85
2026-08-03,Monthly,2023-04-01,2023-04-30,46,State,West Virginia,1117,-2.54,-13.58,225000,NA,4.17,60,400,900,1219,6.72,-10.32,4436,-1.17,-4.44,1157,-1.57,-8.72,130.72,0.72,6.92
2026-08-03,Monthly,2023-04-01,2023-04-30,48,State,Wisconsin,5189,-0.54,-23.3,282250,NA,5.32,47,0,-100,5465,-0.13,-25.37,17606,-1.28,-19.23,5750,5.81,-20.12,166,1,6.63
2026-08-03,Monthly,2023-04-01,2023-04-30,50,State,Wyoming,524,-5.09,-31.38,310400,NA,-0.19,64,600,900,724,NA,-15.12,2628,1.52,-5.71,516,-2.16,-32.02,164.23,-0.46,2.08
2026-08-03,Monthly,2023-03-01,2023-03-31,1,State,Alabama,5125,-3.2,-24.92,274850,NA,2.17,46,0,600,5766,2.89,-11.64,21472,-0.1,3.47,5966,0.36,-16.43,149.2,0.79,5.03
2026-08-03,Monthly,2023-03-01,2023-03-31,3,State,Alaska,639,3.25,-29.46,349700,NA,4.39,30,400,600,749,1.48,-26.67,2317,2.64,-12.16,715,-3.14,-30.01,217.34,-0.28,3.68
2026-08-03,Monthly,2023-03-01,2023-03-31,5,State,Arizona,7945,-0.73,-27.77,410000,NA,-8.07,59,-600,2900,9081,-3.99,-29.28,33910,-4.81,16.28,9771,-4.38,-14.58,250.92,-0.32,-4.27
2026-08-03,Monthly,2023-03-01,2023-03-31,7,State,Arkansas,3093,-2.82,-20.67,245000,NA,6.52,41,300,800,3515,-2.34,-15.66,12462,-2.4,4.05,3336,-2.13,-17.87,140.3,0.05,5.82
2026-08-03,Monthly,2023-03-01,2023-03-31,9,State,California,22111,0.48,-34.35,685000,NA,-6.16,40,-300,2200,23960,-8.51,-36.19,77265,-8.13,-10.71,24105,-8.96,-33.37,443.92,1.56,-0.01
2026-08-03,Monthly,2023-03-01,2023-03-31,11,State,Colorado,7554,0,-17.62,527500,NA,-3.92,38,-200,2200,8252,1.38,-21.42,26078,-3.8,6.23,8503,-4.17,-10.26,262.97,0.64,0.64
2026-08-03,Monthly,2023-03-01,2023-03-31,17,State,Columbia,599,-5.44,-31,640000,NA,-3.76,48,-900,1900,833,7.45,-20.03,2949,-0.04,-6.88,680,-8.93,-28.51,510.65,2.77,-3.04
2026-08-03,Monthly,2023-03-01,2023-03-31,13,State,Connecticut,3320,-1.03,-24.4,329000,NA,6.13,40,0,0,3385,-10.05,-28.77,10398,-4.15,-20.34,3631,-8.01,-29.87,201.94,-0.52,7.73
2026-08-03,Monthly,2023-03-01,2023-03-31,15,State,Delaware,1192,-7.45,-20.91,349990,NA,7.69,31,-200,1100,1146,-12,-27.51,3755,-2.87,-6.45,1214,-10.11,-24.56,196.04,-0.85,3.89
2026-08-03,Monthly,2023-03-01,2023-03-31,19,State,Florida,32091,0.64,-19.8,381519,NA,3.11,47,100,2600,39832,0.52,-14.21,144112,-1.05,33.6,38257,-1.78,-13.46,243.52,0.03,3.05
2026-08-03,Monthly,2023-03-01,2023-03-31,21,State,Georgia,11398,-2.75,-23.66,339000,NA,1.22,44,100,2000,14372,0.38,-13.49,51815,-3.11,11.64,13937,-1.11,-16.02,175.33,0.31,4.87
2026-08-03,Monthly,2023-03-01,2023-03-31,25,State,Hawaii,1046,0.17,-34.36,740000,NA,3.79,74,500,2300,1130,-1.11,-32.08,5575,-1.51,-6.39,1086,0.77,-32.68,685.66,-0.97,2.84
2026-08-03,Monthly,2023-03-01,2023-03-31,27,State,Idaho,2260,-6.29,-21.17,429990,NA,-11.97,61,200,4300,2340,-4.38,-27.79,9886,-6.38,18.25,2394,-12,-17.27,253.66,0.23,-6.46
2026-08-03,Monthly,2023-03-01,2023-03-31,29,State,Illinois,11906,-0.3,-22.32,255000,NA,-2.3,49,-200,400,12805,-1.38,-24.99,44277,-3.69,-19.25,13036,-7,-21.54,160.41,0.6,-0.06
2026-08-03,Monthly,2023-03-01,2023-03-31,31,State,Indiana,6936,-0.43,-16.9,233668,NA,5.26,25,-100,-300,7434,-3.27,-13.97,19861,-2.74,-3.91,7939,-4.01,-10.36,134.47,-0.84,4.74
2026-08-03,Monthly,2023-03-01,2023-03-31,33,State,Iowa,3120,0.06,-19.37,211250,NA,5.62,36,0,-900,3319,1.2,-15.2,10361,-1.63,-16.14,3345,-5.19,-9.65,146.06,2.16,4.42
2026-08-03,Monthly,2023-03-01,2023-03-31,35,State,Kansas,2733,-4.11,-13.84,230000,NA,0,24,-100,-1000,2900,-6.67,-14.9,8501,-4.09,-10.85,2988,-3.28,-7.14,129.75,-0.63,1.93
2026-08-03,Monthly,2023-03-01,2023-03-31,37,State,Kentucky,3782,-0.87,-18.82,232500,NA,3.33,32,0,300,4061,-9.91,-20.13,12890,-4.95,-4.36,4119,-9.94,-24.22,150.07,1.32,6.85
2026-08-03,Monthly,2023-03-01,2023-03-31,39,State,Louisiana,3513,-0.64,-25.7,239000,NA,-0.42,50,0,2000,4414,6.26,-11.44,18043,1,17.4,3833,-3.62,-20.64,141.09,1.03,2.31
2026-08-03,Monthly,2023-03-01,2023-03-31,41,State,Maine,1377,-8.52,-20.22,339500,NA,6.09,37,100,2100,1567,2.93,-19.35,5435,-1.62,2.58,1607,-5.04,-18.63,232.89,0.77,14.32
2026-08-03,Monthly,2023-03-01,2023-03-31,43,State,Maryland,6005,-2.44,-27.42,375000,NA,0.13,31,100,1300,6155,-4,-26.14,17596,-2.04,-11.38,6673,-2.65,-23.46,211.6,0.73,3.98
2026-08-03,Monthly,2023-03-01,2023-03-31,45,State,Massachusetts,5270,-2.28,-22.73,550000,NA,3.97,23,-100,200,6000,-0.46,-24.77,15298,-5.35,-11.94,5597,-10.43,-28.05,337.59,1.79,6.38
2026-08-03,Monthly,2023-03-01,2023-03-31,47,State,Michigan,10332,-1.46,-15.56,229900,NA,4.5,30,100,1100,11457,-1.4,-18.52,32774,-2.18,-6.94,10895,-4.72,-16.44,144.57,-1.36,2.48
2026-08-03,Monthly,2023-03-01,2023-03-31,49,State,Minnesota,5574,-2.33,-23.56,320000,NA,-0.62,30,0,1200,5880,0.83,-26.18,14587,NA,-9.75,5604,-5.24,-25.56,180.68,0.03,1.7
2026-08-03,Monthly,2023-03-01,2023-03-31,51,State,Mississippi,1842,0.32,-17.17,240763,NA,5.83,42,300,2000,2318,8.37,-4.16,8275,2.33,19.05,2299,-82.19,1.16,135.13,0.57,2.51
2026-08-03,Monthly,2023-03-01,2023-03-31,2,State,Missouri,6410,-4.06,-21.06,239000,NA,6.22,26,-100,-400,6915,-4.88,-15.43,20440,-3.82,-6.3,7438,-4.05,-10.93,145.76,1.85,6.42
2026-08-03,Monthly,2023-03-01,2023-03-31,4,State,Montana,946,-8.82,-23.28,450000,NA,0.22,64,-200,1600,1091,-2.04,-15.91,5595,-3.05,3.8,1189,-8.59,-0.31,264.48,4.24,3.46
2026-08-03,Monthly,2023-03-01,2023-03-31,6,State,Nebraska,1757,2.81,-12.44,271000,NA,7.54,25,200,1200,1831,1.01,-10.09,5347,-2.36,3.87,1631,1.02,-13.78,146.48,-1.39,6.13
2026-08-03,Monthly,2023-03-01,2023-03-31,8,State,Nevada,3424,2.52,-28.56,410000,NA,-6.16,65,-400,4600,3392,-2.55,-35.86,14612,-7.99,13.66,3898,-5.76,-25.9,244.14,-1.45,-5.43
2026-08-03,Monthly,2023-03-01,2023-03-31,10,State,New Hampshire,1348,-3.14,-19.92,420000,NA,2.69,32,-100,600,1510,-2.99,-22.04,4309,-3.63,-8.61,1516,-4.63,-21.64,246.07,-0.01,7.96
2026-08-03,Monthly,2023-03-01,2023-03-31,12,State,New Jersey,7745,2.02,-23.34,425000,NA,4.94,45,-300,-800,8028,-7.15,-27.71,28404,-4.07,-27.18,8721,-6.33,-20.45,269.11,1.71,7.49
2026-08-03,Monthly,2023-03-01,2023-03-31,14,State,New Mexico,1678,0.05,-23.97,314900,NA,6.75,38,-100,200,1841,-0.01,-16.88,6568,-1.21,-4.76,2095,-3.57,-7.22,186.44,-0.54,5.87
2026-08-03,Monthly,2023-03-01,2023-03-31,16,State,New York,10839,-0.78,-25.24,408673,NA,-9.18,42,200,500,12869,-5.75,-19.49,50728,-4.38,-6.14,12115,-2.42,-20.01,251.01,4.37,5.72
2026-08-03,Monthly,2023-03-01,2023-03-31,18,State,North Carolina,12382,-1.05,-19.49,349900,NA,4.45,41,-100,300,12986,-1.85,-15.22,42674,-1.64,-8.24,13522,-4.53,-10.78,193.38,0.87,6.46
2026-08-03,Monthly,2023-03-01,2023-03-31,20,State,North Dakota,618,-6.95,-6.92,255000,NA,3.26,71,-300,500,574,-16.57,-24.58,2771,-5.74,-10.22,507,-9.6,-12.27,135.84,-2.72,2.64
2026-08-03,Monthly,2023-03-01,2023-03-31,22,State,Ohio,11173,0.58,-11.52,208875,NA,4.44,34,-100,-200,11715,-7.24,-18.98,33300,-4.9,-11.75,13248,-6.18,-17.18,141.92,1.2,5.57
2026-08-03,Monthly,2023-03-01,2023-03-31,23,State,Oklahoma,3856,-5.88,-19.57,234900,NA,5.34,26,100,2000,4557,1.36,-11.45,15012,-0.6,22.57,4365,-1.42,-14.85,143.95,1.49,9.45
2026-08-03,Monthly,2023-03-01,2023-03-31,24,State,Oregon,3840,-4.77,-34.25,480000,NA,-4,36,0,2600,4274,-2.54,-32.04,14910,-4.86,1.01,4234,-6.6,-30.51,290.52,-0.64,-0.32
2026-08-03,Monthly,2023-03-01,2023-03-31,26,State,Pennsylvania,10871,-0.17,-19.09,250000,NA,0,33,-100,-200,11456,-7.82,-21.22,37649,-3.91,-9.74,11437,-8.06,-19.04,164.05,0.6,2.48
2026-08-03,Monthly,2023-03-01,2023-03-31,58,State,Puerto Rico,NA,NA,NA,NA,NA,NA,NA,NA,NA,NA,NA,NA,NA,NA,NA,NA,NA,NA,NA,NA,NA
2026-08-03,Monthly,2023-03-01,2023-03-31,28,State,Rhode Island,929,5.79,-26.21,400000,NA,6.67,31,300,1100,976,-12.04,-29.89,2733,-9.07,-17.77,972,-14.01,-26.16,239.72,1.23,7.62
2026-08-03,Monthly,2023-03-01,2023-03-31,30,State,South Carolina,7116,-0.37,-20.02,323000,NA,2.94,60,-400,1400,8132,3.03,-11.27,30752,-0.69,3.52,8106,-3.6,-11.74,182.26,0.06,4.64
2026-08-03,Monthly,2023-03-01,2023-03-31,32,State,South Dakota,642,-9.6,-23.14,295000,NA,2.43,55,0,900,783,5.18,-5.73,2910,-0.79,-1.08,756,-5.53,-16.7,179.01,-0.16,9.82
2026-08-03,Monthly,2023-03-01,2023-03-31,34,State,Tennessee,8292,0.05,-19.12,340538,NA,3.19,52,0,1700,8987,1.34,-13.09,34012,-2.32,18.22,9346,-3.22,-17.47,198.14,0.27,4.97
2026-08-03,Monthly,2023-03-01,2023-03-31,36,State,Texas,27583,-1.02,-15.33,334950,NA,-0.31,47,0,2500,35194,1.25,-8.71,123766,-2.61,36.74,33978,1.66,-7.35,178.23,0.66,2.5
2026-08-03,Monthly,2023-03-01,2023-03-31,38,State,Utah,3170,-2.52,-20.25,486495,NA,-6.44,46,-400,3400,3541,-7.26,-25.01,13216,-6.93,34.36,3534,-5.91,-17.64,235.27,0.02,-0.73
2026-08-03,Monthly,2023-03-01,2023-03-31,40,State,Vermont,577,1.93,-26.74,345000,NA,4.55,39,-200,-200,600,-9.9,-33.53,2233,-0.23,-16.07,656,-3.98,-27.22,220.44,0.6,8.57
2026-08-03,Monthly,2023-03-01,2023-03-31,42,State,Virginia,8614,-3.4,-27.05,370000,NA,-0.8,27,-100,700,8980,-2.87,-25.96,24848,-3.04,-13.48,9509,-6.78,-19.81,205.42,1.72,5.36
2026-08-03,Monthly,2023-03-01,2023-03-31,44,State,Washington,7174,-0.43,-31.55,560000,NA,-6.82,25,-300,1800,7812,1.48,-32.05,21736,-6.14,-2.55,7770,-9.33,-29.64,320.24,1.28,-0.13
2026-08-03,Monthly,2023-03-01,2023-03-31,46,State,West Virginia,1146,1.83,-12.09,200000,NA,-2.44,56,-400,200,1142,-8.43,-14.56,4488,-1.79,-2.78,1175,-0.03,-8.05,129.79,0.45,6.69
2026-08-03,Monthly,2023-03-01,2023-03-31,48,State,Wisconsin,5218,-2.21,-25.43,274950,NA,7.82,47,-100,-100,5472,-1.77,-21.96,17835,-1.49,-18.36,5434,-7.5,-23.75,164.37,0.94,5.74
2026-08-03,Monthly,2023-03-01,2023-03-31,50,State,Wyoming,552,-9.81,-28.47,320000,NA,6.93,57,-900,400,608,NA,-21.35,2589,-0.86,-8.83,528,-8.06,-30.93,164.99,3.68,2.07
2026-08-03,Monthly,2023-02-01,2023-02-28,1,State,Alabama,5294,2.16,-20.26,262000,NA,0.77,46,100,500,5604,-6.7,-12.87,21494,-3.01,2.51,5945,-7.5,-23.89,148.03,0.15,5.06
2026-08-03,Monthly,2023-02-01,2023-02-28,3,State,Alaska,619,5.48,-38,352500,NA,8.46,26,-100,600,738,-0.75,-26.48,2257,0.02,-12.5,738,-1.56,-32.64,217.95,1.08,5.86
2026-08-03,Monthly,2023-02-01,2023-02-28,5,State,Arizona,8004,2.21,-29.27,405000,NA,-6.57,65,500,3500,9459,-0.04,-25.5,35622,-3.64,21.48,10218,-0.05,-17.51,251.71,-0.1,-2.04
2026-08-03,Monthly,2023-02-01,2023-02-28,7,State,Arkansas,3183,6.1,-16.98,232500,NA,3.33,38,-400,500,3600,-5.24,-12.6,12768,-0.08,6.24,3408,-0.49,-14.07,140.24,-2.04,5.81
2026-08-03,Monthly,2023-02-01,2023-02-28,9,State,California,22005,3.87,-33.5,653000,NA,-4.67,43,400,2400,26189,-0.32,-30.57,84100,-5.35,-0.8,26477,-1.27,-25.02,437.09,0.07,-1.19
2026-08-03,Monthly,2023-02-01,2023-02-28,11,State,Colorado,7554,5.16,-20.02,516002,NA,-1.71,40,300,2900,8140,-0.16,-20.62,27107,-3.87,12.98,8872,0.9,-2.57,261.28,0.79,1.35
2026-08-03,Monthly,2023-02-01,2023-02-28,17,State,Columbia,633,19.37,-30.23,614500,NA,-6.5,57,1100,3000,776,-4.39,-28.4,2950,-2.01,-5.35,747,5.02,-23.27,496.88,-2.82,-4.39
2026-08-03,Monthly,2023-02-01,2023-02-28,13,State,Connecticut,3354,-0.33,-25.68,311000,NA,3.67,40,0,-400,3763,-1.71,-20.75,10847,-1.22,-16.11,3947,-1.5,-24.36,202.99,1.22,8.51
2026-08-03,Monthly,2023-02-01,2023-02-28,15,State,Delaware,1288,13.81,-18.76,350000,NA,7.69,33,0,1100,1302,-2.02,-16.31,3866,-0.96,-3.16,1351,-0.53,-16.07,197.72,-0.63,8.87
2026-08-03,Monthly,2023-02-01,2023-02-28,19,State,Florida,31887,4.78,-23.87,370000,NA,3.93,47,100,2600,39627,-0.44,-14.62,145636,-0.92,35.98,38950,0.86,-15.75,243.43,0.61,5.92
2026-08-03,Monthly,2023-02-01,2023-02-28,21,State,Georgia,11719,2.46,-23.22,330000,NA,3.13,43,0,1900,14318,-5.55,-17.9,53476,-2.46,15.07,14094,0.34,-20.2,174.78,-0.22,6.35
2026-08-03,Monthly,2023-02-01,2023-02-28,25,State,Hawaii,1045,10.88,-37.44,680000,NA,-2.86,69,300,1400,1143,-0.84,-36.07,5660,-0.33,-4.71,1078,7.2,-36.14,692.41,0.14,3.46
2026-08-03,Monthly,2023-02-01,2023-02-28,27,State,Idaho,2412,12.04,-18.79,429900,NA,-9.49,59,900,3700,2448,-3.38,-26.71,10560,-5.56,30.31,2720,-0.16,-10.31,253.07,1.5,-7.57
2026-08-03,Monthly,2023-02-01,2023-02-28,29,State,Illinois,11943,3.9,-24.67,239700,NA,-0.12,50,-300,1200,12984,-4.56,-22.59,45973,-3.25,-10.77,14017,-2.45,-17.53,159.46,1.26,0.59
2026-08-03,Monthly,2023-02-01,2023-02-28,31,State,Indiana,6966,-0.11,-18.28,229900,NA,6.93,27,0,-100,7685,0.65,-8.7,20421,-2.09,0,8271,0.21,-5.82,135.61,1.32,5.6
2026-08-03,Monthly,2023-02-01,2023-02-28,33,State,Iowa,3118,0.27,-21.32,196000,NA,7.1,36,-100,-900,3280,-2.35,-21.3,10532,-5.13,-14.13,3528,-2.55,-7.9,142.97,-1.62,0.75
2026-08-03,Monthly,2023-02-01,2023-02-28,35,State,Kansas,2850,3.8,-11.82,225000,NA,7.14,25,0,-900,3108,-3.48,-12.88,8863,-1.46,-9.01,3090,0.89,-7.35,130.57,-2.24,2.55
2026-08-03,Monthly,2023-02-01,2023-02-28,37,State,Kentucky,3815,0.01,-20.16,229950,NA,6.34,32,-200,200,4507,-2.36,-10.5,13561,-0.31,1.24,4574,0.25,-8.79,148.12,1.1,6.07
2026-08-03,Monthly,2023-02-01,2023-02-28,39,State,Louisiana,3536,4.72,-30.86,235000,NA,-2.08,50,-600,1500,4154,-5.73,-18.98,17865,0.32,16.16,3977,3.36,-23.1,139.66,1.21,1.54
2026-08-03,Monthly,2023-02-01,2023-02-28,41,State,Maine,1506,3.43,-15.09,330000,NA,13.21,36,-200,1800,1523,-1.95,-23.49,5525,-1.13,6.5,1692,-0.48,-13.41,231.11,3.89,13.91
2026-08-03,Monthly,2023-02-01,2023-02-28,43,State,Maryland,6155,7.96,-25.3,372000,NA,4.79,31,0,700,6412,-4.24,-26.07,17962,-4.08,-8.08,6854,-2.08,-24.97,210.08,-0.75,2.3
2026-08-03,Monthly,2023-02-01,2023-02-28,45,State,Massachusetts,5392,-0.11,-22.4,505500,NA,4.23,23,0,300,6027,-1.42,-25.61,16163,-2.42,-4.49,6249,0.45,-18.05,331.67,2.66,6.57
2026-08-03,Monthly,2023-02-01,2023-02-28,47,State,Michigan,10486,1.99,-15.08,217000,NA,3.33,29,0,1000,11620,-0.46,-17.05,33506,-1.38,-4.09,11435,0.4,-12.49,146.56,2.11,4.79
2026-08-03,Monthly,2023-02-01,2023-02-28,49,State,Minnesota,5707,2.7,-22.08,315000,NA,3.28,30,200,1200,5832,-3.57,-26.92,12861,NA,-1.52,5914,-4.53,-22.75,180.63,0.49,3.13
2026-08-03,Monthly,2023-02-01,2023-02-28,51,State,Mississippi,1836,1.19,-20.86,241000,NA,4.78,39,200,1700,2139,-1.8,-10.27,8087,0.73,14.31,12910,573.85,424.9,134.37,-0.2,2.66
2026-08-03,Monthly,2023-02-01,2023-02-28,2,State,Missouri,6682,1.86,-18.1,226500,NA,2.95,27,100,-200,7270,-2,-11.79,21251,-2.32,-2.78,7752,-2.97,-8.92,143.11,0.22,4.91
2026-08-03,Monthly,2023-02-01,2023-02-28,4,State,Montana,1038,9.29,-17.5,469900,NA,6.82,66,0,1000,1114,-9.17,-23.51,5771,-2.14,6.04,1301,6.64,4.51,253.73,-1.68,-1.96
2026-08-03,Monthly,2023-02-01,2023-02-28,6,State,Nebraska,1709,3.39,-17.48,260000,NA,8.33,23,-100,800,1813,-2.27,-22.05,5476,-1.51,4.18,1615,-8.31,-21.71,148.55,0.09,9.85
2026-08-03,Monthly,2023-02-01,2023-02-28,8,State,Nevada,3339,11.16,-31.92,403500,NA,-6.16,69,700,5500,3481,0.75,-36.19,15881,-5.62,22.8,4136,4.19,-24.69,247.73,0.37,-3.07
2026-08-03,Monthly,2023-02-01,2023-02-28,10,State,New Hampshire,1391,3.46,-19.04,399917,NA,6.64,33,100,600,1556,-1.71,-20.54,4471,-2.04,-0.67,1589,-3.87,-15.4,246.1,-0.38,10.07
2026-08-03,Monthly,2023-02-01,2023-02-28,12,State,New Jersey,7591,0.43,-28.01,405000,NA,1.89,49,0,-1100,8647,-0.72,-24.64,29610,-1.63,-23.29,9311,2.29,-14.9,264.59,0.49,5.44
2026-08-03,Monthly,2023-02-01,2023-02-28,14,State,New Mexico,1677,2.22,-24.55,305000,NA,3.39,39,-100,300,1841,-1.78,-21.93,6648,-3.67,-2.8,2172,3.51,-5.53,187.46,1.23,7.92
2026-08-03,Monthly,2023-02-01,2023-02-28,16,State,New York,10925,-2.77,-26.72,410000,NA,-8.89,40,-100,100,13655,1.35,-14.2,53052,-0.42,-0.71,12415,3.3,-18.65,240.5,-1.34,1.36
2026-08-03,Monthly,2023-02-01,2023-02-28,18,State,North Carolina,12513,0.39,-21.99,338437,NA,4.13,41,200,500,13231,-3.88,-14.12,43386,-1.15,-7.36,14164,2.05,-8.95,191.72,0.86,7.36
2026-08-03,Monthly,2023-02-01,2023-02-28,20,State,North Dakota,664,7.76,-5.44,250000,NA,2.04,74,400,500,688,1.45,-11.93,2940,2.59,-3.98,561,4.53,-7.47,139.63,5.04,7.6
2026-08-03,Monthly,2023-02-01,2023-02-28,22,State,Ohio,11108,1.03,-15.03,199900,NA,5.21,35,-200,-100,12630,2.21,-8.32,35018,-2.25,-6.25,14121,2.93,-8.8,140.24,0,4.59
2026-08-03,Monthly,2023-02-01,2023-02-28,23,State,Oklahoma,4097,7.1,-18.6,222356,NA,3.42,25,-200,2000,4496,-0.17,-6.73,15103,-0.71,25.44,4428,-4.72,-11.8,141.83,-0.03,7.55
2026-08-03,Monthly,2023-02-01,2023-02-28,24,State,Oregon,4033,12.63,-29.11,472000,NA,-1.26,36,200,2300,4385,0.59,-35.9,15672,-3.45,6.77,4533,-6.56,-29.95,292.39,0.73,1.07
2026-08-03,Monthly,2023-02-01,2023-02-28,26,State,Pennsylvania,10890,2.54,-21.59,235000,NA,1.29,35,0,-200,12428,-2.01,-15.64,39181,-1.09,-6.11,12440,0.4,-13.16,163.06,-0.16,1.57
2026-08-03,Monthly,2023-02-01,2023-02-28,58,State,Puerto Rico,NA,NA,NA,NA,NA,NA,NA,NA,NA,NA,NA,NA,NA,NA,NA,NA,NA,NA,NA,NA,NA
2026-08-03,Monthly,2023-02-01,2023-02-28,28,State,Rhode Island,878,-4.08,-35.47,390000,NA,6.12,28,0,200,1110,7.3,-23.11,3005,1.39,-8.2,1131,12.73,-14.17,236.8,0.67,7.51
2026-08-03,Monthly,2023-02-01,2023-02-28,30,State,South Carolina,7142,0.85,-21.1,312113,NA,3.06,64,400,2000,7893,-3.46,-17.18,30967,-1.23,3.46,8409,2.08,-10.59,182.16,2.59,6.57
2026-08-03,Monthly,2023-02-01,2023-02-28,32,State,South Dakota,710,-4.41,-22.92,297863,NA,8.35,55,200,800,745,-7.65,-26.62,2933,-3.13,-2.88,800,-17.43,-14.87,179.3,0.71,8.26
2026-08-03,Monthly,2023-02-01,2023-02-28,34,State,Tennessee,8288,3.05,-18.44,330000,NA,1.54,52,0,2000,8868,-3.1,-13.61,34819,-1.43,21.76,9657,-1.78,-15.19,197.61,0.79,6.89
2026-08-03,Monthly,2023-02-01,2023-02-28,36,State,Texas,27866,5.67,-15.03,329900,NA,1.3,46,200,2400,34760,-2.51,-9.06,127084,-2.24,39.23,33424,-1.73,-11.18,177.06,-0.49,3.03
2026-08-03,Monthly,2023-02-01,2023-02-28,38,State,Utah,3252,10.85,-17.32,468500,NA,-6.3,51,100,5100,3819,1.47,-16.86,14200,-3.9,49.09,3756,1.4,-11.89,235.21,0.06,1
2026-08-03,Monthly,2023-02-01,2023-02-28,40,State,Vermont,566,-8.72,-28.56,316000,NA,3.61,41,-100,0,666,3.88,-24.7,2238,-0.92,-11.8,683,-1.83,-24.45,219.14,-1.94,5.18
2026-08-03,Monthly,2023-02-01,2023-02-28,42,State,Virginia,8917,2.04,-24.54,366000,NA,5.48,28,0,500,9246,-2.94,-26.22,25627,-3.58,-8.92,10200,-3.74,-18.32,201.95,-0.12,4.32
2026-08-03,Monthly,2023-02-01,2023-02-28,44,State,Washington,7205,3.66,-22.54,550000,NA,-1.79,28,400,2400,7698,-1.49,-36.25,23158,-4.9,6.58,8569,-0.15,-22.79,316.21,-0.07,-1.34
2026-08-03,Monthly,2023-02-01,2023-02-28,46,State,West Virginia,1125,5.37,-22.07,199000,NA,4.74,60,-100,400,1248,0.85,-8.91,4570,0.4,-0.78,1176,-1.62,-17.97,129.2,0.66,6.77
2026-08-03,Monthly,2023-02-01,2023-02-28,48,State,Wisconsin,5335,-0.16,-24.67,260000,NA,10.64,47,0,-100,5570,-0.69,-23.12,18105,-1.18,-17.31,5874,1.03,-19.58,162.83,0.29,6.59
2026-08-03,Monthly,2023-02-01,2023-02-28,50,State,Wyoming,612,2.73,-18.66,309500,NA,4.92,66,100,1500,462,NA,-23.89,2611,1.21,-6.77,574,0.38,-23.2,159.14,-5.87,1.45
2026-08-03,Monthly,2023-01-01,2023-01-31,1,State,Alabama,5183,2.06,-24.99,253000,NA,1.2,45,-100,-200,6006,2.26,-5.68,22160,3.17,3.63,6427,11.75,-11.43,147.82,0.12,6.78
2026-08-03,Monthly,2023-01-01,2023-01-31,3,State,Alaska,587,-8.01,-46.93,355000,NA,10.97,27,0,400,743,2.94,-17.2,2257,0.52,-10.52,750,0.93,-31.79,215.62,3.22,5.69
2026-08-03,Monthly,2023-01-01,2023-01-31,5,State,Arizona,7831,-1.56,-34.87,400000,NA,-4.76,60,200,2800,9462,3.57,-26.02,36966,-2.38,22.77,10224,7.54,-23.9,251.95,0.43,0.26
2026-08-03,Monthly,2023-01-01,2023-01-31,7,State,Arkansas,3000,-1.68,-26.26,222000,NA,2.72,43,0,700,3799,9.8,-10.3,12777,2.29,3.27,3425,2.9,-18.11,143.16,0.26,11.71
2026-08-03,Monthly,2023-01-01,2023-01-31,9,State,California,21186,-0.29,-42.14,645000,NA,-2.27,39,200,1800,26274,-7.21,-29.52,88852,-4.11,6.86,26817,0.34,-25.19,436.78,-0.32,-0.55
2026-08-03,Monthly,2023-01-01,2023-01-31,11,State,Colorado,7183,7.02,-33.87,499900,NA,1.86,37,200,2200,8153,-3,-21.63,28200,-0.17,15.97,8793,6.24,-5.84,259.25,-1.21,2.08
2026-08-03,Monthly,2023-01-01,2023-01-31,17,State,Columbia,531,7.66,-41.48,555000,NA,-13.95,45,100,800,811,12.95,-25.16,3010,0.48,-3.41,711,11.48,-28.94,511.28,-1.5,-6.7
2026-08-03,Monthly,2023-01-01,2023-01-31,13,State,Connecticut,3365,-0.67,-30.25,310000,NA,3.33,40,-100,-400,3829,5.43,-14.43,10981,-0.29,-17.2,4007,3.09,-26.02,200.55,0.5,8.29
2026-08-03,Monthly,2023-01-01,2023-01-31,15,State,Delaware,1131,6.94,-33.51,338500,NA,2.42,33,100,1000,1329,3.12,-15,3903,0.02,-2.9,1358,11.63,-14.5,198.98,3.45,6.8
2026-08-03,Monthly,2023-01-01,2023-01-31,19,State,Florida,30432,5.17,-36.73,368000,NA,5.14,46,200,2200,39803,-0.47,-12.35,146991,0.43,33.5,38617,4.59,-21.31,241.96,-0.12,8.75
2026-08-03,Monthly,2023-01-01,2023-01-31,21,State,Georgia,11438,-2.43,-28.63,318000,NA,2.58,42,300,1700,15159,-1.34,-10.7,54827,-0.71,17.09,14045,5.66,-24.31,175.17,1.15,7.77
2026-08-03,Monthly,2023-01-01,2023-01-31,25,State,Hawaii,942,1.17,-48.95,685000,NA,-4.86,66,100,800,1153,-5.1,-28.51,5679,-0.5,-4.88,1006,-7.61,-46.4,691.47,5.05,5.83
2026-08-03,Monthly,2023-01-01,2023-01-31,27,State,Idaho,2152,7.89,-38.42,425000,NA,-7.61,50,-100,2300,2533,4.91,-25.26,11182,-0.23,37.14,2725,13.15,-17.87,249.32,-1.14,-6.74
2026-08-03,Monthly,2023-01-01,2023-01-31,29,State,Illinois,11494,0.67,-36.97,233000,NA,-2.92,53,0,2300,13604,3.26,-22.12,47515,-1.39,-4.46,14369,10.91,-20.13,157.47,0.49,0.05
2026-08-03,Monthly,2023-01-01,2023-01-31,31,State,Indiana,6974,-1.28,-26.71,215000,NA,4.29,26,200,-300,7636,-1.22,-12.04,20857,1.03,-0.14,8254,10.67,-11.52,133.83,-2.15,4.06
2026-08-03,Monthly,2023-01-01,2023-01-31,33,State,Iowa,3110,0.21,-26.88,195000,NA,5.98,37,100,-1000,3359,3.55,-14.5,11102,2.75,-10.62,3620,36.15,-10.64,145.32,4.62,5.36
2026-08-03,Monthly,2023-01-01,2023-01-31,35,State,Kansas,2745,4.71,-29.21,222000,NA,6.22,25,-200,-1300,3220,9.96,-5.45,8995,4.91,-8.81,3063,7.87,-11.79,133.57,2.49,6.06
2026-08-03,Monthly,2023-01-01,2023-01-31,37,State,Kentucky,3814,1.33,-23.99,222250,NA,4.34,34,100,200,4616,11.83,-4.37,13603,4.27,-0.08,4562,11.02,-10.08,146.51,-0.38,5
2026-08-03,Monthly,2023-01-01,2023-01-31,39,State,Louisiana,3376,-4.81,-36.96,229500,NA,-0.37,56,900,1600,4407,11.61,-14.39,17808,3.6,11.54,3848,-5.76,-31.2,137.99,-2.3,1.43
2026-08-03,Monthly,2023-01-01,2023-01-31,41,State,Maine,1456,6.37,-26.93,330000,NA,13.79,38,-200,1900,1553,-2.52,-18,5588,0.47,6.67,1701,-4.06,-19.12,222.45,-2.34,9.51
2026-08-03,Monthly,2023-01-01,2023-01-31,43,State,Maryland,5701,1.59,-37.09,355000,NA,1.43,31,100,700,6695,2.52,-19.76,18726,0.92,-5.88,7000,3.43,-22.91,211.66,1.48,4.44
2026-08-03,Monthly,2023-01-01,2023-01-31,45,State,Massachusetts,5398,-2.85,-27.66,511877,NA,2.38,23,0,300,6114,1.65,-21.03,16563,0.97,-1.93,6221,5.78,-16.32,323.07,-0.77,2.61
2026-08-03,Monthly,2023-01-01,2023-01-31,47,State,Michigan,10281,-0.76,-20.49,202000,NA,0.36,29,0,800,11673,-0.54,-16.68,33974,-0.4,-2.47,11390,1.36,-15.24,143.54,1.44,3.63
2026-08-03,Monthly,2023-01-01,2023-01-31,49,State,Minnesota,5557,-3.01,-29.86,304450,NA,3.2,29,0,700,6048,-1.34,-24.36,13130,NA,6.09,6195,5.67,-19.15,179.75,-0.03,2.9
2026-08-03,Monthly,2023-01-01,2023-01-31,51,State,Mississippi,1814,-1.09,-24.67,225000,NA,2.04,37,300,1100,2178,0.33,-10.54,8028,2.01,10.48,1916,0.06,-23.93,134.65,1.8,3.72
2026-08-03,Monthly,2023-01-01,2023-01-31,2,State,Missouri,6560,-0.5,-23.04,224000,NA,4.19,26,0,-500,7418,6.11,-12.36,21755,2.19,-2.26,7989,8.98,-10.17,142.8,-0.93,5.37
2026-08-03,Monthly,2023-01-01,2023-01-31,4,State,Montana,950,5.61,-32.66,472400,NA,9.89,66,100,700,1226,-1.51,-18.19,5897,0.81,8.38,1220,-27.86,-9.22,258.08,-0.01,-1.28
2026-08-03,Monthly,2023-01-01,2023-01-31,6,State,Nebraska,1653,5.35,-27.15,260000,NA,8.33,24,-200,500,1855,0.59,-12.92,5560,1.8,7.58,1761,6.21,-13.27,148.41,-0.02,8.19
2026-08-03,Monthly,2023-01-01,2023-01-31,8,State,Nevada,3004,4.68,-47.5,400000,NA,-3.86,62,200,4300,3455,-5.05,-35.07,16827,-4.2,28.21,3970,1.45,-33.77,246.82,-0.63,-0.93
2026-08-03,Monthly,2023-01-01,2023-01-31,10,State,New Hampshire,1345,-5.83,-33.64,399933,NA,6.65,31,-100,400,1584,-2.04,-16.33,4564,-1.45,1.3,1653,7.03,-12.38,247.04,1.36,12.78
2026-08-03,Monthly,2023-01-01,2023-01-31,12,State,New Jersey,7559,0.97,-37,419495,NA,3.58,48,100,-1200,8710,-1.24,-18.54,30101,-0.7,-22.78,9103,4.88,-21.96,263.29,0.5,5.27
2026-08-03,Monthly,2023-01-01,2023-01-31,14,State,New Mexico,1641,-1.52,-38.92,299700,NA,4.46,40,100,0,1874,-7,-18.93,6902,-2.31,1.67,2098,4.14,-10.92,185.18,0.17,7.56
2026-08-03,Monthly,2023-01-01,2023-01-31,16,State,New York,11235,-1.76,-30.82,410000,NA,-5.75,41,0,200,13473,-2.31,-14.77,53277,-0.29,-2.48,12018,1.78,-21.43,243.76,5.45,3.39
2026-08-03,Monthly,2023-01-01,2023-01-31,18,State,North Carolina,12464,-1.29,-31.58,332470,NA,4.88,39,100,0,13764,0.46,-10.71,43893,0.67,-8.13,13878,7.64,-13.51,190.09,0.39,7.77
2026-08-03,Monthly,2023-01-01,2023-01-31,20,State,North Dakota,616,3.77,-29.68,229900,NA,-7.47,70,-300,0,678,-2.04,-10.82,2866,0.53,-8.87,537,-10.37,-33.34,132.93,1.92,2.55
2026-08-03,Monthly,2023-01-01,2023-01-31,22,State,Ohio,10995,-2.3,-29.66,193000,NA,4.32,37,0,100,12357,0.14,-13.72,35824,0.64,-6.78,13719,0.79,-16.42,140.24,1.25,5.71
2026-08-03,Monthly,2023-01-01,2023-01-31,23,State,Oklahoma,3825,-0.06,-37.44,220000,NA,6.8,27,200,1600,4504,0.75,-11.47,15211,1.14,19.34,4648,4.36,-19.57,141.86,0.45,8.62
2026-08-03,Monthly,2023-01-01,2023-01-31,24,State,Oregon,3581,0.32,-45.83,455000,NA,-0.22,34,300,1900,4360,-1.01,-32.18,16233,0.03,14.46,4851,20.9,-23.15,290.26,0.42,0.72
2026-08-03,Monthly,2023-01-01,2023-01-31,26,State,Pennsylvania,10620,3.8,-33.08,239900,NA,2.09,35,0,-300,12683,0.96,-10.36,39612,1.45,-5.62,12390,4.33,-15.62,163.33,0.62,2.51
2026-08-03,Monthly,2023-01-01,2023-01-31,58,State,Puerto Rico,NA,NA,NA,NA,NA,NA,NA,NA,NA,NA,NA,NA,NA,NA,NA,NA,NA,NA,NA,NA,NA
2026-08-03,Monthly,2023-01-01,2023-01-31,28,State,Rhode Island,916,4.47,-42.42,392000,NA,7.4,28,0,100,1034,-6.05,-24.81,2964,0.57,-13.26,1003,-0.78,-29.7,235.23,-7.48,5.65
2026-08-03,Monthly,2023-01-01,2023-01-31,30,State,South Carolina,7082,-1.21,-25.7,318900,NA,9.61,60,200,1200,8176,1.62,-12.01,31354,-0.72,2.65,8237,-5.79,-16.47,177.56,-1.78,3.58
2026-08-03,Monthly,2023-01-01,2023-01-31,32,State,South Dakota,743,12.05,-32.28,287000,NA,1.68,54,-400,100,806,-11.05,-18.96,3028,-0.11,1.35,969,28.65,-0.65,178.03,-0.86,7.49
2026-08-03,Monthly,2023-01-01,2023-01-31,34,State,Tennessee,8043,4.6,-26.02,325000,NA,3.27,53,300,1500,9152,2.8,-3.74,35322,1.58,21.77,9832,1.45,-14.28,196.05,0.1,8.59
2026-08-03,Monthly,2023-01-01,2023-01-31,36,State,Texas,26371,2.02,-30.88,320000,NA,1.59,44,300,2000,35655,3.1,-6.1,130000,1.05,38.35,34014,2.97,-13.25,177.94,1.03,5.59
2026-08-03,Monthly,2023-01-01,2023-01-31,38,State,Utah,2933,7.69,-33.79,459000,NA,-5.36,50,300,4300,3763,-1.8,-14.57,14776,-1.81,58.39,3704,9.49,-11.25,235.07,-1.02,3.08
2026-08-03,Monthly,2023-01-01,2023-01-31,40,State,Vermont,620,6.44,-31.54,325000,NA,1.69,42,-200,-600,641,-4.74,-18.19,2259,-1.93,-11.88,696,1.61,-21.32,223.48,5.3,12.03
2026-08-03,Monthly,2023-01-01,2023-01-31,42,State,Virginia,8739,-3.1,-30.29,350000,NA,4.48,28,100,200,9525,-0.21,-14.24,26578,1.28,-4.71,10596,7.25,-11.37,202.18,1.54,5.28
2026-08-03,Monthly,2023-01-01,2023-01-31,44,State,Washington,6951,2.01,-37.76,528932,NA,-0.2,25,200,1900,7815,1.42,-24.63,24351,-0.83,19.05,8582,11.99,-16.11,316.43,-0.71,-0.28
2026-08-03,Monthly,2023-01-01,2023-01-31,46,State,West Virginia,1068,3.47,-30.93,199450,NA,-0.28,60,-100,200,1237,4.35,6.66,4552,0.87,-3.06,1195,2.63,-20.98,128.35,0.84,6.83
2026-08-03,Monthly,2023-01-01,2023-01-31,48,State,Wisconsin,5344,-2.79,-28.04,247000,NA,6.47,48,0,-200,5609,-1.2,-22.15,18321,-0.89,-17.71,5814,-2.32,-23,162.36,1.48,7.6
2026-08-03,Monthly,2023-01-01,2023-01-31,50,State,Wyoming,595,13.19,-26.48,310000,NA,11.31,66,400,1100,486,NA,-13.52,2580,2.59,-6.83,572,1.28,-27.93,169.06,7.75,13.82
2026-08-03,Monthly,2022-12-01,2022-12-31,1,State,Alabama,5078,-4.68,-29.37,269900,NA,4.61,45,0,-200,5873,-3.11,-15.16,21480,-0.91,-1.95,5751,-9.93,-26.81,147.64,-0.15,6.16
2026-08-03,Monthly,2022-12-01,2022-12-31,3,State,Alaska,638,-11.63,-41.53,330000,NA,1.54,27,-100,200,722,-6.32,-21.97,2245,-0.64,-12.46,743,2.57,-26.22,208.9,-1.2,3.43
2026-08-03,Monthly,2022-12-01,2022-12-31,5,State,Arizona,7955,-0.64,-33.32,407295,NA,-1.86,59,300,2500,9136,-2.7,-30.95,37867,-1.31,22.33,9507,7.44,-33.82,250.87,0.18,0.91
2026-08-03,Monthly,2022-12-01,2022-12-31,7,State,Arkansas,3051,0.49,-27.2,234900,NA,6.77,42,100,-100,3460,-7.19,-22.98,12491,1.33,-2.28,3329,0.64,-21.14,142.79,0.92,9.31
2026-08-03,Monthly,2022-12-01,2022-12-31,9,State,California,21248,-2.06,-40.59,650000,NA,-3.7,37,0,1400,28316,-0.86,-23.49,92657,0.46,11.53,26727,3.71,-22.15,438.19,-1.18,-0.08
2026-08-03,Monthly,2022-12-01,2022-12-31,11,State,Colorado,6712,-3.86,-38.09,514000,NA,2.8,35,300,1800,8405,-3.37,-26.36,28248,1.32,15.67,8277,4.52,-34.29,262.43,0.4,5.72
2026-08-03,Monthly,2022-12-01,2022-12-31,17,State,Columbia,493,-13.65,-45.86,630000,NA,-6.67,44,-800,1000,718,-10.42,-29.86,2996,-0.7,-5.71,638,0.84,-33.79,519.06,1.26,-5.29
2026-08-03,Monthly,2022-12-01,2022-12-31,13,State,Connecticut,3388,-5.18,-27.44,320000,NA,3.23,41,0,-500,3632,-2.89,-26.52,11013,-2.04,-21.7,3887,-0.99,-31.37,199.54,0.71,6.57
2026-08-03,Monthly,2022-12-01,2022-12-31,15,State,Delaware,1058,-5.79,-35.91,346500,NA,6.62,32,-200,900,1289,3.28,-19.57,3902,1.1,-2.52,1216,0.84,-29.49,192.35,-0.45,7.24
2026-08-03,Monthly,2022-12-01,2022-12-31,19,State,Florida,28936,-1.75,-34.33,371000,NA,6,43,100,1600,39992,1.44,-13.48,146360,1.61,27.54,36921,2.46,-26.58,242.25,0.84,11.32
2026-08-03,Monthly,2022-12-01,2022-12-31,21,State,Georgia,11723,-2.19,-25.92,325000,NA,3.97,40,200,1400,15365,-4.52,-19.63,55221,-0.39,18.02,13293,1.16,-32.93,173.17,-0.46,6.97
2026-08-03,Monthly,2022-12-01,2022-12-31,25,State,Hawaii,931,-7.13,-43.62,711850,NA,0.97,65,0,800,1214,-8.46,-28.1,5708,0.03,-5.77,1088,-1.41,-39.17,658.25,-1.7,3.62
2026-08-03,Monthly,2022-12-01,2022-12-31,27,State,Idaho,1995,-0.11,-40.95,445000,NA,-1.11,51,500,2400,2415,-4.65,-29.32,11207,-0.77,26.06,2408,3.2,-61.12,252.19,0.18,-3.54
2026-08-03,Monthly,2022-12-01,2022-12-31,29,State,Illinois,11417,-5.42,-32.19,235000,NA,-4.08,53,-100,2200,13174,-3.1,-25.58,48185,-1.63,-0.5,12956,-1.8,-33.9,156.7,0.04,-0.71
2026-08-03,Monthly,2022-12-01,2022-12-31,31,State,Indiana,7064,-1.31,-20.04,225000,NA,4.65,24,100,-800,7730,0.41,-10.18,20643,0.52,-4.18,7458,-2.83,-23.74,136.78,3.07,7.55
2026-08-03,Monthly,2022-12-01,2022-12-31,33,State,Iowa,3103,-4.9,-23.44,190000,NA,0,36,-100,-1400,3243,-6.69,-23.7,10805,-3.4,-15.87,2659,-21.36,-36.49,138.9,-2.8,-3.38
2026-08-03,Monthly,2022-12-01,2022-12-31,35,State,Kansas,2622,-4.53,-29.27,237000,NA,3.08,27,0,-1100,2928,-1.98,-21.23,8574,2.11,-15.74,2839,-0.72,-23.06,130.32,-0.71,5.94
2026-08-03,Monthly,2022-12-01,2022-12-31,37,State,Kentucky,3764,-3.46,-24.29,225000,NA,2.27,33,200,100,4128,-6.66,-22.9,13046,1.52,-6.86,4109,-2.72,-24.19,147.07,1.1,6.84
2026-08-03,Monthly,2022-12-01,2022-12-31,39,State,Louisiana,3547,0.72,-30.84,235000,NA,0,47,100,600,3948,-4.69,-27.51,17190,-0.42,7.31,4083,-3.1,-22.97,141.24,1.93,4.89
2026-08-03,Monthly,2022-12-01,2022-12-31,41,State,Maine,1368,-6.13,-30.86,334750,NA,8.8,40,100,2100,1593,-6.7,-21.11,5562,2.57,8.77,1772,5.79,-17.38,227.8,2.8,14.45
2026-08-03,Monthly,2022-12-01,2022-12-31,43,State,Maryland,5612,-4.78,-36.94,369990,NA,1.37,30,0,500,6531,-4.1,-28.88,18555,-0.34,-10.41,6768,-1.83,-28.82,208.58,0.34,2.76
2026-08-03,Monthly,2022-12-01,2022-12-31,45,State,Massachusetts,5557,-1.25,-23.58,516750,NA,1.32,23,0,200,6015,-3.17,-25.76,16404,3.29,-2.68,5881,-2.49,-27.32,325.58,-1.06,5.76
2026-08-03,Monthly,2022-12-01,2022-12-31,47,State,Michigan,10360,-1.49,-19.72,212000,NA,0,28,0,700,11736,-0.18,-16.07,34109,-0.67,-2.66,11237,-0.48,-17.3,141.49,-0.38,1.74
2026-08-03,Monthly,2022-12-01,2022-12-31,49,State,Minnesota,5729,-2.02,-27.85,305000,NA,1.67,29,100,800,6130,-1.64,-26.34,14321,NA,4.51,5863,-0.4,-28.44,179.79,0.48,4.55
2026-08-03,Monthly,2022-12-01,2022-12-31,51,State,Mississippi,1835,-2.68,-22.47,232500,NA,8.14,34,0,100,2171,-1.73,-16.38,7870,2.2,6.17,1915,1.17,-17.98,132.27,-2.53,4.12
2026-08-03,Monthly,2022-12-01,2022-12-31,2,State,Missouri,6593,-1.97,-23.65,229438,NA,2.43,26,100,-700,6991,-3.98,-20.84,21290,1.07,-5.74,7330,-0.22,-20.82,144.14,1.41,6.94
2026-08-03,Monthly,2022-12-01,2022-12-31,4,State,Montana,899,-1.46,-38.78,435000,NA,1.19,65,-200,700,1245,-4.55,-15.72,5849,2.03,4.55,1691,79.11,12.28,258.09,0.56,4.5
2026-08-03,Monthly,2022-12-01,2022-12-31,6,State,Nebraska,1569,-5.28,-32.31,250000,NA,6.38,27,100,800,1844,2.64,-14.79,5462,2.69,5.81,1658,2.81,-22.55,148.44,2.3,9.11
2026-08-03,Monthly,2022-12-01,2022-12-31,8,State,Nevada,2870,-7.93,-47.86,410000,NA,0,60,300,3700,3639,0.79,-35.99,17565,-2.03,33.4,3913,11.39,-38.67,248.38,0.63,1.37
2026-08-03,Monthly,2022-12-01,2022-12-31,10,State,New Hampshire,1428,-2.28,-25.81,410000,NA,8.91,32,100,300,1617,-0.24,-18.53,4632,1.02,-2.55,1545,-3.31,-23.42,243.72,1.43,9.62
2026-08-03,Monthly,2022-12-01,2022-12-31,12,State,New Jersey,7486,-6.94,-30.69,420000,NA,2.94,47,-100,-1500,8819,-2.21,-23.7,30313,-1.55,-24.99,8679,-4.88,-29.66,261.98,-0.31,6.27
2026-08-03,Monthly,2022-12-01,2022-12-31,14,State,New Mexico,1666,-5.29,-33.7,305000,NA,5.17,39,-500,-100,2015,-8.37,-18.54,7065,-3.68,1.72,2015,-2.11,-17.67,184.86,0.55,8.17
2026-08-03,Monthly,2022-12-01,2022-12-31,16,State,New York,11436,-4.58,-23.04,385000,NA,-6.1,41,-100,0,13791,-1.31,-14.71,53430,0.61,-2.84,11808,-2.08,-27.07,231.17,-4.32,-2.59
2026-08-03,Monthly,2022-12-01,2022-12-31,18,State,North Carolina,12627,-1.56,-23.61,341200,NA,5.31,38,0,-200,13701,-0.86,-17.23,43603,0.11,-11.34,12893,0.1,-32.58,189.35,0.1,9.3
2026-08-03,Monthly,2022-12-01,2022-12-31,20,State,North Dakota,594,-11.54,-30.96,254000,NA,1.2,73,-200,300,692,-1.43,-10.93,2851,-0.42,-12.11,599,-6.67,-25.37,130.43,-1.15,0.13
2026-08-03,Monthly,2022-12-01,2022-12-31,22,State,Ohio,11254,-1.5,-25.52,200000,NA,4.44,36,0,-100,12340,-0.83,-19.1,35595,0.59,-9.41,13612,0.48,-17.77,138.52,0.38,4.36
2026-08-03,Monthly,2022-12-01,2022-12-31,23,State,Oklahoma,3827,-3.67,-30.01,216000,NA,2.56,25,0,1300,4470,-0.55,-18.7,15040,1.51,15.3,4453,-2.86,-23.76,141.23,1.27,8.74
2026-08-03,Monthly,2022-12-01,2022-12-31,24,State,Oregon,3569,-6.53,-43.02,465000,NA,0,31,300,1400,4404,-7.33,-35.08,16228,1.75,15.65,4012,-3.66,-38.49,289.04,0.29,1.41
2026-08-03,Monthly,2022-12-01,2022-12-31,26,State,Pennsylvania,10230,-5.85,-29.38,245000,NA,2.08,34,0,-400,12562,1.93,-13.77,39047,0.46,-9.23,11876,-1.71,-22.15,162.33,0.79,3.43
2026-08-03,Monthly,2022-12-01,2022-12-31,58,State,Puerto Rico,NA,NA,NA,NA,NA,NA,NA,NA,NA,NA,NA,NA,NA,NA,NA,NA,NA,NA,NA,NA,NA
2026-08-03,Monthly,2022-12-01,2022-12-31,28,State,Rhode Island,876,-10.89,-40.47,392429,NA,6.06,28,0,200,1101,-2.87,-25.94,2947,4.67,-15.85,1011,-0.38,-31.76,254.25,7.25,15.43
2026-08-03,Monthly,2022-12-01,2022-12-31,30,State,South Carolina,7169,-2.56,-23.98,320000,NA,7.85,58,200,900,8046,-2.9,-17.67,31580,-0.79,-0.63,8743,13.2,-15.1,180.77,-0.06,7.06
2026-08-03,Monthly,2022-12-01,2022-12-31,32,State,South Dakota,663,-12.09,-37.74,295000,NA,13.46,58,200,300,906,5.11,-7.31,3031,-0.93,-7.42,753,-2.01,-22.42,179.57,5.03,12.07
2026-08-03,Monthly,2022-12-01,2022-12-31,34,State,Tennessee,7689,-1.66,-31.43,334575,NA,5.54,50,0,1100,8903,-6.04,-25.86,34772,-0.03,15.59,9691,1.26,-18.55,195.85,1.57,8.71
2026-08-03,Monthly,2022-12-01,2022-12-31,36,State,Texas,25850,-0.58,-26.35,335000,NA,3.11,41,300,1700,34582,0.17,-10.15,128656,1.69,35.36,33033,0.28,-16.61,176.12,-0.33,4.62
2026-08-03,Monthly,2022-12-01,2022-12-31,38,State,Utah,2724,1.45,-39.01,477500,NA,0.53,46,400,3800,3832,2.46,-13.59,15049,1.54,64.86,3383,3.63,-25,237.5,0.81,3.88
2026-08-03,Monthly,2022-12-01,2022-12-31,40,State,Vermont,583,-7.85,-30.85,330425,NA,1.67,44,-100,-600,673,-1.67,-22.38,2303,-1.98,-13.76,685,0.07,-24.62,212.23,0.81,7.52
2026-08-03,Monthly,2022-12-01,2022-12-31,42,State,Virginia,9018,-1.54,-27.75,355000,NA,2.01,27,0,0,9545,-2,-26.92,26242,-0.09,-11.91,9880,3.91,-29.41,199.13,-0.92,3.86
2026-08-03,Monthly,2022-12-01,2022-12-31,44,State,Washington,6814,-5.88,-40.91,539925,NA,-0.93,23,100,1700,7705,-7.94,-39.77,24554,0.36,22.4,7663,1.23,-32.96,318.69,0.04,1.47
2026-08-03,Monthly,2022-12-01,2022-12-31,46,State,West Virginia,1032,-7.31,-25.65,198950,NA,-3.46,62,-200,500,1186,-3.91,-20.19,4513,-1.87,-10.83,1165,-0.91,-24.51,127.29,0.76,6.48
2026-08-03,Monthly,2022-12-01,2022-12-31,48,State,Wisconsin,5498,-1.9,-26.13,250000,NA,5.49,47,0,-200,5677,-4.14,-25.02,18485,-1.25,-19.67,5952,1.48,-24.55,160,0,8.25
2026-08-03,Monthly,2022-12-01,2022-12-31,50,State,Wyoming,526,-7.91,-40.93,300000,NA,1.69,61,-100,200,312,NA,-30.04,2515,-0.72,-15.3,565,-5.29,-36.2,156.9,-3.37,-1.17
2026-08-03,Monthly,2022-11-01,2022-11-30,1,State,Alabama,5327,-5.28,-25.09,265000,NA,6,45,0,-400,6062,-4.48,-11.02,21678,-0.24,-1.66,6385,-29.32,-15.36,147.86,0.97,8.25
2026-08-03,Monthly,2022-11-01,2022-11-30,3,State,Alaska,722,-8.06,-31.94,342900,NA,2.36,28,-700,-200,771,-2.14,-18.09,2259,-1.32,-17.82,724,-7.77,-34.06,211.44,-0.12,4.54
2026-08-03,Monthly,2022-11-01,2022-11-30,5,State,Arizona,8006,-4.93,-36.1,415000,NA,1.22,55,400,2000,9390,-2.59,-28.33,38368,-2.51,21.35,8848,-1.92,-41.39,250.41,-0.76,2.05
2026-08-03,Monthly,2022-11-01,2022-11-30,7,State,Arkansas,3036,-7.54,-29.05,230000,NA,6.98,42,300,-500,3727,-3.01,-14.5,12327,0.38,-9.4,3308,-2.95,-24.11,141.48,0.67,11.17
2026-08-03,Monthly,2022-11-01,2022-11-30,9,State,California,21694,-8.67,-42.82,677500,NA,-1.09,37,100,1300,28560,-1.96,-25.33,92235,-0.26,6.28,25770,-1.76,-37.21,443.43,1.36,3.03
2026-08-03,Monthly,2022-11-01,2022-11-30,11,State,Colorado,6981,-9.1,-40.47,524194,NA,4.84,33,200,1200,8697,-2.38,-27.47,27879,1.85,10.77,7919,-4.27,-37.46,261.39,0.47,6.25
2026-08-03,Monthly,2022-11-01,2022-11-30,17,State,Columbia,571,-12.12,-40.59,645000,NA,-11.49,52,1200,1800,802,-4.12,-29.64,3017,0.38,-8.69,633,-5.04,-41.03,512.62,1.67,-4.06
2026-08-03,Monthly,2022-11-01,2022-11-30,13,State,Connecticut,3573,-3.41,-25.35,327750,NA,5.73,41,0,-500,3740,-1.42,-26.41,11242,-2.17,-24.56,3925,-4.63,-33.45,198.13,1.45,8.56
2026-08-03,Monthly,2022-11-01,2022-11-30,15,State,Delaware,1123,-7.39,-35.79,355000,NA,9.23,33,500,900,1248,-3.15,-25.3,3859,-0.26,-6.54,1206,0.78,-32.69,193.22,0.44,6.92
2026-08-03,Monthly,2022-11-01,2022-11-30,19,State,Florida,29450,-15.33,-36.5,375000,NA,10.29,42,300,1500,39426,-0.5,-14.36,144047,0.78,20.76,36034,1.36,-30.7,240.22,0.23,12.24
2026-08-03,Monthly,2022-11-01,2022-11-30,21,State,Georgia,11985,-4.52,-32.06,330000,NA,5.77,38,100,1200,16092,-6.17,-16.74,55437,-0.83,18.04,13141,-6.13,-36.48,173.98,0.06,10.69
2026-08-03,Monthly,2022-11-01,2022-11-30,25,State,Hawaii,1003,-10.15,-41.27,710000,NA,1.94,65,0,1100,1327,2.57,-22.77,5706,0.31,-8.61,1104,-4.35,-42.63,669.65,-0.37,5.66
2026-08-03,Monthly,2022-11-01,2022-11-30,27,State,Idaho,1997,-8.18,-40.79,450000,NA,0.22,46,0,1800,2532,-5.5,-29.27,11294,-2.71,20.39,2333,-2.39,-32.66,251.73,-0.91,-4.08
2026-08-03,Monthly,2022-11-01,2022-11-30,29,State,Illinois,12072,-4.27,-29.84,240000,NA,-2.83,54,-100,2300,13596,-2.89,-25.97,48986,-1.96,0.25,13193,-4.36,-32.96,156.64,-0.04,-0.02
2026-08-03,Monthly,2022-11-01,2022-11-30,31,State,Indiana,7157,-3.22,-20.45,230000,NA,7.03,23,100,-1200,7699,-2.17,-12.5,20537,-0.8,-10.22,7675,-4.17,-25.24,132.71,0.58,6.45
2026-08-03,Monthly,2022-11-01,2022-11-30,33,State,Iowa,3263,-3.84,-22.48,190000,NA,0.53,37,-200,-1500,3476,-3.02,-17.89,11186,-1.96,-16.04,3381,-0.65,-20.21,142.91,0.71,5.14
2026-08-03,Monthly,2022-11-01,2022-11-30,35,State,Kansas,2746,-8.83,-28.61,238000,NA,5.82,27,100,-1400,2987,-1.51,-17.92,8396,0.64,-20.33,2860,-2.98,-23.59,131.25,2.5,7.69
2026-08-03,Monthly,2022-11-01,2022-11-30,37,State,Kentucky,3899,-4.71,-22.41,230000,NA,2.68,32,-200,-200,4422,-0.46,-17.21,12851,-0.68,-10.36,4224,-3.06,-22.53,145.47,1.01,7.53
2026-08-03,Monthly,2022-11-01,2022-11-30,39,State,Louisiana,3522,-10.16,-31.8,240000,NA,4.35,46,400,300,4143,-11.14,-20.87,17262,-0.27,6.43,4213,-0.58,-23.07,138.57,-1.04,4.65
2026-08-03,Monthly,2022-11-01,2022-11-30,41,State,Maine,1458,-6.56,-26.92,326500,NA,8.83,39,-400,1900,1708,6.21,-18.67,5423,0.27,4.53,1675,-2.27,-25.4,221.59,-0.13,9.72
2026-08-03,Monthly,2022-11-01,2022-11-30,43,State,Maryland,5894,-6.68,-36.48,372000,NA,3.33,30,0,500,6810,0.8,-28.1,18618,-1.5,-15.24,6894,-3.77,-30.07,207.87,1.1,3.68
2026-08-03,Monthly,2022-11-01,2022-11-30,45,State,Massachusetts,5627,-4.58,-26.04,539000,NA,5.07,22,0,200,6212,1.67,-23.95,15882,1.86,-9.64,6031,-0.71,-30.13,329.08,0.87,8.61
2026-08-03,Monthly,2022-11-01,2022-11-30,47,State,Michigan,10516,-3.44,-19.91,224628,NA,2.1,28,0,600,11758,-0.88,-16.83,34338,-0.61,-2.59,11291,-3.1,-18.57,142.04,-0.15,3.43
2026-08-03,Monthly,2022-11-01,2022-11-30,49,State,Minnesota,5847,-4.49,-28.06,310000,NA,1.64,28,0,700,6233,-3.91,-27.17,17520,NA,-3.8,5886,-3.8,-33.45,178.94,-0.1,5.18
2026-08-03,Monthly,2022-11-01,2022-11-30,51,State,Mississippi,1885,-4.35,-19.14,235000,NA,9.3,35,-500,-2000,2209,-4.05,-16.83,7701,0.92,-8.45,1892,-8.15,-23.43,135.69,0.63,8.64
2026-08-03,Monthly,2022-11-01,2022-11-30,2,State,Missouri,6726,-3.63,-23.37,235000,NA,4.44,25,100,-900,7281,-3.27,-16.95,21064,0.39,-9.27,7346,-1.69,-23.24,142.13,0.58,6.8
2026-08-03,Monthly,2022-11-01,2022-11-30,4,State,Montana,913,-14.53,-39.34,449000,NA,8.19,67,-100,600,1304,-12.45,-12.96,5733,0.82,-0.4,944,-14.71,-38.06,256.64,-0.8,10
2026-08-03,Monthly,2022-11-01,2022-11-30,6,State,Nebraska,1657,-11.28,-30.26,260000,NA,11.59,26,200,900,1796,-7.21,-20.62,5319,-0.11,-0.61,1613,-4.6,-26.84,145.1,-0.21,8.05
2026-08-03,Monthly,2022-11-01,2022-11-30,8,State,Nevada,3117,-6.35,-47.96,413000,NA,1.98,58,300,3100,3610,-12.56,-38.48,17928,-3.41,30.04,3512,-2.15,-48.96,246.83,0.1,2.05
2026-08-03,Monthly,2022-11-01,2022-11-30,10,State,New Hampshire,1461,-8.18,-29.63,415000,NA,9.21,31,0,300,1620,-4.13,-21.47,4585,-1.1,-8.77,1597,-1.82,-26.25,240.28,1.3,10.42
2026-08-03,Monthly,2022-11-01,2022-11-30,12,State,New Jersey,8045,-5.19,-28.52,425000,NA,6.25,49,-300,-1400,9019,-1.26,-25.26,30791,-1.42,-26.27,9124,-2.89,-26.42,262.79,1.52,7.67
2026-08-03,Monthly,2022-11-01,2022-11-30,14,State,New Mexico,1759,-15.73,-31.96,305000,NA,6.91,44,-400,400,2200,0.57,-12.7,7336,0.85,2.72,2058,-6.77,-21.59,183.85,0.38,9.38
2026-08-03,Monthly,2022-11-01,2022-11-30,16,State,New York,11985,-1.64,-19.67,400000,NA,0.25,41,100,0,13974,-0.53,-14.47,53106,0.57,-5.91,12059,-2.04,-29.32,241.6,0.83,7.07
2026-08-03,Monthly,2022-11-01,2022-11-30,18,State,North Carolina,12827,-5.61,-24.66,349950,NA,10.92,38,200,-300,13821,-0.15,-20.23,43556,-0.99,-13.85,12880,-4.7,-33.24,189.16,0.21,10.04
2026-08-03,Monthly,2022-11-01,2022-11-30,20,State,North Dakota,672,0.54,-18.47,246000,NA,2.5,74,300,200,703,-3.43,-12.8,2863,-0.06,-13.76,642,0.41,-17.4,131.94,-1.76,4.57
2026-08-03,Monthly,2022-11-01,2022-11-30,22,State,Ohio,11425,-4.37,-24.67,204900,NA,2.45,36,0,-200,12443,-1.53,-18.94,35387,-1.29,-12.58,13546,-0.61,-21.37,137.99,-0.21,5.58
2026-08-03,Monthly,2022-11-01,2022-11-30,23,State,Oklahoma,3973,-9.7,-28.86,225000,NA,4.65,25,-100,1000,4495,-4.4,-17.22,14816,0.77,11.8,4585,-0.3,-22.49,139.45,0.48,9.81
2026-08-03,Monthly,2022-11-01,2022-11-30,24,State,Oregon,3819,-11.2,-42.95,485000,NA,3.21,28,-100,1300,4752,-4.43,-31.63,15949,1.79,9.74,4165,-3.82,-40.79,288.19,-0.02,3.69
2026-08-03,Monthly,2022-11-01,2022-11-30,26,State,Pennsylvania,10866,-6.09,-26.51,255000,NA,5.81,35,-400,-700,12325,-0.61,-18.85,38870,-2.72,-12.76,12082,-1.75,-22.68,161.06,-1.05,3.73
2026-08-03,Monthly,2022-11-01,2022-11-30,58,State,Puerto Rico,NA,NA,NA,NA,NA,NA,NA,NA,NA,NA,NA,NA,NA,NA,NA,NA,NA,NA,NA,NA,NA
2026-08-03,Monthly,2022-11-01,2022-11-30,28,State,Rhode Island,984,-7.48,-31.08,400000,NA,9.62,28,-200,0,1134,4.24,-27.38,2816,1.08,-24.41,1015,2.65,-39.07,237.06,2.31,11.26
2026-08-03,Monthly,2022-11-01,2022-11-30,30,State,South Carolina,7357,-3.52,-23.01,329900,NA,13.44,56,100,700,8287,-1.89,-15.84,31833,-1.12,-3.15,7724,-1.65,-28.42,180.88,0.18,10.42
2026-08-03,Monthly,2022-11-01,2022-11-30,32,State,South Dakota,755,-7.13,-29.46,295609,NA,12.83,56,200,-200,862,-1.87,-14.48,3060,-1.95,-12.91,769,-4.58,-46.8,170.96,-1.23,8.18
2026-08-03,Monthly,2022-11-01,2022-11-30,34,State,Tennessee,7819,-8.97,-32.39,330000,NA,5.43,49,200,1000,9475,-3.83,-17.62,34783,0.2,13.96,9571,-1.42,-21.54,192.82,-0.36,9.66
2026-08-03,Monthly,2022-11-01,2022-11-30,36,State,Texas,26002,-6.72,-27.92,330353,NA,4.71,38,200,1300,34522,-2.45,-10.68,126511,1.33,30.85,32940,-0.88,-20.16,176.71,-0.59,6.62
2026-08-03,Monthly,2022-11-01,2022-11-30,38,State,Utah,2685,-4.3,-42.16,485000,NA,3.19,43,300,3000,3740,-3.13,-19.89,14821,1.22,52.9,3264,3.74,-34.81,235.59,0.67,5.04
2026-08-03,Monthly,2022-11-01,2022-11-30,40,State,Vermont,632,-5.46,-24.66,375000,NA,14.5,45,-100,-1200,685,-6.48,-25.2,2350,-2.01,-16.95,684,-3.28,-29.71,210.51,-3.28,7.61
2026-08-03,Monthly,2022-11-01,2022-11-30,42,State,Virginia,9159,-4.44,-29.59,360000,NA,1.41,27,200,-100,9740,-2.05,-25.43,26265,-1.44,-17.24,9508,-4.98,-35.87,200.97,0.62,6.5
2026-08-03,Monthly,2022-11-01,2022-11-30,44,State,Washington,7239,-7.41,-40.65,550000,NA,1.66,22,0,1500,8370,-4.78,-33.8,24465,0.75,19.42,7569,-4.64,-39.84,318.58,-0.05,2.85
2026-08-03,Monthly,2022-11-01,2022-11-30,46,State,West Virginia,1113,-4.21,-21.17,207000,NA,-1.43,64,100,300,1234,-0.16,-20.48,4599,-0.49,-9.93,1175,0.9,-17.24,126.33,0.27,6.09
2026-08-03,Monthly,2022-11-01,2022-11-30,48,State,Wisconsin,5604,-3.56,-25.55,259900,NA,8.29,47,-100,-200,5922,-3.02,-23.43,18719,-1.73,-21.08,5865,-1.44,-29.49,160,-0.34,7.68
2026-08-03,Monthly,2022-11-01,2022-11-30,50,State,Wyoming,571,-10.33,-34.85,320000,NA,7.02,62,400,200,445,NA,-26.2,2533,-2.14,-18.33,596,-8,-31.93,162.37,-0.37,5.92
2026-08-03,Monthly,2022-10-01,2022-10-31,1,State,Alabama,5624,-4.28,-18.97,270000,NA,8.04,44,0,-600,6346,-1.4,-2.93,21729,0.36,-1.64,9033,43.16,20.94,146.44,0.41,8.27
2026-08-03,Monthly,2022-10-01,2022-10-31,3,State,Alaska,785,3.06,-20.98,351000,NA,6.36,35,-200,700,788,0.33,-24.27,2290,-3.93,-21.04,785,-6.58,-26.94,211.69,-1.16,7.8
2026-08-03,Monthly,2022-10-01,2022-10-31,5,State,Arizona,8421,-4.84,-30.98,425000,NA,4.67,52,400,1700,9639,-5.23,-24.96,39357,-3.03,23.29,9022,-8.87,-40.16,252.34,-0.49,5.24
2026-08-03,Monthly,2022-10-01,2022-10-31,7,State,Arkansas,3284,-4.21,-22.62,230000,NA,10.05,38,-200,-800,3843,2.74,-11.53,12281,0.42,-12.43,3408,-3.32,-23.74,140.54,0.25,11.83
2026-08-03,Monthly,2022-10-01,2022-10-31,9,State,California,23755,-7.95,-35.63,680000,NA,0.15,36,100,1200,29131,-3.58,-25.06,92474,-2,3,26231,-5.74,-36.95,437.49,0.4,3.69
2026-08-03,Monthly,2022-10-01,2022-10-31,11,State,Colorado,7680,-7.17,-32.07,526450,NA,6.35,31,-100,1000,8909,-4.53,-24.35,27372,-1.66,6.68,8272,-12.04,-35.53,260.18,-1.1,5.79
2026-08-03,Monthly,2022-10-01,2022-10-31,17,State,Columbia,649,-0.21,-28.01,652500,NA,-7.45,40,-200,600,836,-5.02,-22.98,3005,-1.54,-9.19,666,-7.13,-35.26,504.19,-1.95,-4.53
2026-08-03,Monthly,2022-10-01,2022-10-31,13,State,Connecticut,3699,-3.16,-23.21,335000,NA,9.84,41,-100,-700,3794,-2.18,-22.95,11491,-3.11,-25.64,4116,-3.36,-29.57,195.31,0.94,8.09
2026-08-03,Monthly,2022-10-01,2022-10-31,15,State,Delaware,1213,-6.11,-28.47,347500,NA,7.59,29,0,700,1289,-5.18,-22.17,3870,-2.48,-7.18,1197,-11.36,-34.46,192.37,0.68,11.16
2026-08-03,Monthly,2022-10-01,2022-10-31,19,State,Florida,34783,13.76,-23.22,379990,NA,15.15,39,300,1100,39623,-0.08,-14.68,142937,-0.18,15.3,35550,-7.21,-33.28,239.66,0.22,14.22
2026-08-03,Monthly,2022-10-01,2022-10-31,21,State,Georgia,12553,-2.25,-22.13,330000,NA,7.46,37,100,1200,17150,-6.87,-9.8,55904,0.26,20.07,13999,-5.44,-29.63,173.88,0.18,12.57
2026-08-03,Monthly,2022-10-01,2022-10-31,25,State,Hawaii,1116,-4.47,-32.18,735000,NA,7.46,66,400,900,1293,-4.03,-27.75,5688,-1.24,-9.63,1154,-7.26,-39.71,672.16,1.06,6.38
2026-08-03,Monthly,2022-10-01,2022-10-31,27,State,Idaho,2175,1.38,-33.68,463069,NA,2.9,47,300,1900,2680,-8.18,-25.49,11608,-1.61,18.64,2391,-2.79,-29.72,254.03,-0.59,-3.06
2026-08-03,Monthly,2022-10-01,2022-10-31,29,State,Illinois,12611,-4.45,-24.66,248000,NA,1.22,56,-100,2700,14000,-2.48,-23.45,49968,-2.19,0.84,13795,-3.71,-28.68,156.71,0.18,0.98
2026-08-03,Monthly,2022-10-01,2022-10-31,31,State,Indiana,7395,-2.58,-16.52,235000,NA,9.3,22,0,-1600,7870,-2.2,-10.12,20702,-0.73,-11.27,8009,-1,-18.08,131.94,-0.03,7.55
2026-08-03,Monthly,2022-10-01,2022-10-31,33,State,Iowa,3393,-2.04,-16.29,200000,NA,2.56,39,-900,-1200,3584,-0.65,-14.32,11409,-4.52,-15.09,3403,-4.86,-16.92,141.9,0,5.04
2026-08-03,Monthly,2022-10-01,2022-10-31,35,State,Kansas,3012,0.58,-16.1,246000,NA,10.62,26,-200,-1700,3033,-2.86,-17.54,8343,-3.17,-22.68,2947,-1.58,-17.83,128.05,-2,6.22
2026-08-03,Monthly,2022-10-01,2022-10-31,37,State,Kentucky,4092,-2.71,-17.19,235000,NA,6.87,33,-100,-100,4443,-3.38,-15.86,12938,-4.32,-10.88,4358,-9.75,-20.46,144.01,-0.64,7.57
2026-08-03,Monthly,2022-10-01,2022-10-31,39,State,Louisiana,3920,-2.17,-17.41,240000,NA,4.35,42,0,-100,4662,-3.12,-10.6,17309,0.64,5.15,4238,-4.03,-22.2,140.02,1.56,7.14
2026-08-03,Monthly,2022-10-01,2022-10-31,41,State,Maine,1560,-8.48,-23.7,335000,NA,9.48,43,200,2400,1608,-5.93,-22.23,5408,-2.64,3.14,1714,-4.42,-24.88,221.88,2.17,12.68
2026-08-03,Monthly,2022-10-01,2022-10-31,43,State,Maryland,6315,-5.93,-31.83,375000,NA,2.74,30,200,600,6756,-6.62,-27.85,18902,-3.53,-17.59,7164,-2.67,-27.6,205.62,-0.73,3.82
2026-08-03,Monthly,2022-10-01,2022-10-31,45,State,Massachusetts,5897,-2.33,-19.99,530000,NA,6,22,0,100,6110,-1.86,-24.22,15592,-2.21,-13.76,6074,-3.95,-29.15,326.23,2.61,7.93
2026-08-03,Monthly,2022-10-01,2022-10-31,47,State,Michigan,10891,-2.73,-16.35,230000,NA,4.55,29,100,500,11862,-0.42,-15.72,34548,-0.66,-2.14,11652,-3.36,-15.05,142.25,-0.95,5.6
2026-08-03,Monthly,2022-10-01,2022-10-31,49,State,Minnesota,6122,-3.62,-22.99,320000,NA,4.2,28,100,700,6486,-1.2,-23.32,20398,NA,-6.74,6119,-3.15,-29.12,179.13,0.19,5.04
2026-08-03,Monthly,2022-10-01,2022-10-31,51,State,Mississippi,1971,-4.17,-15.98,239700,NA,9.95,40,300,-1700,2302,0.45,-6.49,7631,-0.57,-13.14,2060,-0.58,3.65,134.85,-2.65,7.02
2026-08-03,Monthly,2022-10-01,2022-10-31,2,State,Missouri,6979,-3.95,-19.75,237975,NA,10.17,24,100,-1100,7527,0.92,-11.86,20982,0.59,-11.31,7473,-5.78,-21.35,141.31,-0.01,7.8
2026-08-03,Monthly,2022-10-01,2022-10-31,4,State,Montana,1068,2.8,-19.7,445000,NA,7.23,68,200,800,1490,11.77,-4.08,5686,1.4,-0.88,1107,4.91,-17.02,258.72,0.95,9.56
2026-08-03,Monthly,2022-10-01,2022-10-31,6,State,Nebraska,1868,-2.75,-16.35,262500,NA,11.7,24,200,700,1936,2.25,-15.61,5325,-0.98,-3.36,1690,-3.77,-23.1,145.4,-0.12,10.16
2026-08-03,Monthly,2022-10-01,2022-10-31,8,State,Nevada,3328,-5.06,-39.8,423000,NA,6.02,54,500,2700,4129,-8.47,-32.07,18562,-2.11,31.61,3590,-9.49,-48.26,246.58,-1.17,3.05
2026-08-03,Monthly,2022-10-01,2022-10-31,10,State,New Hampshire,1591,-7.05,-20.63,415000,NA,12.47,32,100,200,1690,0.36,-13.92,4636,-2.3,-10.69,1627,-1.92,-24.57,237.19,0.46,10.31
2026-08-03,Monthly,2022-10-01,2022-10-31,12,State,New Jersey,8485,-6.06,-25.05,425000,NA,6.25,51,-900,-1100,9134,-3.11,-23.88,31235,-14.13,-26.97,9396,-33.7,-23.93,258.84,-0.54,6.32
2026-08-03,Monthly,2022-10-01,2022-10-31,14,State,New Mexico,2087,6.94,-18.1,325000,NA,16.07,48,400,900,2187,1.88,-14.54,7274,0.77,-1.7,2208,-0.32,-13.05,183.14,2.06,10.41
2026-08-03,Monthly,2022-10-01,2022-10-31,16,State,New York,12185,-3.69,-20.27,400000,NA,-1.23,40,200,0,14049,-2.34,-15.04,52805,-0.01,-8.11,12310,-3.82,-25,239.62,-0.92,3.75
2026-08-03,Monthly,2022-10-01,2022-10-31,18,State,North Carolina,13589,-1.6,-16.96,346500,NA,11.81,36,100,-600,13841,-2.46,-21.97,43990,-1.7,-13.98,13515,-5.05,-29.03,188.76,0.21,12.25
2026-08-03,Monthly,2022-10-01,2022-10-31,20,State,North Dakota,668,-12,-23.16,260000,NA,6.01,71,100,-600,728,1.48,-12.3,2864,-0.83,-15.63,639,-9.94,-20.47,134.3,3.6,4.3
2026-08-03,Monthly,2022-10-01,2022-10-31,22,State,Ohio,11947,-2.04,-20.23,210000,NA,5,36,-100,-200,12636,-1.82,-17.68,35849,-1.57,-13.53,13629,-2.13,-22.37,138.28,-0.19,7.26
2026-08-03,Monthly,2022-10-01,2022-10-31,23,State,Oklahoma,4400,-4.37,-16.82,229173,NA,7.59,25,100,800,4702,-2.2,-14.4,14703,0.34,8.29,4599,-2.97,-22.96,138.78,-1.2,9.34
2026-08-03,Monthly,2022-10-01,2022-10-31,24,State,Oregon,4300,-6.39,-32.36,490000,NA,4.28,29,100,1500,4972,-4.43,-31.15,15668,0.84,4.82,4330,-9.81,-38.86,288.26,0.14,4.59
2026-08-03,Monthly,2022-10-01,2022-10-31,26,State,Pennsylvania,11571,-3.52,-18.99,255000,NA,4.94,38,-100,-200,12400,-3.56,-17.51,39956,-2.7,-11.44,12298,-1.47,-20.76,162.78,0.99,6.64
2026-08-03,Monthly,2022-10-01,2022-10-31,58,State,Puerto Rico,NA,NA,NA,NA,NA,NA,NA,NA,NA,NA,NA,NA,NA,NA,NA,NA,NA,NA,NA,NA,NA
2026-08-03,Monthly,2022-10-01,2022-10-31,28,State,Rhode Island,1063,3.88,-23.76,400000,NA,9.59,30,200,200,1088,0.34,-30.85,2786,-2.29,-26.27,989,-7.38,-39.5,231.72,0.18,10.49
2026-08-03,Monthly,2022-10-01,2022-10-31,30,State,South Carolina,7626,-2.03,-19.23,325000,NA,12.26,56,100,500,8446,-2.1,-14.97,32195,-1.11,-3.9,7854,-5.65,-27.79,180.55,0.81,12.16
2026-08-03,Monthly,2022-10-01,2022-10-31,32,State,South Dakota,812,-5.05,-21.94,299000,NA,15,54,-300,-800,879,-2.18,-14.85,3121,-2.93,-14.98,806,-2.72,-20.09,173.09,-0.14,8.68
2026-08-03,Monthly,2022-10-01,2022-10-31,34,State,Tennessee,8590,-8.24,-22.78,338000,NA,9.03,48,200,800,9852,-4.77,-13.65,34713,-0.66,12.39,9709,-3.81,-20.74,193.51,-0.91,11.79
2026-08-03,Monthly,2022-10-01,2022-10-31,36,State,Texas,27877,-5.15,-20.97,338000,NA,8.33,36,200,1100,35387,-0.26,-6.74,124845,1.43,28.84,33233,-3.12,-18.29,177.76,0.12,8.81
2026-08-03,Monthly,2022-10-01,2022-10-31,38,State,Utah,2805,-13.77,-37.74,495000,NA,6.45,40,300,2900,3861,0.68,-12.57,14643,1.53,49.78,3147,-7.35,-37.84,234.02,0.38,6.04
2026-08-03,Monthly,2022-10-01,2022-10-31,40,State,Vermont,669,-7.46,-23.53,355000,NA,7.58,46,0,-1000,732,2.09,-9.88,2398,-3.24,-19.53,707,-1.8,-26.42,217.65,-0.1,13.97
2026-08-03,Monthly,2022-10-01,2022-10-31,42,State,Virginia,9584,-2.56,-25.19,365000,NA,4.29,26,-100,-400,9945,-3.13,-24.33,26648,-3.01,-19.96,10006,-4.62,-31.61,199.74,0.91,6.01
2026-08-03,Monthly,2022-10-01,2022-10-31,44,State,Washington,7819,-7.54,-34.5,565000,NA,3.67,21,0,1400,8791,-2.84,-28.3,24282,-1.02,16.59,7938,-7.89,-38.74,318.72,-0.11,3.47
2026-08-03,Monthly,2022-10-01,2022-10-31,46,State,West Virginia,1162,-1,-14.73,211000,NA,2.93,62,-100,0,1236,1.25,-12.76,4621,-1.17,-9.02,1165,0.36,-19.1,125.99,0.36,6.64
2026-08-03,Monthly,2022-10-01,2022-10-31,48,State,Wisconsin,5811,-3.73,-22.16,260000,NA,6.12,48,0,-200,6107,0.36,-23.26,19048,-2.85,-21.13,5951,-4.98,-28.45,160.55,1.3,8.79
2026-08-03,Monthly,2022-10-01,2022-10-31,50,State,Wyoming,637,-0.31,-23.67,320000,NA,4.16,58,-300,-100,556,NA,-22.99,2589,-2.83,-16.64,648,0.58,-23.88,162.98,-0.1,8.55
2026-08-03,Monthly,2022-09-01,2022-09-30,1,State,Alabama,5876,-1.59,-17.81,275000,NA,10.04,44,100,-700,6437,-3.54,-1.23,21650,0.81,-3.71,6309,-3.98,-16.51,145.84,-0.49,8.69
2026-08-03,Monthly,2022-09-01,2022-09-30,3,State,Alaska,762,-3.93,-21.87,350000,NA,6.06,37,500,1400,785,1.04,-24.61,2383,-3.11,-20.55,841,1.75,-21,214.17,2.78,9.93
2026-08-03,Monthly,2022-09-01,2022-09-30,5,State,Arizona,8849,0.68,-28.91,425000,NA,6.25,47,600,1400,10171,-3.9,-18.06,40589,-1.46,26.13,9900,-7.77,-32.34,253.58,-0.5,6.74
2026-08-03,Monthly,2022-09-01,2022-09-30,7,State,Arkansas,3428,-4.38,-16.09,240000,NA,11.63,40,200,-700,3741,-2.77,-14.09,12229,-0.6,-13.92,3525,-3.63,-18.71,140.19,0.34,11.46
2026-08-03,Monthly,2022-09-01,2022-09-30,9,State,California,25806,0.58,-29.29,695000,NA,2.96,35,200,1300,30211,-3.07,-22.77,94359,-3.03,3.94,27827,-7.98,-33.68,435.73,-0.13,5.98
2026-08-03,Monthly,2022-09-01,2022-09-30,11,State,Colorado,8274,2.28,-25.52,528800,NA,7.92,32,100,900,9331,-2.37,-18.26,27835,-1.65,9.09,9405,-4.77,-22.63,263.07,0.67,8.24
2026-08-03,Monthly,2022-09-01,2022-09-30,17,State,Columbia,651,-1.95,-19.95,619000,NA,0.65,42,400,900,880,0.78,-21.29,3052,-1.77,-6.83,717,-8.94,-23.57,514.24,-3.98,-2.96
2026-08-03,Monthly,2022-09-01,2022-09-30,13,State,Connecticut,3820,-2.84,-21.5,340000,NA,9.68,42,200,-600,3878,-4.24,-21.12,11860,-4.69,-25.44,4260,-5.32,-27.69,193.48,-0.04,8.85
2026-08-03,Monthly,2022-09-01,2022-09-30,15,State,Delaware,1292,-0.62,-24.02,355000,NA,12.7,29,100,900,1359,-2.58,-19.9,3968,-0.24,-4.97,1350,-5.72,-21.78,191.06,-0.64,9.63
2026-08-03,Monthly,2022-09-01,2022-09-30,19,State,Florida,30574,-9.44,-30.52,377000,NA,14.38,36,500,900,39655,-12.56,-14.18,143199,-0.71,13.72,38312,-8.26,-25.67,239.14,-0.04,15.09
2026-08-03,Monthly,2022-09-01,2022-09-30,21,State,Georgia,12842,-1.98,-20.22,340000,NA,13.33,36,400,1200,18416,0.86,-1.39,55757,1.47,20.28,14804,-4.69,-22.85,173.57,-0.18,14.07
2026-08-03,Monthly,2022-09-01,2022-09-30,25,State,Hawaii,1168,-3.65,-32.02,705000,NA,1.18,61,200,200,1348,-5.11,-28.37,5760,-0.87,-8.34,1244,-5.56,-29.01,665.11,0.12,5.92
2026-08-03,Monthly,2022-09-01,2022-09-30,27,State,Idaho,2145,-0.26,-31.59,459000,NA,4.31,43,300,1800,2918,-1.55,-20.18,11799,-0.7,19.57,2459,-2.36,-24.77,255.53,-2.17,-2.49
2026-08-03,Monthly,2022-09-01,2022-09-30,29,State,Illinois,13199,-0.29,-21.49,252000,NA,1.2,57,0,3200,14357,-1.6,-21.18,51085,-2.34,3,14327,-5.85,-24.34,156.43,-0.6,1.34
2026-08-03,Monthly,2022-09-01,2022-09-30,31,State,Indiana,7591,-2.17,-13.98,235000,NA,6.87,22,300,-1600,8048,-0.17,-4.81,20855,-1.99,-10.93,8090,-6.22,-13.95,131.97,0.61,8.86
2026-08-03,Monthly,2022-09-01,2022-09-30,33,State,Iowa,3464,-1.8,-14.52,206000,NA,5.64,48,-300,-600,3607,-0.65,-10.32,11949,-6.66,-10.81,3577,-6.77,-10.39,141.9,-0.19,7.9
2026-08-03,Monthly,2022-09-01,2022-09-30,35,State,Kansas,2995,-4.36,-20.5,240000,NA,8.11,28,0,-1500,3122,-2.37,-12.49,8616,-2.24,-21.47,2995,-5.93,-19.31,130.66,0.09,10.43
2026-08-03,Monthly,2022-09-01,2022-09-30,37,State,Kentucky,4206,0.71,-15.39,235000,NA,6.84,34,0,0,4599,-1.89,-12.54,13522,-1.51,-7.38,4828,2.27,-7.11,144.94,-0.73,9.43
2026-08-03,Monthly,2022-09-01,2022-09-30,39,State,Louisiana,4007,-1.08,-2.62,238205,NA,3.59,42,500,0,4812,-0.79,19.9,17199,2.35,7.02,4415,-23.63,1.86,137.87,-0.2,7.75
2026-08-03,Monthly,2022-09-01,2022-09-30,41,State,Maine,1705,1.13,-14.78,335000,NA,4.69,41,200,2100,1709,-0.17,-16.01,5555,-3.34,1.52,1794,-8.7,-22.42,217.15,3.07,11.11
2026-08-03,Monthly,2022-09-01,2022-09-30,43,State,Maryland,6713,-2.43,-27.21,385000,NA,5.48,28,200,600,7235,-3,-23.69,19594,-2.67,-16.29,7361,-4.88,-26.05,207.14,0.03,5.55
2026-08-03,Monthly,2022-09-01,2022-09-30,45,State,Massachusetts,6038,-2.69,-21.02,550000,NA,7.84,22,0,100,6225,-0.13,-23.65,15945,-5.61,-14.29,6324,-12.02,-26.63,317.94,-1.03,5.45
2026-08-03,Monthly,2022-09-01,2022-09-30,47,State,Michigan,11197,-1.67,-14.74,235000,NA,4.44,28,200,500,11913,-0.72,-15.64,34778,-0.78,-1.88,12058,0,-12.91,143.62,0.64,7.49
2026-08-03,Monthly,2022-09-01,2022-09-30,49,State,Minnesota,6352,-1.21,-21.08,324000,NA,4.52,27,300,700,6565,-2.42,-21.19,21708,NA,-5.73,6318,-5.8,-24.09,178.79,0.35,5.97
2026-08-03,Monthly,2022-09-01,2022-09-30,51,State,Mississippi,2056,3.14,-11.19,239900,NA,10.1,37,200,-2100,2292,-5.02,-1.54,7675,0.2,-13.75,2072,-1.08,0.33,138.52,1.39,15.48
2026-08-03,Monthly,2022-09-01,2022-09-30,2,State,Missouri,7266,-0.78,-17.07,242750,NA,7.89,23,200,-1200,7458,-3.52,-13.46,20859,-3.05,-13.86,7931,-19.06,-13.74,141.33,0.49,9.55
2026-08-03,Monthly,2022-09-01,2022-09-30,4,State,Montana,1039,1.38,-27.82,469900,NA,10.56,66,200,600,1333,-0.64,-14.68,5608,0.6,-2.37,1055,4.61,-25.69,256.29,0.32,5.04
2026-08-03,Monthly,2022-09-01,2022-09-30,6,State,Nebraska,1920,2.3,-12.79,265000,NA,11.34,22,100,500,1893,-7.93,-16.75,5377,-4.24,-4.32,1757,-5.47,-18.17,145.57,3.47,9.98
2026-08-03,Monthly,2022-09-01,2022-09-30,8,State,Nevada,3506,4.19,-34.72,435000,NA,10.13,49,500,2300,4511,-10.77,-22.96,18962,-0.7,37.59,3966,-6.5,-40.86,249.5,-0.4,6.12
2026-08-03,Monthly,2022-09-01,2022-09-30,10,State,New Hampshire,1712,2.2,-13.57,421000,NA,12.27,30,0,200,1684,-2.8,-17.68,4745,-4.67,-11.83,1659,-8.98,-23.84,236.11,0.08,10.56
2026-08-03,Monthly,2022-09-01,2022-09-30,12,State,New Jersey,9032,0.42,-17.53,440000,NA,8.81,61,-100,100,9428,-5.42,-18.04,36373,-3.55,-16.86,14171,38.49,19.58,260.24,0.84,9.39
2026-08-03,Monthly,2022-09-01,2022-09-30,14,State,New Mexico,1952,-1.73,-24.33,310000,NA,10.71,43,-100,400,2147,0.92,-15.66,7218,-1.27,-5.26,2215,2.24,-13.87,179.45,-1.18,7.67
2026-08-03,Monthly,2022-09-01,2022-09-30,16,State,New York,12652,-1.15,-16.04,410000,NA,-1.2,38,300,-400,14385,-0.42,-10.05,52810,-2.44,-9.62,12799,-3.11,-18.43,241.84,1.66,11.03
2026-08-03,Monthly,2022-09-01,2022-09-30,18,State,North Carolina,13809,-1.19,-17.12,350000,NA,14.75,35,200,-700,14190,-6,-18.78,44750,-2.02,-12.92,14235,-5.28,-22.01,188.35,-0.13,12.93
2026-08-03,Monthly,2022-09-01,2022-09-30,20,State,North Dakota,759,7.98,-9.41,265000,NA,6.04,71,-200,-600,717,-3.94,-9.25,2889,-2.73,-15.36,709,0.52,-9.04,129.64,-0.25,2.13
2026-08-03,Monthly,2022-09-01,2022-09-30,22,State,Ohio,12196,-3.68,-17.35,217000,NA,8.5,37,0,-100,12870,-2.2,-14.79,36421,-3.46,-13.26,13926,-7.64,-20.6,138.55,1.06,8.97
2026-08-03,Monthly,2022-09-01,2022-09-30,23,State,Oklahoma,4601,1.59,-14.67,233000,NA,10.95,25,300,500,4808,-1.28,-7.72,14653,-0.4,7.63,4739,-5.7,-19.94,140.46,1.41,13.2
2026-08-03,Monthly,2022-09-01,2022-09-30,24,State,Oregon,4594,1.36,-26.31,499950,NA,6.37,28,500,1400,5203,0.54,-26.46,15537,-0.7,5.2,4801,-8.65,-30.91,287.85,-1.11,4.88
2026-08-03,Monthly,2022-09-01,2022-09-30,26,State,Pennsylvania,11993,0.17,-17.74,256000,NA,4.49,39,100,0,12858,-0.7,-13.84,41067,-1.08,-9.57,12481,-3.23,-18.24,161.17,0.47,6.18
2026-08-03,Monthly,2022-09-01,2022-09-30,58,State,Puerto Rico,NA,NA,NA,NA,NA,NA,NA,NA,NA,NA,NA,NA,NA,NA,NA,NA,NA,NA,NA,NA,NA
2026-08-03,Monthly,2022-09-01,2022-09-30,28,State,Rhode Island,1023,-9.08,-28.51,405000,NA,9.46,28,0,100,1084,-3.19,-29.13,2851,-6.8,-24.56,1067,-9.6,-29.23,231.31,1.48,12.98
2026-08-03,Monthly,2022-09-01,2022-09-30,30,State,South Carolina,7784,-1.41,-17.8,330000,NA,17.35,55,200,400,8627,-1.34,-12,32557,-0.84,-2.62,8324,-4.25,-19.59,179.1,0.3,12.04
2026-08-03,Monthly,2022-09-01,2022-09-30,32,State,South Dakota,856,7.5,-10.61,295000,NA,8.86,57,100,-700,898,-6.37,-8.74,3215,-2.85,-13.28,828,-3.57,-12.16,173.34,1.04,12.03
2026-08-03,Monthly,2022-09-01,2022-09-30,34,State,Tennessee,9361,3.08,-14.81,344900,NA,14.97,46,200,500,10346,-2.71,-7.52,34942,0.79,12.03,10093,-2.89,-16.3,195.28,0.42,14.77
2026-08-03,Monthly,2022-09-01,2022-09-30,36,State,Texas,29390,1.57,-16.75,345000,NA,11.29,34,400,900,35478,0.43,-5.17,123082,2.28,26.86,34302,-2.08,-14.84,177.55,-0.28,9.9
2026-08-03,Monthly,2022-09-01,2022-09-30,38,State,Utah,3253,2.54,-24.17,495000,NA,6.45,37,500,2500,3835,-1.58,-14.25,14421,0.55,47.72,3396,-7.44,-30.6,233.13,-0.6,6.9
2026-08-03,Monthly,2022-09-01,2022-09-30,40,State,Vermont,723,-2.29,-14.59,370000,NA,17.93,46,400,-1200,717,-7.75,-15.01,2478,-3.89,-20.36,720,-10.68,-27.87,217.87,1.76,11.74
2026-08-03,Monthly,2022-09-01,2022-09-30,42,State,Virginia,9836,-3.06,-24.65,365000,NA,4.58,27,200,-300,10266,-2.87,-22.54,27476,-2.51,-19.39,10491,-5.32,-25.64,197.94,-0.13,6.72
2026-08-03,Monthly,2022-09-01,2022-09-30,44,State,Washington,8456,-0.02,-27.78,575000,NA,7.08,21,300,1400,9048,-4.25,-25.99,24533,-3.12,17.1,8617,-7.11,-32.25,319.07,-0.32,6.23
2026-08-03,Monthly,2022-09-01,2022-09-30,46,State,West Virginia,1174,-4.07,-14.96,225000,NA,9.76,63,200,100,1221,-5.3,-10.09,4676,-2.37,-7.77,1161,-9.36,-17.58,125.54,0.84,7.32
2026-08-03,Monthly,2022-09-01,2022-09-30,48,State,Wisconsin,6036,-3.25,-19.16,271000,NA,10.61,48,0,-200,6085,-0.14,-22.15,19606,-3.77,-19.23,6263,-5.14,-22.68,158.48,0.28,8.79
2026-08-03,Monthly,2022-09-01,2022-09-30,50,State,Wyoming,639,0.08,-24.68,308000,NA,2.7,61,-100,-200,676,NA,-14.54,2664,-1.63,-14.84,644,-2.73,-23.98,163.13,-0.74,6.71
2026-08-03,Monthly,2022-08-01,2022-08-31,1,State,Alabama,5971,-0.5,-14.29,269900,NA,10.16,43,100,-800,6673,1.57,-0.38,21476,0.17,-5.6,6571,-0.78,-11.95,146.55,-0.13,11.21
2026-08-03,Monthly,2022-08-01,2022-08-31,3,State,Alaska,793,-4.67,-16.11,350000,NA,7.69,32,200,400,777,-7.89,-30.33,2460,-4.75,-19.51,826,-9.06,-24.24,208.38,-0.58,7.45
2026-08-03,Monthly,2022-08-01,2022-08-31,5,State,Arizona,8790,-3.21,-28.87,429300,NA,8.68,41,500,900,10584,-19.02,-16.06,41191,3.05,27.14,10734,6.36,-23.97,254.85,-1.9,9.15
2026-08-03,Monthly,2022-08-01,2022-08-31,7,State,Arkansas,3585,4.09,-10.71,240000,NA,15.66,38,100,-1100,3848,-7.15,-14.12,12303,-0.35,-15.44,3658,-2.21,-27.58,139.72,0.33,13.35
2026-08-03,Monthly,2022-08-01,2022-08-31,9,State,California,25657,-0.72,-29.25,698000,NA,2.8,33,400,1100,31168,-6.84,-21.24,97310,-0.26,6.21,30241,3.14,-27.49,436.29,-1.54,4.88
2026-08-03,Monthly,2022-08-01,2022-08-31,11,State,Colorado,8089,-3.78,-25.03,536578,NA,9.51,31,200,800,9558,-10.37,-17.11,28301,0.95,11.16,9876,9.21,-14.92,261.33,-0.7,8.64
2026-08-03,Monthly,2022-08-01,2022-08-31,17,State,Columbia,664,-3.17,-20.89,650000,NA,-1.89,38,100,700,874,-11.39,-20.74,3107,-0.54,-2.77,788,4.87,-15.21,535.53,5.39,1.5
2026-08-03,Monthly,2022-08-01,2022-08-31,13,State,Connecticut,3931,-1.66,-18.94,355000,NA,9.23,40,0,-700,4050,-8.09,-26.62,12443,-3.72,-23.84,4499,-2.66,-25.05,193.57,-0.41,8.57
2026-08-03,Monthly,2022-08-01,2022-08-31,15,State,Delaware,1300,-2.36,-17.99,360000,NA,12.5,27,500,800,1395,-6.65,-22.31,3978,-0.92,-6.4,1432,0.45,-18.37,192.29,2.06,14.11
2026-08-03,Monthly,2022-08-01,2022-08-31,19,State,Florida,33762,-1.16,-20.27,380000,NA,16.92,31,400,400,45350,-3.21,-3.17,144221,2.94,14.94,41763,2.2,-17.55,239.24,-0.49,16.19
2026-08-03,Monthly,2022-08-01,2022-08-31,21,State,Georgia,13102,-1.67,-18.77,340000,NA,13.33,32,300,900,18259,-4.72,-5.09,54949,2.73,18.63,15532,1.35,-16.97,173.89,0.04,15.92
2026-08-03,Monthly,2022-08-01,2022-08-31,25,State,Hawaii,1212,-5.81,-31.15,699500,NA,1.38,60,300,-200,1420,-6.97,-23.24,5810,-0.34,-8.08,1318,-5.18,-30.93,664.3,0.63,11.67
2026-08-03,Monthly,2022-08-01,2022-08-31,27,State,Idaho,2151,2.33,-27.13,467000,NA,5.42,40,200,1600,2964,-12.09,-16.49,11881,0.7,23.23,2519,0.29,-19.78,261.19,-0.02,1.71
2026-08-03,Monthly,2022-08-01,2022-08-31,29,State,Illinois,13237,-3.36,-19.35,260000,NA,0.97,58,100,3300,14591,-6.93,-20.73,52308,-2.89,5.56,15217,1.31,-19.23,157.38,-0.46,2.63
2026-08-03,Monthly,2022-08-01,2022-08-31,31,State,Indiana,7759,-1.67,-10.97,240000,NA,11.16,19,-300,-2000,8061,-3.27,-7.49,21279,-4.25,-10.36,8627,-3.07,-5.01,131.17,0.06,9.93
2026-08-03,Monthly,2022-08-01,2022-08-31,33,State,Iowa,3528,0.29,-13.6,212750,NA,6.37,51,0,-400,3631,-6.92,-11.93,12801,-0.95,-5.2,3837,9.84,-2.84,142.17,0.35,7.45
2026-08-03,Monthly,2022-08-01,2022-08-31,35,State,Kansas,3131,2.78,-10.76,246000,NA,5.81,28,-300,-1600,3198,-4.55,-14.31,8814,-3.24,-20.58,3184,-5.02,-10.38,130.55,1.32,9.7
2026-08-03,Monthly,2022-08-01,2022-08-31,37,State,Kentucky,4177,-3.72,-14.7,240000,NA,10.09,34,400,300,4687,-5.24,-12.33,13729,-1.16,-5.28,4721,1.82,-8.56,146,0.17,11.37
2026-08-03,Monthly,2022-08-01,2022-08-31,39,State,Louisiana,4051,-1.12,-7.13,240000,NA,4.35,38,700,-500,4850,-3.22,-4.25,16804,2.97,0.94,5781,29.83,26.06,138.15,-0.67,6.36
2026-08-03,Monthly,2022-08-01,2022-08-31,41,State,Maine,1686,-0.04,-13.69,340000,NA,9.68,38,400,1900,1712,-10.28,-18.91,5747,-2.35,1.6,1964,2.57,-11.49,210.69,-2.1,9.31
2026-08-03,Monthly,2022-08-01,2022-08-31,43,State,Maryland,6881,-1.86,-23.38,389000,NA,4.4,26,200,600,7458,-10.46,-28.64,20132,-1.78,-15.76,7738,-0.46,-22.61,207.08,-0.04,6.83
2026-08-03,Monthly,2022-08-01,2022-08-31,45,State,Massachusetts,6205,-0.96,-17.03,566000,NA,5.79,22,0,0,6234,-20.71,-24.58,16893,-2.73,-9.7,7188,0.59,-14.11,321.27,-0.34,8.29
2026-08-03,Monthly,2022-08-01,2022-08-31,47,State,Michigan,11387,-2.07,-12.4,240000,NA,6.67,26,100,300,12000,-13.62,-15.54,35051,-3.34,-0.77,12058,-2.15,-12.8,142.7,0.99,8.16
2026-08-03,Monthly,2022-08-01,2022-08-31,49,State,Minnesota,6430,-3.22,-20.09,330700,NA,4.65,24,100,400,6728,-7.04,-19.76,22928,NA,-4.07,6707,-2.19,-18.63,178.16,0.66,6.75
2026-08-03,Monthly,2022-08-01,2022-08-31,51,State,Mississippi,1994,-3.01,-13.17,240000,NA,9.09,34,700,-2300,2413,-3.47,-7.16,7659,2.27,-15.75,2095,0.8,2.12,136.61,1.19,13.09
2026-08-03,Monthly,2022-08-01,2022-08-31,2,State,Missouri,7322,-1.99,-17.29,244500,NA,8.91,21,-100,-1500,7731,-6.75,-14.67,21516,-3.26,-12.45,9799,20.81,4,140.64,-0.04,9.79
2026-08-03,Monthly,2022-08-01,2022-08-31,4,State,Montana,1024,-4.54,-27.09,475000,NA,15.85,64,100,300,1342,-7.57,-17.9,5574,0.57,-2.68,1008,-7.31,-26.76,255.46,-1.38,8.93
2026-08-03,Monthly,2022-08-01,2022-08-31,6,State,Nebraska,1877,-1.67,-13.25,265000,NA,10.42,21,400,600,2057,-2.95,-10.25,5615,0.62,-1.18,1858,3.36,-12.3,140.69,-3.23,9.03
2026-08-03,Monthly,2022-08-01,2022-08-31,8,State,Nevada,3365,-5.81,-35.67,434500,NA,10.77,44,1000,1800,5056,-16.35,-15.78,19096,4.92,38.84,4242,7.1,-38.46,250.49,-0.68,9.09
2026-08-03,Monthly,2022-08-01,2022-08-31,10,State,New Hampshire,1675,3.54,-13.21,428600,NA,11.32,31,300,200,1733,-5.61,-16.83,4977,-0.2,-9.28,1823,0.68,-14.83,235.93,0.94,13.07
2026-08-03,Monthly,2022-08-01,2022-08-31,12,State,New Jersey,8994,-2.5,-19.29,450000,NA,7.14,62,-200,100,9968,-8.52,-24.08,37713,-3.69,-15.8,10233,-8.02,-19.31,258.07,0.33,8.05
2026-08-03,Monthly,2022-08-01,2022-08-31,14,State,New Mexico,1986,1.16,-20.68,305000,NA,10.91,44,300,300,2127,-10.04,-21.11,7311,-0.8,-5.89,2166,-62.87,-14.42,181.59,0.5,12.25
2026-08-03,Monthly,2022-08-01,2022-08-31,16,State,New York,12799,-3.55,-15.98,444000,NA,0.91,35,100,-800,14447,-3.76,-13.67,54128,-1.2,-10.58,13210,-1.49,-17.11,237.89,-0.02,6.39
2026-08-03,Monthly,2022-08-01,2022-08-31,18,State,North Carolina,13976,-2.23,-15.94,350000,NA,14.61,32,200,-1100,15096,-7.89,-13.85,45672,-0.73,-11.75,15029,0.77,-15.37,188.59,0.11,16.04
2026-08-03,Monthly,2022-08-01,2022-08-31,20,State,North Dakota,703,-0.68,-12.61,255000,NA,-1.89,73,0,-600,746,6.53,0.4,2969,0.27,-13.56,706,-2.23,-8.84,129.96,-1.9,4.74
2026-08-03,Monthly,2022-08-01,2022-08-31,22,State,Ohio,12661,-0.51,-9.61,223173,NA,6.32,37,0,-200,13160,-6.43,-16.07,37728,-2.35,-11.4,15077,1.18,-14.6,137.09,0.36,8.6
2026-08-03,Monthly,2022-08-01,2022-08-31,23,State,Oklahoma,4529,-2.11,-12.37,231000,NA,9.48,22,0,300,4870,-12.35,-12.88,14711,0.07,6.27,5025,-3.26,-13.5,138.51,0.82,10.41
2026-08-03,Monthly,2022-08-01,2022-08-31,24,State,Oregon,4532,-4.35,-24.89,505000,NA,7.31,23,300,1100,5175,-9.15,-24,15647,-0.51,9.09,5255,4.89,-21.08,291.07,0.67,7.61
2026-08-03,Monthly,2022-08-01,2022-08-31,26,State,Pennsylvania,11973,-1.33,-15.24,265000,NA,3.92,38,0,0,12950,-6,-18.07,41513,-1.32,-10.11,12898,-1.49,-17,160.42,-1.17,6.02
2026-08-03,Monthly,2022-08-01,2022-08-31,58,State,Puerto Rico,NA,NA,NA,NA,NA,NA,NA,NA,NA,NA,NA,NA,NA,NA,NA,NA,NA,NA,NA,NA,NA
2026-08-03,Monthly,2022-08-01,2022-08-31,28,State,Rhode Island,1126,-5.22,-15.08,400000,NA,6.67,28,400,0,1120,-14.65,-28.74,3059,-6.57,-20.62,1181,-5.9,-23.01,227.92,0.54,10.93
2026-08-03,Monthly,2022-08-01,2022-08-31,30,State,South Carolina,7895,-2.31,-16.53,325000,NA,14.04,53,200,100,8745,-2.93,-11.33,32832,0.69,-1.33,8694,1,-13.86,178.55,-0.78,12.82
2026-08-03,Monthly,2022-08-01,2022-08-31,32,State,South Dakota,796,-1.67,-18.64,299000,NA,10.74,56,-200,-800,959,-3.06,-4.31,3309,1,-12.9,859,-20.27,-10.49,171.55,-0.22,10.67
2026-08-03,Monthly,2022-08-01,2022-08-31,34,State,Tennessee,9082,-1.71,-18.34,345000,NA,15,44,300,300,10633,-6.79,-5.72,34669,2.59,12.19,10394,-0.36,-14.5,194.46,-1.11,16.99
2026-08-03,Monthly,2022-08-01,2022-08-31,36,State,Texas,28936,-1.69,-15.82,346912,NA,11.73,30,400,600,35327,-10.49,-6.8,120337,3.85,24.34,35030,1.01,-12.89,178.05,-0.21,12.06
2026-08-03,Monthly,2022-08-01,2022-08-31,38,State,Utah,3173,4.69,-23.62,504410,NA,10.8,32,500,2000,3896,-16.64,-12.25,14342,3.41,48.79,3669,-0.37,-22.84,234.52,0.45,9
2026-08-03,Monthly,2022-08-01,2022-08-31,40,State,Vermont,740,8.13,-16.12,349500,NA,9.99,42,500,-1500,778,2.69,-10.6,2579,1.92,-19.95,806,1.15,-16.2,214.09,5.26,17.2
2026-08-03,Monthly,2022-08-01,2022-08-31,42,State,Virginia,10147,-2.32,-21.82,370534,NA,4.84,24,200,-500,10569,-6.69,-23.2,28183,-2.31,-19.32,11080,-0.33,-20.78,198.19,0.37,7.35
2026-08-03,Monthly,2022-08-01,2022-08-31,44,State,Washington,8458,-0.29,-26.32,575000,NA,5.26,18,400,1000,9449,-10.48,-20.72,25324,-0.96,22.76,9277,-1.16,-30.49,320.11,-0.45,6.4
2026-08-03,Monthly,2022-08-01,2022-08-31,46,State,West Virginia,1224,5.68,-7.34,224500,NA,9.5,61,300,-200,1289,-1.24,-7.9,4790,0.21,-6.32,1281,3.28,-9.4,124.49,0.29,7.22
2026-08-03,Monthly,2022-08-01,2022-08-31,48,State,Wisconsin,6239,-0.85,-15.49,274900,NA,9.96,48,0,-200,6094,-10.36,-23.61,20374,-3.78,-15.83,6602,-2.63,-15.88,158.04,1.15,10.03
2026-08-03,Monthly,2022-08-01,2022-08-31,50,State,Wyoming,638,-4.32,-22.67,315000,NA,9,62,200,-200,891,NA,-11.61,2708,-0.75,-15.37,662,-2.86,-21.52,164.36,1.81,10.01
2026-08-03,Monthly,2022-07-01,2022-07-31,1,State,Alabama,6001,-5.34,-14.27,276000,NA,10.4,42,-100,-1000,6570,-6.33,-5.88,21439,-0.28,-5.7,6623,-7.93,-10.98,146.74,0.37,12.36
2026-08-03,Monthly,2022-07-01,2022-07-31,3,State,Alaska,832,-7.72,-11.81,357700,NA,6.18,30,400,200,844,-12.35,-27.32,2582,-2.91,-14.2,909,0.62,-13.39,209.59,0.43,8.69
2026-08-03,Monthly,2022-07-01,2022-07-31,5,State,Arizona,9081,-5.93,-27,440800,NA,12.74,37,200,500,13070,-4.17,0.85,39971,8.49,26.55,10092,-4.67,-23.85,259.78,-1.03,13.06
2026-08-03,Monthly,2022-07-01,2022-07-31,7,State,Arkansas,3444,-3.3,-13.19,239000,NA,11.16,37,-100,-1600,4144,-3.53,-5.45,12346,1.86,-14.95,3740,-1.47,-25.91,139.26,0.48,14.43
2026-08-03,Monthly,2022-07-01,2022-07-31,9,State,California,25842,-8.7,-30.79,715000,NA,4.38,29,300,800,33456,-5.43,-16.85,97566,3.9,6.83,29321,-3.15,-29.2,443.1,0.11,7.17
2026-08-03,Monthly,2022-07-01,2022-07-31,11,State,Colorado,8406,-7.14,-24.34,540000,NA,8.02,29,400,600,10664,-1.74,-6.41,28036,4.99,10.98,9043,-6.26,-23.6,263.17,0.57,11.74
2026-08-03,Monthly,2022-07-01,2022-07-31,17,State,Columbia,685,-6.55,-25.82,649000,NA,-3.49,37,100,700,986,2.11,-13.6,3124,0.46,-0.79,751,-3.99,-20.68,508.14,-5.26,-3.68
2026-08-03,Monthly,2022-07-01,2022-07-31,13,State,Connecticut,3998,-2.89,-20.86,365000,NA,9.13,40,100,-800,4406,-5.27,-21.3,12924,-0.18,-21.89,4622,-3.21,-21.14,194.37,-0.26,10.65
2026-08-03,Monthly,2022-07-01,2022-07-31,15,State,Delaware,1331,6.75,-12.88,350000,NA,7.61,22,100,300,1494,-3.3,-17.61,4015,0.85,-3.1,1426,-3.55,-15.26,188.41,0.77,11.03
2026-08-03,Monthly,2022-07-01,2022-07-31,19,State,Florida,34159,-5.75,-22.23,385000,NA,18.46,27,300,-200,46856,-2.56,0.63,140101,7.11,12.96,40863,-1.23,-16.53,240.41,-0.81,18.68
2026-08-03,Monthly,2022-07-01,2022-07-31,21,State,Georgia,13324,-4.05,-17.92,345000,NA,15,29,200,600,19164,-1.38,1.81,53490,4.2,16.99,15325,-2.56,-15.44,173.81,0.53,17.79
2026-08-03,Monthly,2022-07-01,2022-07-31,25,State,Hawaii,1287,-9.69,-25.66,725000,NA,8.21,57,100,-400,1527,-5.04,-7.95,5830,-0.77,-7.23,1390,-3.32,-24.52,660.12,-3.16,9.26
2026-08-03,Monthly,2022-07-01,2022-07-31,27,State,Idaho,2102,-9.2,-31.89,480000,NA,9.09,38,400,1400,3372,-10.63,-5.18,11798,7.72,26.48,2511,4.06,-15.08,261.24,-0.34,2.93
2026-08-03,Monthly,2022-07-01,2022-07-31,29,State,Illinois,13697,-4.77,-18.53,273000,NA,3.8,56,100,3900,15677,-6.46,-17.41,53862,-2.59,9.64,15020,-5.49,-20.14,158.1,-0.43,3.37
2026-08-03,Monthly,2022-07-01,2022-07-31,31,State,Indiana,7891,-0.78,-10.05,245000,NA,11.36,21,-1300,-2000,8334,-3.48,-2.66,22223,-2.39,-4.45,8900,-3.3,0.28,131.09,0.13,12.49
2026-08-03,Monthly,2022-07-01,2022-07-31,33,State,Iowa,3518,-4.73,-12.68,225000,NA,12.5,51,-100,-500,3901,-5.15,-1.28,12924,-0.91,-3.81,3493,-8.03,-11.35,141.68,2.14,8.67
2026-08-03,Monthly,2022-07-01,2022-07-31,35,State,Kansas,3046,-3.93,-14.1,255000,NA,8.51,31,0,-1300,3350,-3.37,-12.18,9109,-0.85,-18.43,3352,2.64,-8.04,128.85,0.89,9.7
2026-08-03,Monthly,2022-07-01,2022-07-31,37,State,Kentucky,4338,-1.59,-11.59,240000,NA,7.14,30,300,-300,4947,-5.69,-10.09,13890,0.83,-1.77,4636,-2.73,-9.12,145.75,1.56,12.01
2026-08-03,Monthly,2022-07-01,2022-07-31,39,State,Louisiana,4097,-5.46,-14.77,249230,NA,7.41,30,200,-1200,5011,-7.74,-7.07,16319,1.24,-2.23,4453,-3.25,-8.84,139.08,-0.83,7.05
2026-08-03,Monthly,2022-07-01,2022-07-31,41,State,Maine,1686,-4.46,-17.85,350359,NA,11.22,34,1200,1500,1908,-4.08,-13.19,5885,2.44,2.42,1915,-4.6,-12.73,215.2,1.46,14.32
2026-08-03,Monthly,2022-07-01,2022-07-31,43,State,Maryland,7011,-2.6,-21.62,395000,NA,5.33,25,300,600,8329,-1.18,-22.7,20497,2,-11.29,7774,-3.72,-22.37,207.17,-0.65,6.32
2026-08-03,Monthly,2022-07-01,2022-07-31,45,State,Massachusetts,6265,-3.58,-18.11,590000,NA,10.04,22,0,0,7862,-1.04,-6.12,17368,2.25,-5.06,7146,2.78,-9.1,322.36,1.22,9.69
2026-08-03,Monthly,2022-07-01,2022-07-31,47,State,Michigan,11627,-1.33,-10.75,250000,NA,8.7,25,200,200,13892,-1.37,-2.3,36264,0.67,3.46,12322,-1.48,-9.85,141.3,-0.96,7.61
2026-08-03,Monthly,2022-07-01,2022-07-31,49,State,Minnesota,6644,-3.16,-18.03,338300,NA,7.4,23,300,400,7237,-3.97,-13.35,22852,NA,-1.49,6857,-4.66,-15.28,176.99,-0.05,6.35
2026-08-03,Monthly,2022-07-01,2022-07-31,51,State,Mississippi,2056,-3.03,-10.25,250000,NA,15.23,28,0,-3300,2500,-3.61,-4.53,7489,1.63,-17.19,2078,-4.58,0.32,135.01,0.37,13.05
2026-08-03,Monthly,2022-07-01,2022-07-31,2,State,Missouri,7471,-2.9,-15.01,250000,NA,11.11,22,-900,-1300,8290,-3.41,-7.31,22242,-2.55,-7.31,8111,-7.62,-11.53,140.7,0.56,11.62
2026-08-03,Monthly,2022-07-01,2022-07-31,4,State,Montana,1073,-1.7,-27.38,465000,NA,16.54,63,200,-300,1451,1.04,-5.21,5542,1.64,-2.85,1088,-4.48,-25.36,259.03,-0.68,12.01
2026-08-03,Monthly,2022-07-01,2022-07-31,6,State,Nebraska,1909,-3.99,-12.04,275000,NA,14.18,17,100,200,2119,-2.35,-6.4,5581,2.66,-2.12,1798,-2.51,-13.31,145.39,3.17,13.55
2026-08-03,Monthly,2022-07-01,2022-07-31,8,State,Nevada,3572,-10.28,-32.58,445000,NA,12.94,34,300,1000,6044,-6.13,1.8,18201,11.57,36.34,3961,-7.91,-35.09,252.21,-2.18,12.16
2026-08-03,Monthly,2022-07-01,2022-07-31,10,State,New Hampshire,1618,-6.89,-15.44,430000,NA,13.16,28,0,-200,1836,0.32,-13.23,4987,1.18,-9.54,1810,-1.2,-15.88,233.73,-0.65,14.25
2026-08-03,Monthly,2022-07-01,2022-07-31,12,State,New Jersey,9225,-3.39,-16.69,459000,NA,9.55,63,-100,200,10896,-5.2,-19.29,39158,-1.63,-13.1,11125,6.54,-7.95,257.21,0.62,8.77
2026-08-03,Monthly,2022-07-01,2022-07-31,14,State,New Mexico,1963,-4.88,-21.83,305000,NA,8.93,41,300,100,2365,2.07,-14.84,7370,2.3,-4.93,5834,166.46,118,180.69,0.34,14.2
2026-08-03,Monthly,2022-07-01,2022-07-31,16,State,New York,13270,-2.37,-12.45,455000,NA,4.6,34,100,-900,15011,-4.56,-10.77,54787,0.97,-10.38,13410,-3.4,-18.97,237.93,-1.29,5.83
2026-08-03,Monthly,2022-07-01,2022-07-31,18,State,North Carolina,14294,-2.35,-13.15,357500,NA,17.64,31,0,-1300,16389,-4.81,-6.58,46009,0.15,-11.18,14915,-1.49,-13.43,188.38,0.16,17.96
2026-08-03,Monthly,2022-07-01,2022-07-31,20,State,North Dakota,708,-0.6,-18.15,270000,NA,6.11,72,-100,-900,701,-10.82,-15.42,2961,-2.46,-17.11,722,-0.69,-11.13,132.48,-0.33,7.37
2026-08-03,Monthly,2022-07-01,2022-07-31,22,State,Ohio,12726,-0.43,-8.82,225000,NA,7.14,37,0,-200,14065,-5.76,-12.35,38636,-0.8,-8.15,14901,-4.13,-16.3,136.6,-0.01,9.02
2026-08-03,Monthly,2022-07-01,2022-07-31,23,State,Oklahoma,4627,0.53,-5.24,235000,NA,12.44,22,200,400,5556,-1.21,-4.12,14701,5.29,8.96,5195,1.33,-9.17,137.38,-0.19,12.97
2026-08-03,Monthly,2022-07-01,2022-07-31,24,State,Oregon,4739,-6.56,-24.41,512400,NA,8.26,20,500,1000,5696,-5.13,-12.88,15726,3.85,12.29,5010,-0.92,-24.03,289.14,-0.65,8.32
2026-08-03,Monthly,2022-07-01,2022-07-31,26,State,Pennsylvania,12134,-2.54,-14.3,274000,NA,7.03,38,300,100,13776,-7.51,-15.52,42070,-0.15,-7.21,13094,-2.88,-12.47,162.32,0.29,8.6
2026-08-03,Monthly,2022-07-01,2022-07-31,58,State,Puerto Rico,NA,NA,NA,NA,NA,NA,NA,NA,NA,NA,NA,NA,NA,NA,NA,NA,NA,NA,NA,NA,NA
2026-08-03,Monthly,2022-07-01,2022-07-31,28,State,Rhode Island,1188,2.88,-9.51,402000,NA,8.65,24,200,-300,1312,-6.65,-20.44,3274,-1.08,-13.38,1255,4.15,-15.89,226.7,2.67,10.87
2026-08-03,Monthly,2022-07-01,2022-07-31,30,State,South Carolina,8082,-2.22,-14.18,330000,NA,17.77,50,0,-300,9008,-4.87,-10.21,32607,1.18,-1.23,8608,-2.77,-12.6,179.95,0.3,15.63
2026-08-03,Monthly,2022-07-01,2022-07-31,32,State,South Dakota,809,0.9,-12.89,311000,NA,18.48,58,-200,-800,990,0.43,-3.88,3276,2.63,-14.55,1077,28.42,15.29,171.92,-1.42,13.25
2026-08-03,Monthly,2022-07-01,2022-07-31,34,State,Tennessee,9240,-8.57,-14.76,347440,NA,15.81,41,100,100,11408,-4.7,-0.12,33794,3.88,11.48,10432,-4,-13.51,196.64,0.69,20.43
2026-08-03,Monthly,2022-07-01,2022-07-31,36,State,Texas,29434,-3.1,-13.18,350000,NA,12.23,26,200,200,39465,-1.57,3.24,115876,6.79,23.44,34679,-2.64,-12.93,178.43,-0.6,14.38
2026-08-03,Monthly,2022-07-01,2022-07-31,38,State,Utah,3031,-14.99,-27.95,510000,NA,11.08,27,300,1400,4674,-2.65,2.7,13869,9.66,49.17,3683,0.76,-20.27,233.46,-1.77,10.24
2026-08-03,Monthly,2022-07-01,2022-07-31,40,State,Vermont,684,-5.19,-21.8,370000,NA,16.9,37,200,-2800,757,-7.73,-22.16,2530,-4.22,-23.93,797,-2.87,-19.45,203.4,-3,9.43
2026-08-03,Monthly,2022-07-01,2022-07-31,60,State,Virgin Islands of the U.S.,NA,NA,NA,NA,NA,NA,NA,NA,NA,NA,NA,NA,NA,NA,NA,NA,NA,NA,NA,NA,NA
2026-08-03,Monthly,2022-07-01,2022-07-31,42,State,Virginia,10388,-3.14,-21.26,380000,NA,5.56,23,200,-400,11327,-5.34,-19.97,28848,-0.56,-17.22,11117,-2.08,-19.33,197.47,-0.45,7.8
2026-08-03,Monthly,2022-07-01,2022-07-31,44,State,Washington,8483,-7.96,-28.03,590000,NA,7.27,14,200,600,10556,-6.75,-9.15,25571,5.18,27.32,9386,-1.41,-20.13,321.57,0.01,9.1
2026-08-03,Monthly,2022-07-01,2022-07-31,46,State,West Virginia,1158,-8.71,-16.34,215000,NA,6.17,58,-100,-800,1305,-6.78,-11.5,4780,-0.46,-6.45,1240,-3.98,-11.62,124.13,0.78,7.9
2026-08-03,Monthly,2022-07-01,2022-07-31,48,State,Wisconsin,6292,-3.32,-16.64,280000,NA,11.11,48,0,-200,6798,-5.96,-16.7,21173,-2.22,-12.38,6781,-1.79,-11.51,156.24,-0.04,9.4
2026-08-03,Monthly,2022-07-01,2022-07-31,50,State,Wyoming,667,-8.88,-23.9,314250,NA,5.1,60,-200,-500,830,NA,-20.12,2729,-2.65,-16.34,682,-4.12,-22.76,161.44,1.1,10.19
2026-08-03,Monthly,2022-06-01,2022-06-30,1,State,Alabama,6339,-2.75,-13.59,281270,NA,13.84,43,100,-900,7014,2.09,5.38,21499,1.67,-5.21,7193,2.98,-5.65,146.2,0.01,14.61
2026-08-03,Monthly,2022-06-01,2022-06-30,3,State,Alaska,901,-5.52,-1.28,369900,NA,6.37,27,200,-300,962,1.3,-7.48,2660,0.84,-9.23,903,-9.03,-15.88,208.69,-1.01,8.31
2026-08-03,Monthly,2022-06-01,2022-06-30,5,State,Arizona,9654,-3.86,-21.79,455000,NA,18.18,34,300,300,13638,0.2,5.45,36841,11.15,20.69,10587,-6.62,-18.32,262.49,-0.96,16.78
2026-08-03,Monthly,2022-06-01,2022-06-30,7,State,Arkansas,3562,-6.68,-14.86,247700,NA,20.89,37,0,-1600,4295,3.43,2.21,12120,2.59,-16.03,3796,-4.34,-24.37,138.59,1.15,17.05
2026-08-03,Monthly,2022-06-01,2022-06-30,9,State,California,28303,-7.43,-23.54,735000,NA,5.76,26,400,300,35376,-2.34,-11.57,93904,4.42,3.6,30275,-9.25,-27.15,442.59,-0.1,7.53
2026-08-03,Monthly,2022-06-01,2022-06-30,11,State,Colorado,9052,-9.75,-17.11,560000,NA,13.13,25,100,200,10853,-0.48,-3.27,26703,2.75,4.71,9647,-6.65,-20.22,261.66,0.1,10.64
2026-08-03,Monthly,2022-06-01,2022-06-30,17,State,Columbia,733,-5.27,-17.77,725000,NA,2.37,36,200,700,965,-4.85,-16.26,3110,-0.84,-2.55,783,-6.59,-22.82,536.37,3.21,-0.33
2026-08-03,Monthly,2022-06-01,2022-06-30,13,State,Connecticut,4117,-3.26,-18.25,358300,NA,6.96,39,100,-1200,4651,-0.57,-15.76,12947,0.28,-23.79,4775,-2.97,-20.06,194.88,1.48,11.8
2026-08-03,Monthly,2022-06-01,2022-06-30,15,State,Delaware,1247,-8.58,-20.4,360100,NA,14.32,21,400,300,1545,6.79,-14.03,3981,0.94,-2.9,1478,1.99,-11.67,186.97,0.26,9.65
2026-08-03,Monthly,2022-06-01,2022-06-30,19,State,Florida,36243,-4,-18.84,395000,NA,21.58,24,100,-700,48087,2.13,4.76,130804,8.63,5.41,41374,-5.01,-20.08,242.37,0.18,22.12
2026-08-03,Monthly,2022-06-01,2022-06-30,21,State,Georgia,13887,-2.27,-14.71,355000,NA,18.33,27,200,300,19433,4.14,6.54,51334,5.06,13.37,15728,-4.35,-14.33,172.9,0.48,19.44
2026-08-03,Monthly,2022-06-01,2022-06-30,25,State,Hawaii,1425,-11.4,-21.29,735000,NA,10.86,56,100,-400,1608,-4.48,-10.63,5875,-0.28,-9.18,1437,-5.91,-25.64,681.68,2.12,17.44
2026-08-03,Monthly,2022-06-01,2022-06-30,27,State,Idaho,2315,-11.95,-22.48,499000,NA,13.15,34,1200,1200,3773,11.21,17.92,10953,16.53,22.84,2413,-10.23,-22,262.13,-2.85,3.74
2026-08-03,Monthly,2022-06-01,2022-06-30,29,State,Illinois,14382,-1.91,-13.62,285000,NA,5.56,55,200,3700,16760,-0.29,-11.14,55295,-0.11,14.47,15892,-3.52,-14.31,158.79,-0.54,3.97
2026-08-03,Monthly,2022-06-01,2022-06-30,31,State,Indiana,7954,-3.02,-8.92,250000,NA,15.21,34,0,-800,8634,1.42,2.09,22768,4.04,-0.09,9204,2.86,3.09,130.92,0.69,14.08
2026-08-03,Monthly,2022-06-01,2022-06-30,33,State,Iowa,3692,0.59,-7.72,225000,NA,10.84,52,100,-400,4113,4.01,3,13042,2.88,-4.58,3799,3.49,-4.53,138.72,-1.67,8.02
2026-08-03,Monthly,2022-06-01,2022-06-30,35,State,Kansas,3171,3.08,-7.98,265000,NA,13.73,30,-200,-1500,3467,0.05,-5.34,9187,0.58,-16.28,3266,-0.95,-10.19,127.71,-0.42,10
2026-08-03,Monthly,2022-06-01,2022-06-30,37,State,Kentucky,4408,-2.97,-11.43,248000,NA,11.46,27,0,-800,5245,2.56,0.39,13776,2.53,-0.02,4767,-3.69,-7.41,143.51,0.96,12.46
2026-08-03,Monthly,2022-06-01,2022-06-30,39,State,Louisiana,4334,-5.73,-13.43,255000,NA,8.51,28,0,-1800,5432,4.67,4.52,16120,4.81,-3.34,4603,-5.45,-10.18,140.24,1.01,9.76
2026-08-03,Monthly,2022-06-01,2022-06-30,41,State,Maine,1765,1.28,-13.6,365000,NA,16.1,22,800,400,1990,-0.44,-7.97,5745,6.22,0.1,2008,-3.16,-10.58,212.11,0.96,14.93
2026-08-03,Monthly,2022-06-01,2022-06-30,43,State,Maryland,7198,-6.04,-19.66,405000,NA,8,22,200,400,8429,1.76,-16.43,20095,1.33,-8.9,8074,-2.47,-19.69,208.52,0.8,8.31
2026-08-03,Monthly,2022-06-01,2022-06-30,45,State,Massachusetts,6497,-2.97,-14.69,600000,NA,8.99,21,0,0,7944,-0.19,-7.64,16986,0.99,-7.85,6953,-7.7,-14.44,318.49,-0.69,8.66
2026-08-03,Monthly,2022-06-01,2022-06-30,47,State,Michigan,11784,-2.01,-9.89,252500,NA,9.78,23,100,100,14085,0.17,-0.52,36022,1.18,2.96,12508,-1.58,-8.28,142.67,0.68,9.62
2026-08-03,Monthly,2022-06-01,2022-06-30,49,State,Minnesota,6861,-3.06,-15.23,345000,NA,6.17,20,100,0,7536,-3.06,-9.09,22922,NA,1.11,7192,-2.77,-11.58,177.07,-0.34,7.11
2026-08-03,Monthly,2022-06-01,2022-06-30,51,State,Mississippi,2120,-2.67,-9.56,250000,NA,14.94,27,200,-3400,2594,0.58,5.93,7369,2.15,-18.04,2178,-2.69,1.32,134.51,0.57,15.41
2026-08-03,Monthly,2022-06-01,2022-06-30,2,State,Missouri,7694,-2.98,-13.62,259900,NA,15.51,31,-200,-600,8583,2.25,-2.63,22823,2.68,-2.46,8780,2.59,-5.37,139.92,0.03,11.32
2026-08-03,Monthly,2022-06-01,2022-06-30,4,State,Montana,1092,-9.86,-26.59,495000,NA,24.06,61,300,-300,1436,3.37,-2.24,5453,2.09,-5.99,1139,-11.06,-26.42,260.8,0.3,14.32
2026-08-03,Monthly,2022-06-01,2022-06-30,6,State,Nebraska,1988,3.84,-2.82,272000,NA,11.93,16,0,100,2170,3.88,-4.79,5436,2.78,-5.07,1844,-4.72,-11.25,140.92,-0.09,12.19
2026-08-03,Monthly,2022-06-01,2022-06-30,8,State,Nevada,3982,-11.28,-24.81,459350,NA,20.88,32,400,700,6438,7.26,14.92,16313,12.8,26.18,4301,-11.18,-32.37,257.84,-1.28,17.87
2026-08-03,Monthly,2022-06-01,2022-06-30,10,State,New Hampshire,1738,0.05,-11.74,433000,NA,15.08,28,100,-100,1830,-4.37,-16.17,4929,0.3,-9.82,1832,-6.08,-17,235.27,1.21,15.29
2026-08-03,Monthly,2022-06-01,2022-06-30,12,State,New Jersey,9549,-2.72,-14.4,455750,NA,9.82,64,300,200,11494,0.97,-14.8,39805,0.29,-12.15,10442,-2.15,-18.49,255.63,-0.31,9.13
2026-08-03,Monthly,2022-06-01,2022-06-30,14,State,New Mexico,2064,-4.48,-16.21,305000,NA,10.91,39,-100,-200,2317,1.93,-5.11,7204,2.27,-5.14,2189,-2.54,-16.9,180.08,0.91,14.78
2026-08-03,Monthly,2022-06-01,2022-06-30,16,State,New York,13591,-2.29,-9.7,475000,NA,10.27,33,200,-1300,15728,1.77,-6.73,54262,2.71,-12.01,13882,-1.15,-14.23,241.03,0.41,7.45
2026-08-03,Monthly,2022-06-01,2022-06-30,18,State,North Carolina,14639,-2.04,-11.24,364430,NA,19.49,31,-100,-1500,17217,2.2,0.46,45941,0.17,-12.14,15140,-5.42,-12.93,188.08,1.11,19.44
2026-08-03,Monthly,2022-06-01,2022-06-30,20,State,North Dakota,712,-15.94,-13.86,279000,NA,11.6,74,0,-800,786,12.03,-8.54,3036,-1.51,-16.76,727,-4.15,-8.81,132.92,0.05,5.56
2026-08-03,Monthly,2022-06-01,2022-06-30,22,State,Ohio,12781,-1.18,-5.83,231500,NA,10.24,37,0,-300,14924,1.61,-3.19,38947,1.58,-4.46,15542,-3.81,-7.76,136.61,0.57,10.74
2026-08-03,Monthly,2022-06-01,2022-06-30,23,State,Oklahoma,4602,-2.61,-9.93,242000,NA,14.96,20,0,0,5624,4.86,2.03,13962,7.13,9.29,5127,0.79,-8.51,137.64,-1.24,14.47
2026-08-03,Monthly,2022-06-01,2022-06-30,24,State,Oregon,5071,-7.95,-16.34,520000,NA,10.64,16,200,500,6004,0.2,-6.06,15144,3.52,8.01,5057,-10.54,-23.15,291.03,0.36,10.86
2026-08-03,Monthly,2022-06-01,2022-06-30,26,State,Pennsylvania,12450,-0.61,-10.49,280000,NA,7.69,35,0,-300,14895,3.98,-7.49,42131,2.14,-5.76,13482,-1.58,-14.34,161.85,1.4,9.84
2026-08-03,Monthly,2022-06-01,2022-06-30,58,State,Puerto Rico,NA,NA,NA,NA,NA,NA,NA,NA,NA,NA,NA,NA,NA,NA,NA,NA,NA,NA,NA,NA,NA
2026-08-03,Monthly,2022-06-01,2022-06-30,28,State,Rhode Island,1154,-0.58,-17.73,414900,NA,13.67,22,400,-500,1405,1.92,-11.5,3310,2.18,-9.91,1205,-4.86,-20.99,220.81,0.15,8.58
2026-08-03,Monthly,2022-06-01,2022-06-30,30,State,South Carolina,8266,-2.31,-13.34,333644,NA,17.11,50,200,-400,9470,0.1,-1.18,32225,4.48,-1.75,8853,-3.73,-11.5,179.42,-0.18,18.36
2026-08-03,Monthly,2022-06-01,2022-06-30,32,State,South Dakota,802,-7.08,-16.62,312000,NA,16.42,60,400,-1100,985,15.67,-1.1,3192,4.77,-16.38,839,-6.8,-15.17,174.4,2.8,17.32
2026-08-03,Monthly,2022-06-01,2022-06-30,34,State,Tennessee,10106,1.47,-5,358627,NA,19.54,41,100,-100,11971,7.08,12.44,32532,7.37,10.42,10866,-2.4,-8.72,195.29,0.33,22.35
2026-08-03,Monthly,2022-06-01,2022-06-30,36,State,Texas,30376,-1.88,-9.14,360945,NA,16.1,24,100,-100,40093,0.94,6.95,108508,8.87,20.19,35620,-3.88,-9.7,179.51,0.44,17.38
2026-08-03,Monthly,2022-06-01,2022-06-30,38,State,Utah,3565,-4.52,-15.55,529000,NA,17.56,24,600,1000,4801,1.27,7.77,12647,11.91,38.09,3655,-12.44,-22.13,237.66,-0.73,14.02
2026-08-03,Monthly,2022-06-01,2022-06-30,40,State,Vermont,721,-6.62,-17.7,388500,NA,19.56,35,800,-2700,821,1.02,-6.38,2641,1.1,-22.95,821,-3.61,-16.34,209.7,1.12,12.02
2026-08-03,Monthly,2022-06-01,2022-06-30,42,State,Virginia,10724,-3.43,-18.45,395000,NA,6.76,21,100,-600,11966,-1.2,-14.41,29009,0.74,-15.49,11353,-5.82,-20.25,198.35,0.25,9.08
2026-08-03,Monthly,2022-06-01,2022-06-30,44,State,Washington,9217,-8.65,-19.18,614000,NA,11.64,12,100,300,11319,2.27,-0.92,24311,6.26,19.36,9520,-9.4,-21.35,321.54,0.17,9.85
2026-08-03,Monthly,2022-06-01,2022-06-30,46,State,West Virginia,1269,0.38,-9.76,224300,NA,10.36,60,200,-600,1400,-0.94,2.83,4802,1.28,-5.43,1291,-4.58,-10.71,123.17,0.31,7.96
2026-08-03,Monthly,2022-06-01,2022-06-30,48,State,Wisconsin,6508,-2.7,-13.86,281750,NA,9.14,48,100,-200,7229,0.71,-11.12,21653,-0.46,-10.2,6904,-3.33,-13.28,156.3,0.92,12.36
2026-08-03,Monthly,2022-06-01,2022-06-30,50,State,Wyoming,732,0.76,-21.81,333700,NA,18.33,62,400,-600,1093,NA,-6.9,2803,0.82,-15.88,711,-1.4,-22.06,159.68,0.82,12.64
2026-08-03,Monthly,2022-05-01,2022-05-31,1,State,Alabama,6518,-0.82,-3.66,275000,NA,14.58,42,100,-1200,6870,1.4,8.84,21147,1.45,-7.06,6985,-0.3,-2.15,146.19,0.98,16.23
2026-08-03,Monthly,2022-05-01,2022-05-31,3,State,Alaska,954,5.16,1.39,369900,NA,12.77,25,100,-500,950,-8.4,-12.55,2638,-2.62,-11.94,993,-4.46,-16.74,210.81,0.39,11.48
2026-08-03,Monthly,2022-05-01,2022-05-31,5,State,Arizona,10042,-5.17,-17.95,457525,NA,20.4,31,0,-100,13611,4.23,6.96,33146,9.52,10.31,11337,-0.52,-10.44,265.03,0.06,20.46
2026-08-03,Monthly,2022-05-01,2022-05-31,7,State,Arkansas,3817,1.78,-1.11,239000,NA,16.59,37,200,-1500,4153,-0.12,-0.15,11814,0.61,-17.3,3968,0,-16.95,137.02,2.83,17.13
2026-08-03,Monthly,2022-05-01,2022-05-31,9,State,California,30575,-6.14,-16.57,750000,NA,9.89,22,200,-200,36222,-1.47,-8.06,89928,2.9,-1.35,33359,-2.76,-17.59,443.03,-0.85,8.67
2026-08-03,Monthly,2022-05-01,2022-05-31,11,State,Colorado,10030,5,-0.14,550000,NA,12.24,24,500,0,10905,-1.51,5.3,25989,1.31,2.05,10335,3.78,-3.7,261.41,-0.47,11.23
2026-08-03,Monthly,2022-05-01,2022-05-31,17,State,Columbia,774,-13.28,-17.66,650000,NA,-5.66,33,100,400,1015,4.31,-6.65,3136,1.45,-1.94,838,-4.88,-17.49,519.68,-0.94,0.66
2026-08-03,Monthly,2022-05-01,2022-05-31,13,State,Connecticut,4256,-1.58,-14.69,336000,NA,8.39,37,-100,-1500,4678,-0.53,-13.4,12910,-0.94,-25.67,4921,-1.29,-20.9,192.04,1.93,11.18
2026-08-03,Monthly,2022-05-01,2022-05-31,15,State,Delaware,1364,-4.17,-7.29,350000,NA,14.75,18,0,-400,1447,-3.72,-16.28,3944,-0.66,-5.49,1450,1.4,-17,186.49,0.59,10.7
2026-08-03,Monthly,2022-05-01,2022-05-31,19,State,Florida,37753,-1.03,-13.27,390000,NA,23.97,23,0,-1000,47084,1.89,0.72,120411,7.26,-4.28,43558,-0.1,-15.44,241.92,0.23,23.65
2026-08-03,Monthly,2022-05-01,2022-05-31,21,State,Georgia,14210,-3.1,-12.42,353000,NA,20.68,25,0,0,18660,9.13,9.51,48860,3.86,7.7,16443,1.01,-7.16,172.07,1.34,21.85
2026-08-03,Monthly,2022-05-01,2022-05-31,25,State,Hawaii,1609,2.47,-8.33,705790,NA,7.1,55,100,-800,1683,2.15,-2.12,5891,-0.08,-9.39,1528,-2.42,-18.07,667.56,-0.08,13.29
2026-08-03,Monthly,2022-05-01,2022-05-31,27,State,Idaho,2629,-5.5,-10.9,514995,NA,18.58,21,200,-200,3392,1.93,14.04,9400,6.99,6.88,2688,-6.14,-13.37,269.82,-0.5,9.68
2026-08-03,Monthly,2022-05-01,2022-05-31,29,State,Illinois,14662,-3.1,-10.99,275000,NA,5.77,54,500,3300,16809,-1.49,-9.04,55357,0.43,14.05,16471,1.82,-10.17,159.65,0.77,5.32
2026-08-03,Monthly,2022-05-01,2022-05-31,31,State,Indiana,8202,-1.65,-5.38,242000,NA,15.24,34,300,-800,8513,-0.91,2.42,21884,3.22,-2.29,8948,1.65,-1.09,130.02,0.9,14.1
2026-08-03,Monthly,2022-05-01,2022-05-31,33,State,Iowa,3671,-3.75,-9.46,220000,NA,12.82,51,400,-500,3954,2.09,0.09,12677,2.27,-6.94,3671,1.88,-9.42,141.07,1.32,8.39
2026-08-03,Monthly,2022-05-01,2022-05-31,35,State,Kansas,3076,-4.4,-10.01,259900,NA,12.03,32,-100,-1300,3465,1.71,-7.36,9134,-1.12,-17.08,3297,-0.43,-9.81,128.25,0.75,11.22
2026-08-03,Monthly,2022-05-01,2022-05-31,37,State,Kentucky,4543,-3.08,-8.04,238153,NA,10.77,27,-300,-800,5114,0.03,0.26,13437,0.59,-2.4,4949,1.88,-3.72,142.15,0.48,12.15
2026-08-03,Monthly,2022-05-01,2022-05-31,39,State,Louisiana,4597,-1.5,-5.26,250000,NA,9.65,28,-200,-1900,5189,-0.21,2.97,15379,-0.73,-10.41,4868,0.78,-2.68,138.83,0.87,9.55
2026-08-03,Monthly,2022-05-01,2022-05-31,41,State,Maine,1743,-0.65,-16.7,350000,NA,14.75,14,-100,-400,1998,-2.53,-3.3,5409,-0.48,-7.02,2073,1.02,-8.19,210.09,-0.88,16.42
2026-08-03,Monthly,2022-05-01,2022-05-31,43,State,Maryland,7661,-4.93,-12.92,401000,NA,9.86,20,100,0,8283,-1.6,-12.56,19832,-1.41,-10.09,8278,-3.91,-18.66,206.87,0.61,8.42
2026-08-03,Monthly,2022-05-01,2022-05-31,45,State,Massachusetts,6696,-1.5,-13.86,590000,NA,11.32,21,0,-100,7960,0.55,-4.4,16819,-1.47,-9.31,7533,1.22,-8.16,320.69,1.27,9.77
2026-08-03,Monthly,2022-05-01,2022-05-31,47,State,Michigan,12025,-2.01,-9.23,245000,NA,10.61,22,200,-200,14061,0.2,-0.13,35604,0.97,0.9,12709,-3.4,-8.11,141.7,0.77,10.41
2026-08-03,Monthly,2022-05-01,2022-05-31,49,State,Minnesota,7078,-2.73,-12.95,342000,NA,10.32,19,100,-300,7774,-2.85,-1.63,21229,NA,0.99,7397,-2.73,-11.52,177.67,0.37,8.74
2026-08-03,Monthly,2022-05-01,2022-05-31,51,State,Mississippi,2178,1.45,-6.33,248536,NA,15.63,25,-300,-3700,2579,-2.95,4.74,7214,1.14,-21.33,2238,-2.86,6.6,133.74,0.84,15.17
2026-08-03,Monthly,2022-05-01,2022-05-31,2,State,Missouri,7931,-1.06,-8.89,249900,NA,13.64,33,100,-200,8394,-1.19,-4.15,22227,0.34,-5.22,8558,1.89,-9.26,139.87,0.57,12.99
2026-08-03,Monthly,2022-05-01,2022-05-31,4,State,Montana,1211,-3.16,-13.09,473950,NA,21.76,59,200,-600,1390,8.05,10.56,5342,0.34,-6.62,1281,-0.54,-9.59,260.02,0.76,20.14
2026-08-03,Monthly,2022-05-01,2022-05-31,6,State,Nebraska,1915,-6.34,-8.33,263750,NA,12.23,16,0,100,2089,-3.03,-0.25,5289,-0.05,-5.89,1936,3.71,-5.05,141.05,2.02,13.11
2026-08-03,Monthly,2022-05-01,2022-05-31,8,State,Nevada,4488,-4.65,-11.37,460000,NA,24.32,27,400,-200,6003,4.55,7.36,14461,7.39,8.92,4842,-5.53,-18.11,261.18,-0.63,22.16
2026-08-03,Monthly,2022-05-01,2022-05-31,10,State,New Hampshire,1737,1.54,-10.59,435000,NA,16,27,300,-500,1913,0.76,-7.73,4914,2.38,-8.82,1951,0,-13.13,232.45,1.39,17.13
2026-08-03,Monthly,2022-05-01,2022-05-31,12,State,New Jersey,9816,-1.97,-11.63,439000,NA,9.78,62,200,-100,11383,0.56,-10.86,39690,0.72,-12.56,10672,-1.67,-16.27,256.42,1.08,10.36
2026-08-03,Monthly,2022-05-01,2022-05-31,14,State,New Mexico,2161,-3.24,-11.3,315000,NA,17.1,40,100,-300,2273,-2.31,-8.38,7044,0.65,-8.6,2246,-1.74,-17,178.46,0.63,15.74
2026-08-03,Monthly,2022-05-01,2022-05-31,16,State,New York,13910,-1.26,-8.46,460000,NA,13.36,32,-500,-2100,15454,1.01,-6.41,52830,-0.79,-15.74,14044,-4.57,-16.71,240.05,0.95,8.58
2026-08-03,Monthly,2022-05-01,2022-05-31,18,State,North Carolina,14943,-2.61,-8.82,360000,NA,20.4,32,-700,-1300,16846,3.66,0.74,45865,-1.84,-13.57,16008,2.46,-6.37,186.02,0.67,20.58
2026-08-03,Monthly,2022-05-01,2022-05-31,20,State,North Dakota,847,24.93,-3.44,259900,NA,3.13,74,600,-500,701,-5.78,-13.9,3083,-1.6,-16.19,758,32.06,-6.26,132.85,-0.78,6.52
2026-08-03,Monthly,2022-05-01,2022-05-31,22,State,Ohio,12934,0.21,-2.48,225000,NA,12.5,37,100,-300,14687,-2.3,-2.27,38341,0.51,-4.55,16157,2.61,-1.53,135.84,0.74,11.02
2026-08-03,Monthly,2022-05-01,2022-05-31,23,State,Oklahoma,4726,0.1,-2.99,237500,NA,15.85,19,500,-200,5363,0.32,1.62,13033,3.66,4.92,5087,0.54,-10.04,139.36,3.53,19.01
2026-08-03,Monthly,2022-05-01,2022-05-31,24,State,Oregon,5510,-3.61,-7.94,520000,NA,11.91,13,300,200,5993,-0.79,-3.17,14628,0.21,2.23,5652,-2.52,-13.49,289.98,-0.59,11.58
2026-08-03,Monthly,2022-05-01,2022-05-31,26,State,Pennsylvania,12527,-4.68,-7.07,270000,NA,11.8,35,100,-500,14325,0.14,-6.4,41247,-0.22,-7.87,13698,1.13,-12.03,159.62,-1.07,9.96
2026-08-03,Monthly,2022-05-01,2022-05-31,58,State,Puerto Rico,NA,NA,NA,NA,NA,NA,NA,NA,NA,NA,NA,NA,NA,NA,NA,NA,NA,NA,NA,NA,NA
2026-08-03,Monthly,2022-05-01,2022-05-31,28,State,Rhode Island,1161,-6.94,-13.73,405000,NA,15.71,18,-100,-1100,1379,3.1,-7.29,3239,1.22,-11.67,1266,0.39,-18.67,220.47,-1.42,10.87
2026-08-03,Monthly,2022-05-01,2022-05-31,30,State,South Carolina,8461,-2.51,-10.59,334342,NA,21.62,48,200,-900,9460,0.55,-2.74,30842,3.45,-8.66,9196,4,-9.22,179.75,1.19,20.4
2026-08-03,Monthly,2022-05-01,2022-05-31,32,State,South Dakota,863,0.79,-0.51,300000,NA,17.65,56,500,-1100,852,-7.48,-8.84,3047,0.46,-17.71,900,2.11,-4.4,169.65,1.64,18.72
2026-08-03,Monthly,2022-05-01,2022-05-31,34,State,Tennessee,9960,-1.67,-0.74,355000,NA,22.46,39,200,-200,11180,4.4,10.23,30299,3.74,2.83,11133,0.35,-6.93,194.64,2.31,24.35
2026-08-03,Monthly,2022-05-01,2022-05-31,36,State,Texas,30958,-1.49,-5.72,362500,NA,19.2,23,0,-300,39721,1.33,7.96,99666,7,11.77,37059,2.13,-5.98,178.73,1.19,18.89
2026-08-03,Monthly,2022-05-01,2022-05-31,38,State,Utah,3734,-6.64,-6.33,543755,NA,23.58,18,300,300,4741,-0.52,22.07,11301,8.96,24.29,4175,-2.49,-6.15,239.41,-0.09,17.01
2026-08-03,Monthly,2022-05-01,2022-05-31,40,State,Vermont,773,0.15,-10.52,370000,NA,17.46,27,-400,-4300,812,2.66,-8.64,2613,2.71,-26.75,852,2.13,-21.05,207.37,0.77,17.18
2026-08-03,Monthly,2022-05-01,2022-05-31,42,State,Virginia,11105,-2.79,-16.19,400000,NA,9.59,19,0,-800,12112,-0.48,-10.86,28797,-0.35,-15.31,12054,0.89,-11.75,197.86,0.13,10.89
2026-08-03,Monthly,2022-05-01,2022-05-31,44,State,Washington,10090,-3.29,-9.25,625000,NA,14.68,11,200,300,11069,-1.8,4.16,22880,2.42,8.15,10508,-0.71,-13.78,320.98,-0.76,11.16
2026-08-03,Monthly,2022-05-01,2022-05-31,46,State,West Virginia,1264,-2.18,-1.74,225000,NA,15.46,58,700,-600,1413,3.95,3.91,4741,2.13,-7.27,1353,6.77,-3.04,122.79,0.44,8.58
2026-08-03,Monthly,2022-05-01,2022-05-31,48,State,Wisconsin,6689,-1.14,-10.55,275000,NA,10.89,48,0,-300,7178,-1.98,-6.37,21754,-0.21,-9.03,7142,-0.77,-11.11,154.88,-0.52,12.17
2026-08-03,Monthly,2022-05-01,2022-05-31,50,State,Wyoming,727,-4.77,-21.73,320000,NA,20.75,58,300,-1200,956,NA,-5.16,2780,-0.26,-17.68,721,-5.05,-20.8,158.38,-1.55,11.53
2026-08-03,Monthly,2022-04-01,2022-04-30,1,State,Alabama,6572,-3.72,-4.96,275000,NA,15.79,41,0,-1300,6775,3.83,7.15,20845,0.44,-9.19,7005,-1.86,-4.49,144.76,1.91,16.74
2026-08-03,Monthly,2022-04-01,2022-04-30,3,State,Alaska,907,0.16,-3.36,350000,NA,9.2,24,0,-600,1037,1.58,-1.42,2709,2.7,-8.82,1039,1.69,-7.78,210,0.18,10.89
2026-08-03,Monthly,2022-04-01,2022-04-30,5,State,Arizona,10590,-3.73,-13.59,450000,NA,22.95,31,100,-200,13059,1.69,2.47,30266,3.79,0.38,11396,-0.37,-4.92,264.88,1.05,24.01
2026-08-03,Monthly,2022-04-01,2022-04-30,7,State,Arkansas,3750,-3.83,1.66,230000,NA,15.87,35,200,-1600,4158,-0.24,4.84,11742,-1.96,-16.22,3968,-2.29,-15.23,133.26,0.5,14.27
2026-08-03,Monthly,2022-04-01,2022-04-30,9,State,California,32576,-3.28,-11.24,750000,NA,11.94,20,200,-500,36761,-2.1,-7.23,87391,0.99,-7.02,34305,-5.17,-15.66,446.84,0.65,11.03
2026-08-03,Monthly,2022-04-01,2022-04-30,11,State,Colorado,9552,4.17,-7.57,565000,NA,18.7,19,400,-800,11073,5.44,6.61,25653,4.5,-3.13,9958,5.1,-4.33,262.65,0.52,12.45
2026-08-03,Monthly,2022-04-01,2022-04-30,17,State,Columbia,893,2.86,-7.44,701250,NA,7.43,33,400,200,973,-6.65,-12,3091,-2.38,-5.17,881,-7.43,-13.01,524.61,-0.39,-0.45
2026-08-03,Monthly,2022-04-01,2022-04-30,13,State,Connecticut,4324,-1.53,-15.07,325000,NA,6.38,39,-100,-1400,4703,-1.04,-12.95,13033,-0.15,-25.7,4985,-3.69,-19.36,188.42,0.52,9.22
2026-08-03,Monthly,2022-04-01,2022-04-30,15,State,Delaware,1423,-5.55,-3.39,350000,NA,17.85,17,-300,-700,1503,-4.92,-10.18,3970,-1.08,-4.99,1429,-11.18,-15.28,185.39,-1.76,12.23
2026-08-03,Monthly,2022-04-01,2022-04-30,19,State,Florida,38148,-4.66,-14.12,380000,NA,24.18,23,200,-1400,46211,-0.47,-0.55,112258,4.07,-12.16,43603,-1.36,-15.19,241.36,2.14,26.22
2026-08-03,Monthly,2022-04-01,2022-04-30,21,State,Georgia,14664,-1.79,-9.13,345000,NA,21.05,24,100,-300,17098,2.92,0.98,47042,1.36,1.13,16278,-1.91,-8.47,169.79,1.56,21.35
2026-08-03,Monthly,2022-04-01,2022-04-30,25,State,Hawaii,1570,-1.52,-9.69,752500,NA,17.58,53,300,-1400,1648,-0.99,-4.31,5896,-0.99,-12.21,1566,-2.97,-16.16,668.1,0.2,13.84
2026-08-03,Monthly,2022-04-01,2022-04-30,27,State,Idaho,2782,-2.97,-8.59,500950,NA,19.61,20,100,-500,3328,2.7,11.54,8786,5.08,-2.12,2864,-1,-5.02,271.18,0,12.44
2026-08-03,Monthly,2022-04-01,2022-04-30,29,State,Illinois,15131,-1.28,-5.45,270000,NA,3.89,48,400,2300,17063,-0.04,-8.48,55122,0.53,11.61,16176,-2.64,-9.9,158.44,-1.29,4.93
2026-08-03,Monthly,2022-04-01,2022-04-30,31,State,Indiana,8339,-0.09,-3.38,230000,NA,16.75,31,200,-900,8591,-0.58,3.98,21202,2.58,-5.21,8803,-0.61,0.86,128.86,0.37,13.73
2026-08-03,Monthly,2022-04-01,2022-04-30,33,State,Iowa,3814,-1.44,-3.26,205000,NA,7.95,46,200,-800,3873,-1.04,-1.48,12396,0.33,-8.83,3603,-2.68,-9.22,139.24,-0.45,6.25
2026-08-03,Monthly,2022-04-01,2022-04-30,35,State,Kansas,3218,1.46,-0.07,239000,NA,8.64,33,-100,-1300,3407,-0.04,-5.16,9238,-3.13,-14.27,3311,2.89,-5.4,127.29,0,11.47
2026-08-03,Monthly,2022-04-01,2022-04-30,37,State,Kentucky,4687,0.63,-3.66,230000,NA,12.25,29,0,-400,5113,0.57,0.27,13358,-0.88,-2.41,4858,-10.63,-7.07,141.46,0.72,12.95
2026-08-03,Monthly,2022-04-01,2022-04-30,39,State,Louisiana,4667,-1.3,-0.51,248320,NA,9.15,31,0,-1700,5200,4.32,5.04,15492,0.8,-10.51,4830,0,0.32,137.63,-0.2,9.72
2026-08-03,Monthly,2022-04-01,2022-04-30,41,State,Maine,1754,1.61,-15.48,345000,NA,21.27,15,-100,-500,2050,5.48,-5.15,5435,2.57,-11.18,2052,3.91,-11.34,211.96,4.05,18.32
2026-08-03,Monthly,2022-04-01,2022-04-30,43,State,Maryland,8058,-2.6,-7.49,385000,NA,7.84,18,0,-100,8417,1,-6.99,20116,1.32,-7.84,8615,-1.18,-13.69,205.61,1.03,8.01
2026-08-03,Monthly,2022-04-01,2022-04-30,45,State,Massachusetts,6799,-0.31,-10.92,569000,NA,11.35,20,0,-200,7916,-0.75,-8.55,17069,-1.75,-15.98,7442,-4.33,-11.21,316.68,-0.21,8.98
2026-08-03,Monthly,2022-04-01,2022-04-30,47,State,Michigan,12272,0.29,-7.58,235000,NA,9.3,20,100,-300,14033,-0.21,-0.54,35263,0.12,-0.67,13157,0.9,-3.76,140.61,-0.32,10.01
2026-08-03,Monthly,2022-04-01,2022-04-30,49,State,Minnesota,7277,-0.21,-9.48,340000,NA,11.48,19,0,-300,8002,0.46,-2.51,18458,NA,-5.44,7605,1.01,-7.26,177.02,-0.36,8.56
2026-08-03,Monthly,2022-04-01,2022-04-30,51,State,Mississippi,2147,-3.44,-8.24,239900,NA,13.72,28,600,-3500,2657,9.87,12.12,7133,2.61,-23.08,2304,1.37,12.31,132.63,0.61,15.6
2026-08-03,Monthly,2022-04-01,2022-04-30,2,State,Missouri,8015,-1.29,-7.6,239900,NA,14.78,32,200,-400,8495,3.9,-3.25,22151,1.54,-6.01,8399,0.58,-8.5,139.07,1.53,13.95
2026-08-03,Monthly,2022-04-01,2022-04-30,4,State,Montana,1251,1.39,-15.21,490000,NA,30.67,56,800,-800,1286,-0.87,-4.9,5323,-1.23,-12.4,1288,7.97,-10.57,258.05,0.94,18.31
2026-08-03,Monthly,2022-04-01,2022-04-30,6,State,Nebraska,2044,1.85,1.51,261000,NA,13.44,16,200,-600,2154,5.79,0.84,5292,2.79,-7.09,1867,-1.34,-8.58,138.26,0.18,11.8
2026-08-03,Monthly,2022-04-01,2022-04-30,8,State,Nevada,4707,-1.78,-12.69,450990,NA,25.28,23,400,-1000,5741,8.58,4.1,13466,4.75,-3.7,5126,-2.55,-11.99,262.84,1.82,25.68
2026-08-03,Monthly,2022-04-01,2022-04-30,10,State,New Hampshire,1711,1.65,-14.09,410000,NA,13.75,24,-200,-900,1899,-1.96,-12.1,4800,1.82,-14.35,1951,0.87,-13.7,229.27,0.58,15.79
2026-08-03,Monthly,2022-04-01,2022-04-30,12,State,New Jersey,10013,-0.9,-10.07,420000,NA,9.09,60,600,-300,11320,1.93,-9.43,39406,1.03,-13.39,10853,-1.01,-14.14,253.68,1.33,9.18
2026-08-03,Monthly,2022-04-01,2022-04-30,14,State,New Mexico,2233,1.18,-8.19,305000,NA,17.31,39,200,-600,2326,5.04,-5.01,6998,1.48,-9.63,2286,1.27,-13.7,177.34,0.7,15.06
2026-08-03,Monthly,2022-04-01,2022-04-30,16,State,New York,14088,-2.84,-7.97,454750,NA,9.58,37,-100,-1900,15299,-4.28,-10.72,53253,-1.47,-17.38,14717,-2.83,-8.67,237.81,0.16,5.98
2026-08-03,Monthly,2022-04-01,2022-04-30,18,State,North Carolina,15344,-0.23,-5.97,350000,NA,21.95,40,200,-600,16251,6.09,-2.06,46723,0.46,-12.58,15624,3.08,-8.43,184.78,1.73,21.09
2026-08-03,Monthly,2022-04-01,2022-04-30,20,State,North Dakota,678,2.09,-20.88,284340,NA,16.65,67,100,-1500,744,-2.23,-9.24,3133,1.5,-16.05,574,-0.67,-26.13,133.9,1.18,7.73
2026-08-03,Monthly,2022-04-01,2022-04-30,22,State,Ohio,12907,2.21,1.3,213500,NA,11.96,36,0,-500,15033,3.96,2.95,38148,1.09,-4.69,15747,-1.56,-2.78,134.85,0.31,10.93
2026-08-03,Monthly,2022-04-01,2022-04-30,23,State,Oklahoma,4721,-1.54,-3,230000,NA,14.36,14,800,-800,5346,3.87,6.27,12573,2.65,-2.51,5060,-1.31,-9.56,134.61,2.35,16.71
2026-08-03,Monthly,2022-04-01,2022-04-30,24,State,Oregon,5716,-2.14,-3.22,511150,NA,14.96,11,100,-100,6040,-3.95,-3.74,14598,-1.1,-1.46,5798,-4.83,-8.3,291.7,0.08,13.85
2026-08-03,Monthly,2022-04-01,2022-04-30,26,State,Pennsylvania,13142,-2.2,-2.6,255000,NA,8.51,34,-100,-700,14304,-1.64,-6.83,41338,-0.9,-8.57,13545,-4.12,-11.44,161.34,0.78,11.14
2026-08-03,Monthly,2022-04-01,2022-04-30,58,State,Puerto Rico,NA,NA,NA,NA,NA,NA,NA,NA,NA,NA,NA,NA,NA,NA,NA,NA,NA,NA,NA,NA,NA
2026-08-03,Monthly,2022-04-01,2022-04-30,28,State,Rhode Island,1248,-0.91,-10.42,400000,NA,17.68,19,0,-900,1337,-3.96,-9.15,3200,-3.7,-19.69,1261,-4.21,-16.3,223.64,0.4,15.36
2026-08-03,Monthly,2022-04-01,2022-04-30,30,State,South Carolina,8679,-2.46,-8.71,320000,NA,18.52,46,100,-1200,9408,2.65,-2.3,29813,0.36,-14.03,8842,-3.72,-14.53,177.63,1.98,20.3
2026-08-03,Monthly,2022-04-01,2022-04-30,32,State,South Dakota,857,2.51,-1.81,299000,NA,22.09,51,500,-1000,921,10.86,-0.18,3033,3.11,-16.53,881,-2.89,-4.5,166.91,2.4,15.39
2026-08-03,Monthly,2022-04-01,2022-04-30,34,State,Tennessee,10130,-1.2,-1.21,345777,NA,23.05,37,200,-600,10708,3.55,7.48,29206,1.51,-3.53,11094,-2.03,-7.07,190.24,0.79,23.01
2026-08-03,Monthly,2022-04-01,2022-04-30,36,State,Texas,31427,-3.53,-3.92,350000,NA,19.45,22,100,-600,39200,1.68,5.94,93149,2.91,1.7,36285,-1.06,-8.22,176.62,1.58,19.45
2026-08-03,Monthly,2022-04-01,2022-04-30,38,State,Utah,3999,0.62,-6.88,533500,NA,24.07,16,300,100,4766,0.93,6.18,10373,5.45,8.75,4281,-0.22,-4.37,239.63,1.11,19.7
2026-08-03,Monthly,2022-04-01,2022-04-30,40,State,Vermont,771,-2.05,-19.83,385000,NA,28.76,30,-1100,-3100,791,-12.39,-20.06,2544,-4.38,-31.35,834,-7.47,-27.41,205.8,1.36,13.38
2026-08-03,Monthly,2022-04-01,2022-04-30,42,State,Virginia,11424,-3.26,-13.33,389900,NA,9.83,19,-100,-1100,12170,0.34,-6.9,28898,0.62,-14.07,11948,0.76,-9.14,197.6,1.35,11.4
2026-08-03,Monthly,2022-04-01,2022-04-30,44,State,Washington,10433,-0.45,-4.57,617000,NA,17.52,9,200,100,11272,-1.96,-2.4,22339,0.15,-1.01,10583,-4.17,-9.87,323.45,0.87,13.46
2026-08-03,Monthly,2022-04-01,2022-04-30,46,State,West Virginia,1292,-0.87,-6.98,216000,NA,16.76,51,-300,-1500,1360,1.68,2.28,4642,0.54,-10.18,1268,-0.84,-9.73,122.26,0.5,8.94
2026-08-03,Monthly,2022-04-01,2022-04-30,48,State,Wisconsin,6766,-3.3,-10.3,268000,NA,13.56,48,0,-400,7323,4.43,-3.27,21799,-0.21,-9.07,7198,1,-6.08,155.69,0.16,11.98
2026-08-03,Monthly,2022-04-01,2022-04-30,50,State,Wyoming,763,-1.06,-16.2,311000,NA,14.13,55,200,-1100,853,NA,-12.78,2787,-1.85,-19.53,759,-0.59,-16.29,160.88,-0.47,17.09
2026-08-03,Monthly,2022-03-01,2022-03-31,1,State,Alabama,6826,2.81,0.38,269000,NA,14.47,40,0,-1200,6525,1.46,5.46,20753,-1.03,-9.97,7138,-8.61,-0.89,142.05,0.81,15.67
2026-08-03,Monthly,2022-03-01,2022-03-31,3,State,Alaska,906,-9.25,-10.45,335000,NA,11.85,24,400,-400,1021,1.74,0.21,2637,2.25,-13.36,1022,-6.78,-15.83,209.63,1.82,11.85
2026-08-03,Monthly,2022-03-01,2022-03-31,5,State,Arizona,11000,-2.8,-11.54,446000,NA,27.43,30,100,-300,12841,1.14,1.81,29161,-0.55,-3.46,11439,-7.66,-5.34,262.12,2.01,25.72
2026-08-03,Monthly,2022-03-01,2022-03-31,7,State,Arkansas,3900,1.7,2.75,230000,NA,21.12,34,0,-1800,4168,1.21,1.66,11977,-0.34,-13.9,4061,2.4,-14.08,132.59,0.04,13.91
2026-08-03,Monthly,2022-03-01,2022-03-31,9,State,California,33680,1.79,-5.77,730000,NA,14.06,18,0,-900,37551,-0.46,-4.45,86531,2.06,-9.03,36175,2.45,-10.77,443.96,0.36,11.78
2026-08-03,Monthly,2022-03-01,2022-03-31,11,State,Colorado,9170,-2.92,-14.89,549000,NA,20.93,16,500,-1200,10501,2.4,-0.53,24548,2.31,-10.34,9474,4.04,-11.75,261.3,1.36,14.29
2026-08-03,Monthly,2022-03-01,2022-03-31,17,State,Columbia,868,-4.39,-10.21,665000,NA,4.72,29,200,0,1042,-3.8,0.04,3167,1.6,-2.65,952,-2.25,-9.96,526.65,1.34,-1.82
2026-08-03,Monthly,2022-03-01,2022-03-31,13,State,Connecticut,4392,-2.69,-13.42,310000,NA,6.9,40,-400,-1300,4752,0.08,-14.19,13052,0.94,-26.21,5177,-0.78,-19.64,187.44,0.2,9.39
2026-08-03,Monthly,2022-03-01,2022-03-31,15,State,Delaware,1507,-4.93,-0.12,325000,NA,14.04,21,-100,-500,1581,1.59,0.25,4013,0.55,-5.17,1609,0.01,-6.61,188.7,3.91,15.34
2026-08-03,Monthly,2022-03-01,2022-03-31,19,State,Florida,40014,-4.47,-10.7,370000,NA,24.03,21,0,-2000,46429,0.04,0.88,107865,0.71,-18.42,44206,-4.38,-18.23,236.31,2.82,26.38
2026-08-03,Monthly,2022-03-01,2022-03-31,21,State,Georgia,14930,-2.18,-8.21,334900,NA,21.53,23,0,-800,16613,-4.74,1.45,46411,-0.13,-2.53,16595,-6.03,-7.63,167.19,1.73,21.13
2026-08-03,Monthly,2022-03-01,2022-03-31,25,State,Hawaii,1594,-4.52,-6.42,713000,NA,15.93,50,-400,-1700,1664,-6.91,-0.77,5955,0.25,-13.61,1614,-4.41,-15.55,666.73,-0.38,16.47
2026-08-03,Monthly,2022-03-01,2022-03-31,27,State,Idaho,2867,-3.46,-6.24,488439,NA,19.13,18,-400,-600,3241,-2.95,0.65,8361,3.17,-8.85,2893,-4.6,-2.1,271.18,-0.96,16.41
2026-08-03,Monthly,2022-03-01,2022-03-31,29,State,Illinois,15328,-3.32,-4.35,261000,NA,4.4,44,500,1400,17070,1.77,-5.4,54830,6.42,11.05,16615,-2.24,-5.14,160.51,1.25,6.92
2026-08-03,Monthly,2022-03-01,2022-03-31,31,State,Indiana,8347,-2.08,-3.09,222000,NA,16.84,29,100,-1100,8641,2.66,6.85,20668,1.22,-5.85,8857,0.86,4.28,128.39,-0.02,14.79
2026-08-03,Monthly,2022-03-01,2022-03-31,33,State,Iowa,3870,-2.36,-2.33,200000,NA,11.73,44,-100,-800,3914,-6.08,-0.21,12356,0.73,-7.69,3702,-3.36,-6.72,139.87,-1.43,9.09
2026-08-03,Monthly,2022-03-01,2022-03-31,35,State,Kansas,3171,-1.86,-1.52,230000,NA,6.98,34,0,-1000,3408,-4.44,-5.16,9536,-2.1,-10.01,3218,-3.5,-7.65,127.29,-0.03,10.73
2026-08-03,Monthly,2022-03-01,2022-03-31,37,State,Kentucky,4658,-2.5,-4.96,225000,NA,14.21,30,0,-600,5084,0.95,2.47,13477,0.62,-1.99,5436,8.4,8.98,140.46,0.58,13.55
2026-08-03,Monthly,2022-03-01,2022-03-31,39,State,Louisiana,4728,-7.54,1.34,240000,NA,6.67,31,-400,-1800,4985,-2.79,3.72,15369,-0.07,-11.51,4830,-6.6,2.8,137.91,0.27,10.44
2026-08-03,Monthly,2022-03-01,2022-03-31,41,State,Maine,1726,-2.64,-15.79,320000,NA,16.36,16,-200,-800,1944,-2.35,-15.82,5299,2.14,-16.28,1975,1.05,-19.59,203.71,0.4,12.53
2026-08-03,Monthly,2022-03-01,2022-03-31,43,State,Maryland,8273,0.42,-4,374500,NA,9.99,18,-500,-300,8334,-3.91,-6.78,19855,1.6,-8.27,8718,-4.57,-15.02,203.51,-0.9,7.83
2026-08-03,Monthly,2022-03-01,2022-03-31,45,State,Massachusetts,6820,-1.86,-11.75,529000,NA,11.37,20,0,-200,7976,-1.56,-7.44,17372,2.66,-17.25,7778,2.01,-11.78,317.34,1.96,12.3
2026-08-03,Monthly,2022-03-01,2022-03-31,47,State,Michigan,12237,-0.9,-8.73,220000,NA,9.29,19,0,-500,14062,0.38,-0.27,35219,0.82,-1.09,13039,-0.22,-7.18,141.07,0.86,11.11
2026-08-03,Monthly,2022-03-01,2022-03-31,49,State,Minnesota,7292,-0.43,-9.3,322000,NA,9.15,19,0,-200,7965,-0.19,-7.71,16163,NA,-8.99,7529,-1.67,-12.29,177.66,1.44,11.34
2026-08-03,Monthly,2022-03-01,2022-03-31,51,State,Mississippi,2224,-4.16,-3.76,227500,NA,9.9,22,0,-3600,2419,1.46,4.38,6951,-1.75,-25.28,2273,-7.59,8.49,131.82,0.71,15.47
2026-08-03,Monthly,2022-03-01,2022-03-31,2,State,Missouri,8120,-0.47,-6.71,225000,NA,10.84,30,100,-700,8177,-0.78,-5.64,21815,-0.2,-7.4,8351,-1.88,-9.5,136.98,0.41,12.29
2026-08-03,Monthly,2022-03-01,2022-03-31,4,State,Montana,1233,-1.96,-16.26,449000,NA,21.35,48,-800,-1000,1297,-10.9,-14.2,5390,-0.96,-12.59,1193,-4.16,-19.84,255.64,-1.22,20.59
2026-08-03,Monthly,2022-03-01,2022-03-31,6,State,Nebraska,2007,-3.1,2.82,252000,NA,12.5,13,-200,-1200,2036,-12.43,-1.63,5148,-2.07,-9.65,1892,-8.27,-10.66,138.02,2.06,11.59
2026-08-03,Monthly,2022-03-01,2022-03-31,8,State,Nevada,4792,-2.3,-9.64,436924,NA,25.19,19,500,-1500,5288,-3.06,-1.56,12855,-0.59,-9.79,5260,-4.24,-9.24,258.14,1,24.47
2026-08-03,Monthly,2022-03-01,2022-03-31,10,State,New Hampshire,1683,-2.07,-16.45,409000,NA,22.09,27,0,-900,1937,-1.13,-11.46,4715,4.74,-17.31,1934,2.95,-19.54,227.94,1.95,17.15
2026-08-03,Monthly,2022-03-01,2022-03-31,12,State,New Jersey,10104,-4.19,-15.73,405000,NA,8,54,-500,-900,11105,-3.22,-10.53,39005,1.05,-14.56,10964,0.2,-15.33,250.35,-0.23,8.44
2026-08-03,Monthly,2022-03-01,2022-03-31,14,State,New Mexico,2207,-0.71,-10.26,295000,NA,15.69,36,100,-400,2215,-6.08,-9.2,6897,0.83,-10.64,2258,-1.81,-12.95,176.11,1.39,16.08
2026-08-03,Monthly,2022-03-01,2022-03-31,16,State,New York,14499,-2.74,-6.13,450000,NA,11.11,37,-200,-1600,15983,0.43,-3.83,54047,1.15,-17.39,15146,-0.76,-5.97,237.43,0.07,10.83
2026-08-03,Monthly,2022-03-01,2022-03-31,18,State,North Carolina,15380,-4.12,-6.83,335000,NA,19.64,38,100,-900,15318,-0.58,-6.85,46508,-0.69,-14.59,15156,-2.56,-13.82,181.64,1.72,21.36
2026-08-03,Monthly,2022-03-01,2022-03-31,20,State,North Dakota,664,-5.47,-21.77,246950,NA,8.31,66,-300,-1900,761,-2.58,-16.72,3086,0.8,-18.06,578,-4.65,-25.5,132.35,1.99,7.46
2026-08-03,Monthly,2022-03-01,2022-03-31,22,State,Ohio,12627,-3.41,-4.01,200000,NA,11.11,36,0,-600,14460,4.96,-0.56,37736,1.03,-5.94,15996,3.31,-1.34,134.43,0.26,11.8
2026-08-03,Monthly,2022-03-01,2022-03-31,23,State,Oklahoma,4794,-4.74,0.8,223000,NA,11.5,6,100,-1600,5147,6.77,1.3,12248,1.73,-8.31,5127,2.11,-7.2,131.52,-0.27,14.09
2026-08-03,Monthly,2022-03-01,2022-03-31,24,State,Oregon,5841,2.68,2.34,500000,NA,14.94,10,-300,-500,6289,-8.07,-0.78,14761,0.56,-3.41,6092,-5.85,-3.98,291.45,0.75,17
2026-08-03,Monthly,2022-03-01,2022-03-31,26,State,Pennsylvania,13437,-3.25,-2.48,250000,NA,9.17,35,-200,-700,14543,-1.28,-1.44,41714,-0.04,-6.98,14127,-1.38,-6.87,160.08,-0.28,11.78
2026-08-03,Monthly,2022-03-01,2022-03-31,58,State,Puerto Rico,NA,NA,NA,NA,NA,NA,NA,NA,NA,NA,NA,NA,NA,NA,NA,NA,NA,NA,NA,NA,NA
2026-08-03,Monthly,2022-03-01,2022-03-31,28,State,Rhode Island,1259,-7.48,-11.76,375000,NA,15.37,20,-600,-1300,1393,-3.53,-11.61,3323,1.52,-20.46,1317,-0.04,-17.31,222.74,1.13,16.15
2026-08-03,Monthly,2022-03-01,2022-03-31,30,State,South Carolina,8898,-1.71,-6.21,313790,NA,18.46,45,200,-1100,9165,-3.84,-4.33,29707,-0.75,-15.98,9184,-2.35,-13.21,174.18,1.9,19.34
2026-08-03,Monthly,2022-03-01,2022-03-31,32,State,South Dakota,836,-9.34,-10.02,288000,NA,22.55,46,-100,-1200,831,-18.14,-16.32,2942,-2.6,-18.66,907,-3.45,-3.88,163.01,-1.58,12.75
2026-08-03,Monthly,2022-03-01,2022-03-31,34,State,Tennessee,10253,0.9,0.59,330000,NA,20,36,300,-900,10341,0.74,6.43,28771,0.61,-7.5,11324,-0.55,-7.66,188.75,2.1,22.56
2026-08-03,Monthly,2022-03-01,2022-03-31,36,State,Texas,32578,-0.66,-0.22,336000,NA,17.89,22,-100,-1000,38552,0.86,5.11,90512,-0.84,-3.36,36675,-2.54,-7.5,173.88,1.18,19.64
2026-08-03,Monthly,2022-03-01,2022-03-31,38,State,Utah,3975,1.06,0.19,520000,NA,27.45,12,1300,0,4722,2.82,4.84,9836,3.27,0.49,4291,0.66,-6.9,237,1.77,20.97
2026-08-03,Monthly,2022-03-01,2022-03-31,40,State,Vermont,788,-0.6,-18.84,330000,NA,20,41,0,-2000,903,2.08,-12.27,2660,4.84,-28.92,901,-0.33,-23.34,203.04,-2.55,13.47
2026-08-03,Monthly,2022-03-01,2022-03-31,42,State,Virginia,11808,-0.07,-9.01,373000,NA,12.36,20,-300,-1000,12129,-3.21,-3.75,28719,2.07,-13.93,11858,-5.04,-12.56,194.97,0.72,11.6
2026-08-03,Monthly,2022-03-01,2022-03-31,44,State,Washington,10480,12.68,-2.14,601000,NA,17.42,7,200,-100,11498,-4.79,-0.4,22306,2.66,-3.93,11044,-0.5,-7.01,320.66,0.04,14.38
2026-08-03,Monthly,2022-03-01,2022-03-31,46,State,West Virginia,1303,-9.73,-1.29,205000,NA,10.81,54,-200,-900,1337,-2.38,-4.84,4617,0.24,-10.48,1278,-10.82,-6.35,121.65,0.53,9.06
2026-08-03,Monthly,2022-03-01,2022-03-31,48,State,Wisconsin,6997,-1.22,-5.06,255000,NA,10.87,48,0,-400,7012,-3.23,-7.9,21845,-0.23,-8.51,7127,-2.43,-11.58,155.44,1.75,13.99
2026-08-03,Monthly,2022-03-01,2022-03-31,50,State,Wyoming,771,2.56,-10.47,299250,NA,15.54,53,200,-1400,773,NA,-7.98,2840,1.38,-17.54,764,2.23,-11.34,161.64,3.04,15.32
2026-08-03,Monthly,2022-02-01,2022-02-28,1,State,Alabama,6640,-3.9,1.72,260000,NA,14.88,41,-600,-1300,6431,0.99,3.05,20968,-1.94,-9.29,7810,7.65,19.2,140.91,1.79,14.4
2026-08-03,Monthly,2022-02-01,2022-02-28,3,State,Alaska,998,-9.71,0.91,325000,NA,12.31,20,-300,-1000,1004,11.79,-9.14,2579,2.28,-18.8,1096,-0.32,-14.72,205.89,0.92,11.92
2026-08-03,Monthly,2022-02-01,2022-02-28,5,State,Arizona,11317,-5.88,-8.45,433500,NA,27.5,30,-300,-300,12696,-0.73,-0.33,29323,-2.61,-3.64,12388,-7.79,-3.14,256.95,2.25,27.63
2026-08-03,Monthly,2022-02-01,2022-02-28,7,State,Arkansas,3834,-5.75,6.77,225000,NA,16.88,33,-300,-1500,4118,-2.75,24.68,12018,-2.86,-10.42,3966,-5.16,-3.14,132.53,3.41,13.22
2026-08-03,Monthly,2022-02-01,2022-02-28,9,State,California,33089,-9.63,-8.54,685000,NA,12.85,19,-300,-900,37723,1.2,-2.69,84781,1.96,-11.42,35311,-1.5,-12.77,442.36,0.72,12.47
2026-08-03,Monthly,2022-02-01,2022-02-28,11,State,Colorado,9445,-13.05,-12.97,525000,NA,20.69,11,-500,-1400,10255,-1.42,-9.14,23994,-1.32,-14.65,9107,-2.48,-12.38,257.79,1.51,14.37
2026-08-03,Monthly,2022-02-01,2022-02-28,17,State,Columbia,908,0.13,-3.25,657250,NA,3.5,27,-1000,200,1083,-0.07,-1.56,3117,0.01,-6.81,973,-2.74,-6.31,519.69,-5.16,-5.76
2026-08-03,Monthly,2022-02-01,2022-02-28,13,State,Connecticut,4513,-6.46,-11.35,300000,NA,6.01,44,0,-900,4749,6.13,-6.81,12931,-2.5,-26.16,5217,-3.67,-17.81,187.07,1.01,10.68
2026-08-03,Monthly,2022-02-01,2022-02-28,15,State,Delaware,1585,-6.85,-1.5,325000,NA,17.76,22,-100,-400,1556,-0.49,7.99,3991,-0.7,-6.65,1609,1.32,-0.48,181.61,-2.53,13.91
2026-08-03,Monthly,2022-02-01,2022-02-28,19,State,Florida,41887,-12.92,-4.71,356000,NA,23.18,21,-300,-1900,46412,2.2,2.51,107101,-2.73,-22.11,46231,-5.8,-11.47,229.83,3.3,26.59
2026-08-03,Monthly,2022-02-01,2022-02-28,21,State,Georgia,15263,-4.77,-4.65,320000,NA,20.98,23,-200,-900,17439,2.73,5.66,46472,-0.76,-4.5,17661,-4.83,-2.02,164.34,1.11,20.85
2026-08-03,Monthly,2022-02-01,2022-02-28,25,State,Hawaii,1670,-9.52,-1.62,700000,NA,9.72,54,-300,-1300,1788,10.88,12.42,5940,-0.51,-15.38,1688,-10.02,-9.44,669.26,2.43,15.38
2026-08-03,Monthly,2022-02-01,2022-02-28,27,State,Idaho,2970,-15.04,0.54,475000,NA,22.74,22,-500,-200,3339,-1.48,-1.43,8104,-0.61,-10.25,3033,-8.58,6.73,273.81,2.42,21.46
2026-08-03,Monthly,2022-02-01,2022-02-28,29,State,Illinois,15855,-13.06,1.55,240000,NA,5.03,39,900,600,16773,-3.98,7.72,51524,3.6,3.34,16997,-5.52,-1.53,158.53,0.73,6.72
2026-08-03,Monthly,2022-02-01,2022-02-28,31,State,Indiana,8524,-10.41,-3.31,215000,NA,17.55,27,-200,-1100,8418,-3.03,16.5,20420,-2.23,-5.85,8782,-5.86,3.09,128.41,-0.16,16.72
2026-08-03,Monthly,2022-02-01,2022-02-28,33,State,Iowa,3963,-6.82,1.82,183000,NA,4.57,45,-200,-900,4167,6.09,8.19,12266,-1.25,-6.66,3831,-5.44,-0.36,141.91,2.88,6.41
2026-08-03,Monthly,2022-02-01,2022-02-28,35,State,Kansas,3232,-16.67,-4.23,210000,NA,6.6,35,-400,-800,3567,4.76,9.42,9741,-1.24,-6.68,3335,-3.94,-1.88,127.32,1.1,9.96
2026-08-03,Monthly,2022-02-01,2022-02-28,37,State,Kentucky,4778,-4.79,-2.7,216250,NA,11.9,30,-200,-400,5036,4.33,11.22,13395,-1.61,-2.16,5015,-1.17,4.48,139.65,0.08,11.49
2026-08-03,Monthly,2022-02-01,2022-02-28,39,State,Louisiana,5114,-4.53,14.54,240000,NA,9.14,35,-500,-1400,5128,-0.38,11.7,15380,-3.67,-10.53,5172,-7.52,13.64,137.54,1.1,8.19
2026-08-03,Monthly,2022-02-01,2022-02-28,41,State,Maine,1773,-10.99,-12.48,291500,NA,16.6,17,-100,-800,1990,5.08,-15.33,5188,-0.97,-17.91,1954,-7.04,-16.5,202.89,-0.11,12.74
2026-08-03,Monthly,2022-02-01,2022-02-28,43,State,Maryland,8239,-9.09,-9.79,355000,NA,10.94,23,0,200,8672,3.93,1.39,19541,-1.78,-6.3,9135,0.61,-8.62,205.35,1.33,9.53
2026-08-03,Monthly,2022-02-01,2022-02-28,45,State,Massachusetts,6949,-6.88,-11.85,485000,NA,7.78,20,0,-1000,8102,4.65,-3.77,16922,0.2,-20.28,7625,2.57,-12.61,311.22,-1.15,8.76
2026-08-03,Monthly,2022-02-01,2022-02-28,47,State,Michigan,12347,-4.51,-8.36,210000,NA,12.9,19,-200,-500,14009,-0.02,-0.36,34933,0.28,-2.68,13068,-2.75,-6.17,139.87,0.98,10.87
2026-08-03,Monthly,2022-02-01,2022-02-28,49,State,Minnesota,7324,-7.55,-10.92,305000,NA,8.16,18,-300,-400,7981,-0.19,-6.52,13060,NA,-10.74,7656,-0.08,-8.35,175.14,0.27,9.75
2026-08-03,Monthly,2022-02-01,2022-02-28,51,State,Mississippi,2320,-3.68,4.63,230000,NA,15,22,-400,-3800,2384,-2.09,21.34,7075,-2.64,-23.86,2459,-2.34,24.54,130.9,0.83,15.04
2026-08-03,Monthly,2022-02-01,2022-02-28,2,State,Missouri,8159,-4.28,-6.34,220000,NA,11.11,29,-200,-600,8241,-2.64,3.24,21859,-1.79,-6.85,8511,-4.3,-3.7,136.41,0.66,12.92
2026-08-03,Monthly,2022-02-01,2022-02-28,4,State,Montana,1258,-10.79,-9.78,439900,NA,26.24,56,-300,-500,1456,-2.85,-4.85,5442,0.02,-11.39,1244,-7.38,-10.97,258.8,-1,22.45
2026-08-03,Monthly,2022-02-01,2022-02-28,6,State,Nebraska,2072,-8.72,4.78,240000,NA,10.6,15,-400,-700,2325,9.17,15.34,5257,1.71,-6.79,2062,1.58,6.44,135.23,-1.42,10.09
2026-08-03,Monthly,2022-02-01,2022-02-28,8,State,Nevada,4905,-14.28,-8.74,430000,NA,24.64,14,-500,-1700,5455,2.51,1.4,12932,-1.47,-12.91,5492,-8.36,-17.44,255.59,2.59,26.57
2026-08-03,Monthly,2022-02-01,2022-02-28,10,State,New Hampshire,1718,-15.21,-20.4,375000,NA,13.64,27,0,-900,1959,3.51,-8.98,4501,-0.1,-21.17,1879,-0.44,-19.49,223.59,2.07,14.21
2026-08-03,Monthly,2022-02-01,2022-02-28,12,State,New Jersey,10545,-12.11,-14.08,397500,NA,8.9,59,-100,-300,11475,7.32,1.57,38600,-0.98,-16.33,10942,-6.2,-15,250.94,0.33,10.78
2026-08-03,Monthly,2022-02-01,2022-02-28,14,State,New Mexico,2223,-17.26,-9.45,295000,NA,18,36,-400,-500,2358,1.99,-6.25,6840,0.75,-10.4,2299,-2.39,-9.95,173.7,0.89,15.59
2026-08-03,Monthly,2022-02-01,2022-02-28,16,State,New York,14908,-8.21,-3.11,450000,NA,15.36,39,0,-1200,15914,0.67,-4.19,53434,-2.19,-20.11,15261,-0.23,-4.84,237.27,0.63,9.96
2026-08-03,Monthly,2022-02-01,2022-02-28,18,State,North Carolina,16040,-11.95,-1.76,325000,NA,20.15,36,-300,-900,15407,-0.06,-6.19,46833,-1.98,-14.85,15555,-3.06,-7.08,178.58,1.24,20.67
2026-08-03,Monthly,2022-02-01,2022-02-28,20,State,North Dakota,702,-19.86,-9.09,245000,NA,6.52,69,-100,-1100,781,2.73,-1.1,3062,-2.64,-16.53,606,-24.7,-16.82,129.77,0.11,6.39
2026-08-03,Monthly,2022-02-01,2022-02-28,22,State,Ohio,13073,-16.36,-0.73,190000,NA,11.83,36,0,-600,13777,-3.8,0.97,37352,-2.81,-7.27,15483,-5.67,-1.97,134.09,1.07,12.75
2026-08-03,Monthly,2022-02-01,2022-02-28,23,State,Oklahoma,5033,-17.69,7.31,215000,NA,11.11,5,-600,-1800,4821,-5.25,18.3,12040,-5.54,-6.54,5021,-13.1,10.59,131.87,0.97,13.32
2026-08-03,Monthly,2022-02-01,2022-02-28,24,State,Oregon,5689,-13.94,-0.72,478000,NA,13.81,13,-200,-400,6841,6.42,10.37,14678,3.49,-2.17,6471,2.52,11.36,289.28,0.38,16.71
2026-08-03,Monthly,2022-02-01,2022-02-28,26,State,Pennsylvania,13888,-12.48,-0.44,232000,NA,7.91,37,0,-300,14732,4.12,6.36,41731,-0.57,-5.83,14324,-2.45,-1.57,160.53,0.76,11.98
2026-08-03,Monthly,2022-02-01,2022-02-28,58,State,Puerto Rico,NA,NA,NA,NA,NA,NA,NA,NA,NA,NA,NA,NA,NA,NA,NA,NA,NA,NA,NA,NA,NA
2026-08-03,Monthly,2022-02-01,2022-02-28,28,State,Rhode Island,1361,-14.41,-9.46,367500,NA,18.36,26,-200,-600,1444,4.92,-3.83,3274,-4.21,-20.37,1317,-7.67,-12.16,220.25,-1.07,13.56
2026-08-03,Monthly,2022-02-01,2022-02-28,30,State,South Carolina,9052,-5.03,-3.76,302845,NA,17.38,43,-400,-1800,9531,2.58,0.18,29931,-2.01,-16.09,9404,-4.63,-9.56,170.93,-0.29,18.59
2026-08-03,Monthly,2022-02-01,2022-02-28,32,State,South Dakota,922,-16.02,-10.94,274900,NA,16.48,47,-600,-900,1015,2,10.15,3020,1.1,-13.75,940,-3.65,-3.29,165.62,0,17.15
2026-08-03,Monthly,2022-02-01,2022-02-28,34,State,Tennessee,10162,-6.53,1.87,325000,NA,24.05,32,-500,-700,10265,7.97,2.46,28597,-1.42,-11.06,11387,-0.72,-4.45,184.86,2.39,21.63
2026-08-03,Monthly,2022-02-01,2022-02-28,36,State,Texas,32794,-14.05,13.07,325680,NA,18.43,22,-100,-600,38223,0.66,24.02,91278,-2.86,-3.4,37632,-4.02,8.1,171.85,1.97,20.51
2026-08-03,Monthly,2022-02-01,2022-02-28,38,State,Utah,3933,-11.23,-4.35,500000,NA,29.2,-1,-800,-700,4593,4.27,6.13,9525,2.1,-3.25,4262,2.14,-4.79,232.88,2.12,21.96
2026-08-03,Monthly,2022-02-01,2022-02-28,40,State,Vermont,792,-12.54,-20.55,305000,NA,12.96,41,-700,-2300,885,12.86,-7.63,2537,-1.01,-32.23,904,2.24,-23.54,208.35,4.44,22.72
2026-08-03,Monthly,2022-02-01,2022-02-28,42,State,Virginia,11817,-5.73,-8.89,347000,NA,8.44,23,-300,-500,12530,12.82,1.48,28136,0.88,-14.68,12487,4.45,-2.07,193.59,0.8,11.33
2026-08-03,Monthly,2022-02-01,2022-02-28,44,State,Washington,9301,-16.72,-11.75,560000,NA,16.67,5,-100,-100,12076,16.46,4.37,21728,6.22,-7.06,11099,8.5,-1.44,320.52,1.01,16.46
2026-08-03,Monthly,2022-02-01,2022-02-28,46,State,West Virginia,1444,-6.6,7.64,190000,NA,8.88,56,-200,-1000,1370,18.09,24.67,4606,-1.91,-8.55,1433,-5.23,2.24,121.01,0.72,9.73
2026-08-03,Monthly,2022-02-01,2022-02-28,48,State,Wisconsin,7083,-4.62,-5.36,235000,NA,9.35,48,-100,-500,7246,0.56,0.78,21895,-1.66,-8.2,7304,-3.26,-5.63,152.77,1.24,13.16
2026-08-03,Monthly,2022-02-01,2022-02-28,50,State,Wyoming,752,-7.14,-11.44,295000,NA,13.46,51,-300,-1800,607,NA,-10.87,2801,1.15,-19.55,747,-5.8,-12.83,156.86,5.61,10.88
2026-08-03,Monthly,2022-01-01,2022-01-31,1,State,Alabama,6909,-3.9,3.38,250000,NA,13.69,47,-100,-700,6368,-8.01,-0.49,21383,-2.39,-8.69,7256,-7.66,4.17,138.44,-0.46,13.49
2026-08-03,Monthly,2022-01-01,2022-01-31,3,State,Alaska,1106,1.35,0.53,319900,NA,8.64,23,-200,-600,898,-2.99,-21.28,2522,-1.67,-23.63,1100,9.17,-17.86,204.01,1.01,10.48
2026-08-03,Monthly,2022-01-01,2022-01-31,5,State,Arizona,12023,0.77,-6.13,420000,NA,26.89,33,-100,-300,12790,-3.34,3.64,30110,-2.73,-3.11,13434,-6.47,1.29,251.29,1.08,26.72
2026-08-03,Monthly,2022-01-01,2022-01-31,7,State,Arkansas,4068,-2.92,6.88,216119,NA,17.46,36,-800,-1600,4235,-5.71,6.61,12372,-3.21,-9.42,4182,-0.91,0.4,128.16,-1.89,12.41
2026-08-03,Monthly,2022-01-01,2022-01-31,9,State,California,36616,2.37,-7.01,660000,NA,12.9,21,-200,-500,37277,0.73,-2.09,83147,0.09,-15.36,35848,4.42,-11.31,439.2,0.15,12.79
2026-08-03,Monthly,2022-01-01,2022-01-31,11,State,Colorado,10862,0.19,-1.58,490782,NA,15.8,16,-200,-700,10402,-8.85,-10.59,24316,-0.43,-13.81,9338,-25.87,-9.22,253.97,2.31,12.22
2026-08-03,Monthly,2022-01-01,2022-01-31,17,State,Columbia,907,-0.41,-3.4,645000,NA,4.89,37,300,1100,1084,5.87,-9.16,3117,-1.91,-7.65,1001,3.87,-3.49,547.97,-0.02,2.2
2026-08-03,Monthly,2022-01-01,2022-01-31,13,State,Connecticut,4825,3.33,-8.6,300000,NA,4.35,44,-100,-800,4475,-9.47,-17.14,13262,-5.71,-27.5,5416,-4.35,-16.66,185.19,-1.09,9.21
2026-08-03,Monthly,2022-01-01,2022-01-31,15,State,Delaware,1701,3.07,-5.85,330500,NA,20.23,23,0,-400,1564,-2.43,-3.18,4020,0.42,-9.21,1588,-7.95,-11.08,186.32,3.88,16.88
2026-08-03,Monthly,2022-01-01,2022-01-31,19,State,Florida,48102,9.16,2.71,350000,NA,23.17,24,-300,-1900,45411,-1.76,1.15,110105,-4.06,-23.51,49076,-2.41,-6.34,222.49,2.24,25.05
2026-08-03,Monthly,2022-01-01,2022-01-31,21,State,Georgia,16027,1.27,-2.44,310000,NA,19.23,26,0,-800,16975,-11.21,0.76,46826,0.08,-5.82,18557,-6.38,-1.59,162.53,0.39,20.59
2026-08-03,Monthly,2022-01-01,2022-01-31,25,State,Hawaii,1845,11.73,13.71,720000,NA,16.13,57,0,-1200,1612,-4.54,4.18,5971,-1.43,-17.04,1876,4.85,6.99,653.39,2.86,19.06
2026-08-03,Monthly,2022-01-01,2022-01-31,27,State,Idaho,3495,3.47,8.41,460000,NA,22.67,27,0,100,3389,-0.78,1.97,8153,-8.29,-6.05,3318,-46.44,21.64,267.35,2.26,22
2026-08-03,Monthly,2022-01-01,2022-01-31,29,State,Illinois,18236,8.3,7.79,240000,NA,6.43,30,0,-200,17469,-1.33,-0.87,49736,2.7,-7.92,17990,-8.22,-3.29,157.39,-0.27,5.12
2026-08-03,Monthly,2022-01-01,2022-01-31,31,State,Indiana,9515,7.7,5.82,206147,NA,14.53,30,-300,-1100,8681,0.86,7.57,20886,-3.05,-8.17,9329,-4.61,3.55,128.61,1.12,17.53
2026-08-03,Monthly,2022-01-01,2022-01-31,33,State,Iowa,4253,4.92,3.85,184000,NA,5.14,47,-300,-1000,3928,-7.58,2.36,12422,-3.29,-8.1,4051,-3.23,-0.37,137.94,-4.05,9.05
2026-08-03,Monthly,2022-01-01,2022-01-31,35,State,Kansas,3878,4.62,2.35,209000,NA,1.95,38,100,-400,3405,-8.4,-8.31,9864,-3.06,-9.26,3472,-5.91,-1.67,125.94,2.37,10.24
2026-08-03,Monthly,2022-01-01,2022-01-31,37,State,Kentucky,5018,0.94,-0.04,213000,NA,12.82,32,-100,-300,4827,-9.85,-5.74,13613,-2.81,-5.41,5074,-6.4,-4.16,139.53,1.36,13.29
2026-08-03,Monthly,2022-01-01,2022-01-31,39,State,Louisiana,5356,4.43,11.47,230348,NA,7.19,39,-100,-1100,5147,-5.5,6.23,15966,-0.33,-9.26,5592,5.51,21.53,136.04,1.03,11.11
2026-08-03,Monthly,2022-01-01,2022-01-31,41,State,Maine,1992,0.64,-4.8,290000,NA,11.58,18,0,-500,1894,-6.22,-18.41,5239,2.44,-18.4,2103,-1.99,-12.03,203.13,2.06,18.49
2026-08-03,Monthly,2022-01-01,2022-01-31,43,State,Maryland,9063,1.83,-4.42,350000,NA,7.69,24,-100,100,8344,-9.14,-14.66,19895,-3.95,-10.99,9080,-4.51,-13.91,202.65,-0.16,7.4
2026-08-03,Monthly,2022-01-01,2022-01-31,45,State,Massachusetts,7462,2.63,-6.48,500000,NA,10.38,20,0,-300,7742,-4.43,-11.31,16888,0.18,-22.92,7433,-8.12,-15.56,314.85,2.27,11.74
2026-08-03,Monthly,2022-01-01,2022-01-31,47,State,Michigan,12931,0.21,-4.93,201278,NA,8.21,21,-100,-400,14011,0.2,-0.29,34834,-0.59,-4.73,13438,-1.1,-5.44,138.51,-0.4,9.2
2026-08-03,Monthly,2022-01-01,2022-01-31,49,State,Minnesota,7922,-0.23,-6,295000,NA,8.46,21,100,-100,7996,-3.93,-9.4,12376,NA,-11.8,7662,-6.47,-11.66,174.67,1.57,9.97
2026-08-03,Monthly,2022-01-01,2022-01-31,51,State,Mississippi,2409,1.79,1.5,220500,NA,13.13,26,-700,-4000,2435,-6.22,2.74,7267,-1.98,-24.3,2518,7.88,22.38,129.81,2.19,15.87
2026-08-03,Monthly,2022-01-01,2022-01-31,2,State,Missouri,8524,-1.3,-3.34,215000,NA,11.69,30,-200,-500,8464,-4.16,-1.73,22257,-1.46,-8.59,8893,-3.93,-4.83,135.52,0.55,12.2
2026-08-03,Monthly,2022-01-01,2022-01-31,4,State,Montana,1410,-3.99,-4.03,429900,NA,22.83,60,200,-500,1499,1.46,-5.35,5441,-2.75,-12.1,1344,-10.77,-7.06,261.43,5.85,30.94
2026-08-03,Monthly,2022-01-01,2022-01-31,6,State,Nebraska,2270,-2.11,2.65,240000,NA,14.29,19,100,0,2130,-1.57,0.83,5168,0.12,-9.57,2030,-5.16,1.69,137.17,0.83,13.28
2026-08-03,Monthly,2022-01-01,2022-01-31,8,State,Nevada,5722,3.97,2.28,416063,NA,24.2,20,-300,-1500,5321,-6.39,4.28,13125,-0.32,-15.16,5993,-6.06,-6.29,249.14,1.68,24.63
2026-08-03,Monthly,2022-01-01,2022-01-31,10,State,New Hampshire,2026,5.28,-10.84,375000,NA,13.64,27,-200,-1100,1893,-4.62,-15.76,4506,-5.2,-24.53,1887,-6.46,-22.49,219.04,-1.48,11.46
2026-08-03,Monthly,2022-01-01,2022-01-31,12,State,New Jersey,11997,11.09,-7.36,405000,NA,9.16,60,-200,-200,10692,-7.5,-15.6,38983,-3.53,-18.9,11665,-5.47,-12.73,250.12,1.46,10.67
2026-08-03,Monthly,2022-01-01,2022-01-31,14,State,New Mexico,2686,6.89,2.84,286900,NA,15.69,39,-100,-200,2312,-6.55,-10.38,6789,-2.27,-11.99,2356,-3.75,-11.31,172.16,0.74,15.09
2026-08-03,Monthly,2022-01-01,2022-01-31,16,State,New York,16241,9.29,7.13,435000,NA,14.47,39,-200,-1300,15808,-2.24,-10.59,54631,-0.66,-26.86,15297,-5.52,-11.04,235.78,-0.65,8.77
2026-08-03,Monthly,2022-01-01,2022-01-31,18,State,North Carolina,18217,10.2,7.9,317000,NA,17.63,39,-100,-800,15416,-6.87,-7.63,47779,-2.85,-13.95,16046,-16.1,-7.09,176.39,1.82,20.06
2026-08-03,Monthly,2022-01-01,2022-01-31,20,State,North Dakota,877,1.87,10.26,248467,NA,4.95,70,100,-1400,761,-2.17,-12.04,3145,-3.03,-14.95,805,0.35,8.25,129.63,-0.49,6.7
2026-08-03,Monthly,2022-01-01,2022-01-31,22,State,Ohio,15630,3.44,4.99,185000,NA,8.19,35,-200,-700,14321,-6.11,-1.24,38431,-2.19,-6.84,16414,-0.84,1.43,132.67,-0.05,11.71
2026-08-03,Monthly,2022-01-01,2022-01-31,23,State,Oklahoma,6115,11.82,13.64,206000,NA,10.16,11,-100,-1500,5088,-7.47,-0.86,12745,-2.29,-8.62,5778,-1.08,2.69,130.6,0.56,15.72
2026-08-03,Monthly,2022-01-01,2022-01-31,24,State,Oregon,6610,5.52,5.73,456000,NA,11.22,15,-100,-300,6429,-5.23,-3.97,14182,1.07,-6.98,6312,-3.24,-0.57,288.18,1.11,16.45
2026-08-03,Monthly,2022-01-01,2022-01-31,26,State,Pennsylvania,15869,9.54,2.32,235000,NA,7.31,37,-100,-400,14149,-2.88,-5.93,41971,-2.44,-8.9,14684,-3.75,-5.3,159.33,1.51,12.54
2026-08-03,Monthly,2022-01-01,2022-01-31,58,State,Puerto Rico,NA,NA,NA,NA,NA,NA,NA,NA,NA,NA,NA,NA,NA,NA,NA,NA,NA,NA,NA,NA,NA
2026-08-03,Monthly,2022-01-01,2022-01-31,28,State,Rhode Island,1590,8.01,6.14,365000,NA,14.06,28,100,-500,1376,-7.46,-18.33,3417,-2.44,-20.2,1427,-3.69,-15.71,222.64,1.08,14.87
2026-08-03,Monthly,2022-01-01,2022-01-31,30,State,South Carolina,9532,1.06,-0.95,290945,NA,14.1,48,-100,-1400,9292,-4.92,-2.99,30544,-3.89,-15.97,9861,-4.25,-7.01,171.42,1.52,20.89
2026-08-03,Monthly,2022-01-01,2022-01-31,32,State,South Dakota,1098,3.02,-1.1,282250,NA,20.16,53,-200,-1100,995,1.73,-3.95,2987,-8.76,-16.17,975,0.46,0.49,165.62,3.37,20.09
2026-08-03,Monthly,2022-01-01,2022-01-31,34,State,Tennessee,10872,-3.05,3.15,314724,NA,22.46,37,-200,-800,9507,-20.82,-12.44,29008,-3.57,-13.09,11470,-3.6,-6.47,180.55,0.21,19.87
2026-08-03,Monthly,2022-01-01,2022-01-31,36,State,Texas,38154,8.7,5.69,315000,NA,18.87,24,-100,-600,37972,-1.34,4.24,93964,-1.14,-7.93,39210,-1.01,-3.33,168.53,0.11,18.31
2026-08-03,Monthly,2022-01-01,2022-01-31,38,State,Utah,4430,-0.81,-2.01,485000,NA,27.63,7,-200,-400,4405,-0.67,-2.02,9329,2.2,-7.53,4173,-7.48,-13.57,228.04,-0.26,19.54
2026-08-03,Monthly,2022-01-01,2022-01-31,40,State,Vermont,906,7.53,-10.5,319587,NA,16.21,48,-200,-1900,784,-9.63,-19.31,2563,-4.02,-33.45,884,-2.65,-25.61,199.49,1.07,17.49
2026-08-03,Monthly,2022-01-01,2022-01-31,42,State,Virginia,12535,0.43,-4.6,335000,NA,8.06,26,-200,-300,11107,-14.96,-16.58,27890,-6.38,-19.15,11955,-14.58,-13.85,192.04,0.17,11.02
2026-08-03,Monthly,2022-01-01,2022-01-31,44,State,Washington,11168,-3.15,-10.04,530000,NA,16.23,5,-100,-200,10369,-18.94,-13.8,20455,1.96,-13.01,10230,-10.51,-12.5,317.3,1.02,16.98
2026-08-03,Monthly,2022-01-01,2022-01-31,46,State,West Virginia,1546,11.37,3.82,200000,NA,11.11,58,200,-1000,1160,-21.92,-14.86,4696,-7.21,-11.17,1513,-1.95,5.27,120.15,0.51,9.62
2026-08-03,Monthly,2022-01-01,2022-01-31,48,State,Wisconsin,7426,-0.22,-3.08,232000,NA,10.48,49,0,-400,7205,-4.83,-7.06,22264,-3.25,-8.24,7550,-4.29,-9.1,150.9,2.09,11.09
2026-08-03,Monthly,2022-01-01,2022-01-31,50,State,Wyoming,810,-9.06,-6.14,278500,NA,9.22,54,-500,-1000,562,NA,-14.07,2769,-6.74,-20.54,793,-10.35,-9.85,148.53,-6.44,9.09
